CustomerID,first_purchase_date,last_purchase_date,Recency,Frequency,Monetary,customer_tenure,avg_purchase_interval
12346,2011-01-18 10:01:00,2011-01-18 10:01:00,326,1,77183.6,0,0.0
12347,2010-12-07 14:57:00,2011-12-07 15:52:00,2,7,4310.0,365,60.833333333333336
12348,2010-12-16 19:09:00,2011-09-25 13:13:00,75,4,1797.24,282,94.0
12349,2011-11-21 09:51:00,2011-11-21 09:51:00,19,1,1757.55,0,0.0
12350,2011-02-02 16:01:00,2011-02-02 16:01:00,310,1,334.40000000000003,0,0.0
12352,2011-02-16 12:33:00,2011-11-03 14:37:00,36,8,2506.04,260,37.142857142857146
12353,2011-05-19 17:47:00,2011-05-19 17:47:00,204,1,89.0,0,0.0
12354,2011-04-21 13:11:00,2011-04-21 13:11:00,232,1,1079.4,0,0.0
12355,2011-05-09 13:49:00,2011-05-09 13:49:00,214,1,459.40000000000003,0,0.0
12356,2011-01-18 09:50:00,2011-11-17 08:40:00,23,3,2811.43,302,151.0
12357,2011-11-06 16:07:00,2011-11-06 16:07:00,33,1,6207.67,0,0.0
12358,2011-07-12 10:04:00,2011-12-08 10:26:00,2,2,1168.06,149,149.0
12359,2011-01-12 12:43:00,2011-10-13 12:47:00,58,4,6372.58,274,91.33333333333333
12360,2011-05-23 09:43:00,2011-10-18 15:22:00,52,3,2662.06,148,74.0
12361,2011-02-25 13:51:00,2011-02-25 13:51:00,287,1,189.9,0,0.0
12362,2011-02-17 10:30:00,2011-12-06 15:40:00,3,10,5226.2300000000005,292,32.44444444444444
12363,2011-04-11 13:29:00,2011-08-22 10:18:00,110,2,552.0,132,132.0
12364,2011-08-19 15:24:00,2011-12-02 10:22:00,8,4,1313.1,104,34.666666666666664
12365,2011-02-21 13:51:00,2011-02-21 14:04:00,291,2,641.38,0,0.0
12367,2011-12-05 16:48:00,2011-12-05 16:48:00,4,1,168.9,0,0.0
12370,2010-12-14 12:58:00,2011-10-19 14:51:00,51,4,3545.69,309,103.0
12371,2011-10-11 10:43:00,2011-10-26 10:16:00,45,2,1887.96,14,14.0
12372,2011-02-16 12:46:00,2011-09-29 12:12:00,72,3,1298.04,224,112.0
12373,2011-02-01 13:10:00,2011-02-01 13:10:00,311,1,364.6,0,0.0
12374,2011-11-14 15:37:00,2011-11-14 15:37:00,25,1,742.9300000000001,0,0.0
12375,2011-09-02 14:23:00,2011-11-29 10:36:00,11,2,457.5,87,87.0
12377,2010-12-20 09:37:00,2011-01-28 15:45:00,315,2,1628.1200000000001,39,39.0
12378,2011-08-02 10:34:00,2011-08-02 10:34:00,130,1,4008.62,0,0.0
12379,2011-06-22 16:32:00,2011-09-19 10:09:00,82,2,852.24,88,88.0
12380,2011-06-07 09:49:00,2011-11-18 11:27:00,22,4,2724.81,164,54.666666666666664
12381,2011-08-12 09:57:00,2011-12-05 12:44:00,5,5,1845.31,115,28.75
12383,2010-12-22 14:28:00,2011-06-08 08:02:00,185,5,1850.56,167,41.75
12384,2011-08-10 11:23:00,2011-11-11 08:39:00,29,2,585.27,92,92.0
12386,2010-12-08 09:53:00,2011-01-06 12:37:00,338,2,401.9,29,29.0
12388,2011-01-17 11:12:00,2011-11-24 12:30:00,16,6,2780.6600000000003,311,62.2
12390,2011-09-21 09:33:00,2011-09-21 09:33:00,80,1,549.84,0,0.0
12391,2011-11-18 12:07:00,2011-11-18 12:07:00,22,1,460.89,0,0.0
12393,2011-01-11 09:47:00,2011-09-28 15:41:00,72,4,1582.6000000000001,260,86.66666666666667
12394,2011-05-06 14:01:00,2011-10-07 08:08:00,64,2,1272.48,153,153.0
12395,2010-12-03 16:35:00,2011-11-20 15:21:00,19,12,3018.63,351,31.90909090909091
12397,2011-07-27 14:21:00,2011-11-04 09:52:00,36,2,2409.9,99,99.0
12398,2011-10-25 10:27:00,2011-10-25 10:27:00,46,1,1635.6599999999999,0,0.0
12399,2011-03-23 09:42:00,2011-08-12 13:15:00,119,4,1108.65,142,47.333333333333336
12401,2011-02-09 13:50:00,2011-02-09 13:50:00,303,1,84.3,0,0.0
12402,2011-01-20 13:49:00,2011-01-20 13:49:00,323,1,225.60000000000002,0,0.0
12403,2011-10-21 10:51:00,2011-10-21 10:51:00,50,1,427.7,0,0.0
12405,2011-07-14 08:52:00,2011-07-14 08:52:00,149,1,1710.39,0,0.0
12406,2011-06-09 10:23:00,2011-11-17 19:22:00,22,2,3415.3,161,161.0
12407,2011-03-20 13:21:00,2011-10-21 10:11:00,50,5,1708.12,214,53.5
12408,2011-03-24 14:46:00,2011-11-07 12:27:00,33,5,2888.55,227,56.75
12409,2011-06-10 12:19:00,2011-09-22 10:38:00,79,3,11072.67,103,51.5
12410,2011-02-04 10:38:00,2011-02-04 10:39:00,309,2,693.33,0,0.0
12412,2011-06-23 13:51:00,2011-09-26 10:16:00,75,3,1226.88,94,47.0
12413,2011-01-06 16:12:00,2011-10-04 09:00:00,67,3,758.1,270,135.0
12414,2011-02-02 14:51:00,2011-05-06 14:51:00,217,3,562.4100000000001,93,46.5
12415,2011-01-06 11:12:00,2011-11-15 14:22:00,24,21,124914.53,313,15.65
12417,2010-12-17 11:51:00,2011-12-06 14:52:00,3,9,3649.1,354,44.25
12418,2011-08-19 11:08:00,2011-08-19 11:08:00,113,1,668.58,0,0.0
12420,2011-10-07 08:55:00,2011-10-07 08:55:00,64,1,600.39,0,0.0
12421,2011-01-24 15:09:00,2011-11-24 09:07:00,16,4,807.04,303,101.0
12422,2011-01-19 09:13:00,2011-09-05 09:48:00,96,3,803.5600000000001,229,114.5
12423,2010-12-21 10:54:00,2011-12-09 10:10:00,1,8,1859.31,352,50.285714285714285
12424,2011-06-30 12:06:00,2011-06-30 12:06:00,163,2,1760.96,0,0.0
12425,2011-09-22 17:31:00,2011-09-22 17:31:00,78,1,777.2,0,0.0
12426,2011-05-29 12:26:00,2011-05-29 12:26:00,195,1,582.73,0,0.0
12427,2010-12-03 10:44:00,2011-11-18 08:56:00,22,3,825.8000000000001,349,174.5
12428,2011-03-01 09:33:00,2011-11-14 08:22:00,26,9,7956.46,257,32.125
12429,2010-12-09 12:05:00,2011-11-30 17:22:00,9,4,3750.4,356,118.66666666666667
12430,2011-10-27 15:09:00,2011-10-27 15:09:00,43,1,256.4,0,0.0
12431,2010-12-01 10:03:00,2011-11-04 11:55:00,36,15,6487.45,338,24.142857142857142
12432,2011-06-20 13:27:00,2011-10-28 11:43:00,43,5,5059.32,129,32.25
12433,2010-12-01 13:24:00,2011-12-09 10:02:00,1,7,13375.87,372,62.0
12434,2011-03-24 13:05:00,2011-09-16 12:38:00,85,2,806.14,175,175.0
12435,2011-03-17 07:40:00,2011-09-21 09:06:00,80,2,7829.89,188,188.0
12436,2011-09-01 12:09:00,2011-09-01 12:09:00,100,1,509.01,0,0.0
12437,2011-01-12 14:13:00,2011-12-08 11:35:00,2,18,4951.41,329,19.352941176470587
12438,2011-07-22 13:29:00,2011-11-25 13:28:00,14,2,2906.85,125,125.0
12441,2010-12-08 10:45:00,2010-12-08 10:45:00,367,1,173.55,0,0.0
12442,2011-12-06 14:22:00,2011-12-06 14:22:00,3,1,172.06,0,0.0
12444,2011-06-21 14:00:00,2011-11-18 13:23:00,21,5,5005.46,149,37.25
12445,2011-11-17 18:43:00,2011-11-17 18:43:00,22,1,133.4,0,0.0
12446,2011-10-13 12:50:00,2011-10-13 12:50:00,58,1,1002.3100000000001,0,0.0
12447,2011-04-10 13:25:00,2011-04-10 13:25:00,243,1,476.49,0,0.0
12448,2011-10-26 13:46:00,2011-10-26 13:46:00,44,1,449.45,0,0.0
12449,2011-06-05 15:37:00,2011-11-17 13:46:00,22,4,4067.29,164,54.666666666666664
12450,2011-06-19 14:36:00,2011-07-06 14:41:00,156,2,197.88,17,17.0
12451,2011-01-19 09:05:00,2011-11-29 08:40:00,11,5,9035.52,313,78.25
12452,2011-11-23 08:05:00,2011-11-23 10:28:00,17,2,430.57000000000005,0,0.0
12453,2011-07-28 14:08:00,2011-07-28 14:08:00,134,1,707.09,0,0.0
12454,2011-10-14 17:13:00,2011-10-14 17:13:00,56,1,3528.34,0,0.0
12455,2011-02-16 09:56:00,2011-09-27 15:31:00,73,6,2466.86,223,44.6
12456,2011-03-30 09:12:00,2011-10-26 14:41:00,44,3,3181.04,210,105.0
12457,2011-04-14 18:57:00,2011-10-04 13:13:00,66,7,2363.23,172,28.666666666666668
12458,2011-02-28 10:55:00,2011-09-29 15:25:00,71,2,947.4,213,213.0
12461,2011-07-08 10:23:00,2011-09-06 16:57:00,94,2,826.88,60,60.0
12462,2011-02-09 14:44:00,2011-11-21 09:11:00,19,2,1189.59,284,284.0
12463,2011-04-12 12:47:00,2011-10-17 13:44:00,53,4,1344.78,188,62.666666666666664
12464,2011-02-03 13:30:00,2011-11-29 13:33:00,10,8,1212.05,299,42.714285714285715
12465,2011-06-23 13:37:00,2011-11-22 16:34:00,17,2,742.19,152,152.0
12468,2011-01-27 13:29:00,2011-06-05 11:36:00,188,2,729.54,128,128.0
12471,2010-12-10 09:35:00,2011-12-07 15:43:00,2,30,19824.05,362,12.482758620689655
12472,2010-12-05 14:19:00,2011-11-07 14:01:00,32,7,6572.11,336,56.0
12473,2011-06-01 10:15:00,2011-11-10 13:46:00,29,5,3938.55,162,40.5
12474,2011-01-14 10:06:00,2011-11-22 14:39:00,17,18,7375.79,312,18.352941176470587
12475,2011-10-17 10:10:00,2011-10-17 10:10:00,54,1,723.38,0,0.0
12476,2010-12-13 14:39:00,2011-11-24 12:40:00,16,11,6816.42,345,34.5
12477,2011-02-11 12:45:00,2011-11-17 09:51:00,23,6,13219.74,278,55.6
12478,2011-12-06 09:56:00,2011-12-06 09:56:00,4,1,680.99,0,0.0
12479,2011-11-28 13:26:00,2011-11-28 13:26:00,11,1,527.2,0,0.0
12480,2011-01-07 15:27:00,2011-11-11 14:52:00,28,4,3281.63,307,102.33333333333333
12481,2010-12-09 10:13:00,2011-11-17 08:29:00,23,10,5596.32,342,38.0
12483,2011-01-04 14:20:00,2011-11-22 17:02:00,17,8,2484.98,322,46.0
12484,2011-01-07 14:04:00,2011-11-07 11:37:00,33,6,4541.72,303,60.6
12488,2011-09-25 10:34:00,2011-11-30 08:50:00,10,3,1298.66,65,32.5
12489,2011-01-07 13:13:00,2011-01-07 13:13:00,336,1,334.93,0,0.0
12490,2011-01-14 09:13:00,2011-12-04 16:07:00,5,10,5417.93,324,36.0
12491,2011-11-01 12:18:00,2011-11-01 12:18:00,39,1,460.40000000000003,0,0.0
12492,2011-08-26 14:51:00,2011-10-07 15:15:00,63,2,263.21000000000004,42,42.0
12493,2011-05-26 14:53:00,2011-06-27 10:17:00,166,2,433.74,31,31.0
12494,2010-12-09 11:31:00,2011-11-24 09:34:00,16,7,1246.1,349,58.166666666666664
12497,2011-09-19 12:29:00,2011-09-19 12:29:00,82,1,1043.1,0,0.0
12498,2011-10-13 09:30:00,2011-11-18 12:53:00,21,3,403.70000000000005,36,18.0
12500,2011-01-10 09:48:00,2011-11-16 16:20:00,23,11,4257.82,310,31.0
12501,2011-01-07 12:28:00,2011-01-07 12:28:00,337,1,2169.39,0,0.0
12502,2011-02-03 10:41:00,2011-09-05 11:52:00,96,5,3723.87,214,53.5
12504,2011-11-09 14:56:00,2011-11-21 16:02:00,18,2,482.04999999999995,12,12.0
12506,2011-04-21 08:54:00,2011-04-21 08:54:00,233,1,73.5,0,0.0
12507,2011-02-14 09:24:00,2011-07-28 17:09:00,134,3,1304.81,164,82.0
12508,2011-11-10 16:27:00,2011-11-13 15:37:00,26,2,398.27,2,2.0
12509,2011-02-28 14:45:00,2011-02-28 14:45:00,284,1,176.5,0,0.0
12510,2011-01-18 14:04:00,2011-07-20 10:15:00,143,2,982.5699999999999,182,182.0
12512,2011-10-04 14:53:00,2011-10-04 14:55:00,66,2,138.03,0,0.0
12513,2011-08-19 10:51:00,2011-08-19 10:51:00,113,1,612.29,0,0.0
12514,2011-03-17 16:38:00,2011-03-17 16:38:00,267,1,1017.6800000000001,0,0.0
12515,2010-12-21 15:43:00,2010-12-21 15:43:00,353,1,383.7,0,0.0
12516,2011-06-12 11:37:00,2011-09-23 09:13:00,78,2,1312.06,102,102.0
12517,2011-06-02 15:13:00,2011-11-11 14:04:00,28,5,2502.84,161,40.25
12518,2011-08-21 13:18:00,2011-12-09 10:13:00,1,5,2056.89,109,27.25
12519,2011-10-07 09:26:00,2011-10-07 09:26:00,64,1,340.84000000000003,0,0.0
12520,2011-03-11 11:35:00,2011-09-21 15:23:00,79,5,2634.26,194,48.5
12521,2011-07-20 10:51:00,2011-07-20 10:51:00,143,1,599.68,0,0.0
12522,2011-10-19 14:41:00,2011-10-31 15:30:00,39,2,192.72,12,12.0
12523,2011-01-12 09:43:00,2011-11-20 12:55:00,19,11,1789.77,312,31.2
12524,2011-01-10 10:35:00,2011-11-30 15:31:00,9,8,4485.72,324,46.285714285714285
12526,2011-09-06 14:19:00,2011-12-09 12:09:00,1,3,1316.66,93,46.5
12527,2011-01-18 12:05:00,2011-09-19 11:55:00,82,3,348.71000000000004,243,121.5
12528,2011-01-31 09:05:00,2011-11-30 14:40:00,9,6,1933.48,303,60.6
12530,2011-01-07 10:04:00,2011-10-11 12:34:00,60,4,1662.28,277,92.33333333333333
12531,2011-11-25 11:12:00,2011-11-25 11:12:00,15,1,125.22,0,0.0
12532,2011-11-09 13:47:00,2011-11-09 13:47:00,30,1,349.83000000000004,0,0.0
12534,2011-08-01 10:26:00,2011-08-01 10:26:00,131,1,1089.18,0,0.0
12535,2011-06-06 12:47:00,2011-09-09 08:48:00,92,2,716.35,94,94.0
12536,2011-10-11 14:52:00,2011-10-27 14:20:00,43,3,12601.830000000002,15,7.5
12538,2011-11-10 17:16:00,2011-11-10 17:16:00,29,1,363.95,0,0.0
12539,2011-01-10 09:11:00,2011-11-17 13:30:00,22,4,5568.35,311,103.66666666666667
12540,2010-12-13 09:39:00,2011-11-20 11:31:00,20,17,13400.24,342,21.375
12541,2011-03-04 09:32:00,2011-11-10 10:40:00,30,3,981.18,251,125.5
12544,2011-11-03 16:15:00,2011-11-03 16:15:00,36,1,372.7,0,0.0
12545,2011-03-25 12:04:00,2011-09-25 13:39:00,75,2,1000.39,184,184.0
12546,2011-09-23 09:44:00,2011-10-24 12:09:00,47,2,1161.5,31,31.0
12547,2011-03-04 12:46:00,2011-05-26 12:38:00,198,2,207.8,82,82.0
12548,2011-06-26 15:35:00,2011-06-26 15:35:00,166,1,95.19999999999999,0,0.0
12550,2011-09-21 14:35:00,2011-09-21 14:35:00,79,1,964.83,0,0.0
12551,2010-12-17 11:23:00,2010-12-17 11:23:00,358,1,168.0,0,0.0
12552,2011-10-31 12:11:00,2011-11-01 10:02:00,39,2,437.82,0,0.0
12553,2011-01-14 10:42:00,2011-12-01 16:38:00,8,10,3692.28,321,35.666666666666664
12556,2011-07-11 13:35:00,2011-10-20 13:06:00,50,2,603.71,100,100.0
12557,2010-12-03 12:20:00,2011-11-23 16:59:00,16,5,11990.960000000001,355,88.75
12558,2011-12-02 10:41:00,2011-12-02 10:41:00,8,1,269.96,0,0.0
12559,2011-01-24 10:12:00,2011-02-02 09:49:00,311,2,561.71,8,8.0
12560,2011-07-19 15:55:00,2011-12-04 13:54:00,5,3,2134.01,137,68.5
12561,2011-02-10 11:39:00,2011-02-10 11:39:00,303,1,238.85,0,0.0
12562,2011-05-25 12:44:00,2011-12-01 17:20:00,8,7,3781.7400000000002,190,31.666666666666668
12564,2011-03-23 14:55:00,2011-03-23 14:55:00,261,1,456.90000000000003,0,0.0
12565,2011-02-24 10:34:00,2011-02-24 10:34:00,289,1,145.92000000000002,0,0.0
12566,2011-09-14 14:30:00,2011-09-14 14:30:00,86,1,351.65,0,0.0
12567,2010-12-05 11:57:00,2011-11-17 11:02:00,23,10,9401.28,346,38.44444444444444
12569,2011-04-01 13:47:00,2011-12-07 16:24:00,2,32,4124.6900000000005,250,8.064516129032258
12571,2011-08-10 12:35:00,2011-10-31 10:19:00,40,2,519.61,81,81.0
12572,2011-10-19 08:20:00,2011-12-01 09:20:00,9,2,1020.4200000000001,43,43.0
12573,2011-04-26 15:52:00,2011-04-26 15:52:00,227,1,160.54000000000002,0,0.0
12574,2011-01-28 09:20:00,2011-01-28 09:20:00,316,1,218.45000000000002,0,0.0
12576,2011-02-08 11:31:00,2011-11-04 10:11:00,36,5,1315.83,268,67.0
12577,2010-12-15 16:21:00,2011-11-04 13:24:00,35,3,657.8,323,161.5
12578,2011-01-13 15:34:00,2011-11-18 13:30:00,21,2,2794.51,308,308.0
12579,2011-09-22 17:15:00,2011-09-22 17:15:00,78,1,440.42,0,0.0
12580,2011-04-07 10:24:00,2011-04-07 10:24:00,247,1,415.7,0,0.0
12581,2011-10-31 08:56:00,2011-10-31 08:56:00,40,1,197.71,0,0.0
12582,2011-02-24 11:42:00,2011-04-15 08:45:00,239,2,511.36,49,49.0
12583,2010-12-01 08:45:00,2011-12-07 08:07:00,3,15,7281.38,370,26.428571428571427
12584,2011-03-04 15:15:00,2011-12-06 09:35:00,4,9,2338.15,276,34.5
12585,2010-12-23 12:58:00,2011-04-19 13:39:00,234,2,2040.1,117,117.0
12586,2011-11-22 16:24:00,2011-11-22 16:24:00,17,1,196.94000000000003,0,0.0
12587,2011-12-02 12:47:00,2011-12-02 12:47:00,8,1,144.0,0,0.0
12588,2011-10-31 15:01:00,2011-10-31 15:01:00,39,1,214.89999999999998,0,0.0
12589,2011-07-18 12:05:00,2011-11-11 10:19:00,29,2,646.68,115,115.0
12590,2011-05-12 14:46:00,2011-05-12 14:52:00,211,2,9864.26,0,0.0
12591,2011-01-26 14:35:00,2011-01-26 14:35:00,317,1,452.84999999999997,0,0.0
12592,2011-05-10 13:44:00,2011-09-08 15:04:00,92,2,437.6,121,121.0
12593,2011-05-05 09:29:00,2011-08-23 12:43:00,109,3,418.1,110,55.0
12594,2011-01-21 09:52:00,2011-11-02 12:20:00,38,10,3338.2200000000003,285,31.666666666666668
12596,2011-04-11 13:22:00,2011-10-19 13:02:00,51,2,618.27,190,190.0
12597,2011-03-16 14:00:00,2011-11-20 13:33:00,19,4,3811.22,248,82.66666666666667
12598,2011-02-28 11:58:00,2011-11-30 12:18:00,10,8,3023.08,275,39.285714285714285
12599,2011-02-08 13:28:00,2011-11-10 13:34:00,29,7,1032.58,275,45.833333333333336
12600,2010-12-03 12:57:00,2011-11-11 10:29:00,29,10,2599.04,342,38.0
12601,2011-01-11 10:38:00,2011-06-03 10:17:00,190,5,577.0600000000001,142,35.5
12602,2011-10-12 11:22:00,2011-10-12 11:22:00,59,1,153.12,0,0.0
12603,2011-11-18 10:42:00,2011-11-18 10:42:00,22,1,739.1999999999999,0,0.0
12604,2011-03-23 12:06:00,2011-09-21 14:08:00,79,2,254.18,182,182.0
12607,2011-10-10 16:06:00,2011-10-10 16:06:00,60,1,1579.51,0,0.0
12609,2011-01-25 15:13:00,2011-09-22 16:34:00,78,3,1126.85,240,120.0
12610,2011-08-05 13:52:00,2011-11-17 09:34:00,23,5,2099.54,103,25.75
12611,2011-10-18 13:12:00,2011-10-18 13:12:00,52,1,1193.32,0,0.0
12612,2011-09-26 15:35:00,2011-09-26 15:35:00,74,1,704.04,0,0.0
12613,2011-03-22 15:42:00,2011-10-13 14:59:00,57,5,3344.38,204,51.0
12614,2011-03-07 10:22:00,2011-03-07 10:22:00,278,1,315.6,0,0.0
12615,2011-06-24 13:35:00,2011-12-07 15:02:00,2,4,2291.19,166,55.333333333333336
12616,2011-02-15 14:17:00,2011-09-05 15:17:00,95,2,713.3,202,202.0
12617,2011-11-10 14:39:00,2011-11-10 14:39:00,29,1,355.53000000000003,0,0.0
12618,2011-11-18 11:10:00,2011-11-18 11:10:00,22,1,177.31,0,0.0
12619,2011-03-31 13:10:00,2011-11-23 14:52:00,16,9,3641.24,237,29.625
12620,2011-05-19 12:10:00,2011-11-25 10:20:00,15,3,1339.41,189,94.5
12621,2010-12-09 10:16:00,2011-12-08 11:25:00,2,20,13689.67,364,19.157894736842106
12622,2011-04-21 16:39:00,2011-04-21 16:39:00,232,1,180.1,0,0.0
12623,2011-03-08 13:50:00,2011-03-08 13:50:00,276,1,305.1,0,0.0
12624,2011-06-15 12:34:00,2011-08-25 15:04:00,106,2,641.13,71,71.0
12625,2011-01-24 13:27:00,2011-05-12 09:54:00,212,2,2683.82,107,107.0
12626,2011-01-17 11:01:00,2011-11-16 16:06:00,23,9,6620.4800000000005,303,37.875
12627,2011-07-22 13:59:00,2011-11-29 12:07:00,11,7,4478.53,129,21.5
12628,2011-10-06 09:28:00,2011-12-05 13:15:00,4,3,786.46,60,30.0
12630,2011-10-27 10:41:00,2011-11-30 10:48:00,10,2,1270.88,34,34.0
12631,2011-10-13 13:53:00,2011-10-13 13:53:00,57,1,640.5,0,0.0
12633,2011-02-25 08:44:00,2011-10-12 11:40:00,59,4,2163.98,229,76.33333333333333
12635,2011-07-08 08:43:00,2011-09-11 11:04:00,90,2,1689.18,65,65.0
12637,2011-01-20 10:47:00,2011-10-03 13:46:00,67,8,6021.9,256,36.57142857142857
12638,2011-11-06 13:11:00,2011-11-06 13:11:00,33,1,671.69,0,0.0
12639,2011-04-15 12:48:00,2011-04-15 12:48:00,239,1,486.1,0,0.0
12640,2011-09-19 12:01:00,2011-11-16 11:52:00,24,3,1174.58,57,28.5
12641,2011-08-16 13:26:00,2011-08-16 13:26:00,115,1,185.9,0,0.0
12642,2011-08-24 09:23:00,2011-11-14 15:03:00,25,3,1013.26,82,41.0
12643,2011-01-11 11:48:00,2011-08-03 12:56:00,128,6,3344.64,204,40.8
12644,2011-08-02 10:33:00,2011-08-02 10:33:00,130,1,477.90999999999997,0,0.0
12645,2011-01-27 13:08:00,2011-11-06 12:38:00,34,4,1775.18,282,94.0
12646,2011-10-21 12:52:00,2011-12-05 10:14:00,5,2,1346.97,44,44.0
12647,2010-12-05 14:02:00,2011-11-17 12:56:00,22,12,3722.82,346,31.454545454545453
12648,2011-07-08 11:55:00,2011-07-08 11:55:00,155,1,318.05,0,0.0
12649,2011-05-11 14:37:00,2011-08-24 14:41:00,107,3,623.51,105,52.5
12650,2011-12-06 16:34:00,2011-12-06 16:34:00,3,1,314.44,0,0.0
12651,2011-01-09 12:46:00,2011-01-09 12:46:00,335,1,114.0,0,0.0
12652,2011-01-12 15:00:00,2011-01-12 15:00:00,331,1,919.98,0,0.0
12653,2011-02-16 10:53:00,2011-07-14 10:41:00,149,2,2209.85,147,147.0
12654,2011-02-17 13:16:00,2011-11-29 10:10:00,11,5,601.98,284,71.0
12656,2011-04-20 09:20:00,2011-11-22 13:42:00,17,5,4051.17,216,54.0
12657,2011-09-22 11:40:00,2011-11-28 15:47:00,11,4,1643.18,67,22.333333333333332
12658,2011-11-21 10:22:00,2011-11-21 10:22:00,19,1,686.05,0,0.0
12659,2011-11-10 11:53:00,2011-11-10 11:53:00,30,1,91.68,0,0.0
12660,2011-11-28 13:26:00,2011-11-28 13:26:00,11,1,245.10000000000002,0,0.0
12662,2010-12-01 13:04:00,2011-12-09 11:59:00,1,11,3849.78,372,37.2
12664,2011-01-21 11:42:00,2011-12-01 17:07:00,8,9,4881.88,314,39.25
12665,2011-01-19 08:34:00,2011-01-19 08:34:00,325,1,63.0,0,0.0
12667,2011-10-12 17:00:00,2011-10-12 17:00:00,58,1,620.13,0,0.0
12668,2010-12-19 12:46:00,2011-11-28 10:56:00,12,4,3807.15,343,114.33333333333333
12669,2011-03-28 10:15:00,2011-07-12 09:54:00,151,3,2744.0299999999997,105,52.5
12670,2011-04-21 10:16:00,2011-11-29 15:23:00,10,5,2996.05,222,55.5
12672,2011-01-14 09:20:00,2011-01-14 09:20:00,330,1,225.9,0,0.0
12673,2011-01-17 11:46:00,2011-12-04 13:55:00,5,2,610.52,321,321.0
12674,2011-05-16 09:10:00,2011-11-01 12:12:00,39,4,1970.6,169,56.333333333333336
12676,2011-02-01 15:41:00,2011-11-15 12:25:00,25,6,1331.39,286,57.2
12678,2010-12-21 11:00:00,2011-10-28 13:04:00,42,12,17628.46,311,28.272727272727273
12679,2011-03-01 12:26:00,2011-10-12 12:30:00,59,4,1113.02,225,75.0
12680,2011-08-18 15:44:00,2011-12-09 12:50:00,1,4,862.81,112,37.333333333333336
12681,2010-12-07 10:08:00,2011-11-25 11:33:00,15,22,13787.54,353,16.80952380952381
12682,2010-12-03 13:59:00,2011-12-06 10:00:00,4,31,12288.22,367,12.233333333333333
12683,2010-12-09 10:37:00,2011-12-05 16:31:00,4,15,8476.57,361,25.785714285714285
12684,2011-05-10 12:55:00,2011-12-02 09:53:00,8,7,2283.63,205,34.166666666666664
12685,2011-09-07 10:28:00,2011-11-11 13:46:00,28,6,2863.08,65,13.0
12686,2010-12-03 09:51:00,2010-12-03 09:51:00,372,1,89.14,0,0.0
12688,2011-08-18 08:49:00,2011-08-18 08:49:00,114,1,4873.81,0,0.0
12689,2011-08-04 10:04:00,2011-11-14 08:31:00,26,2,1247.6100000000001,101,101.0
12690,2011-05-18 09:09:00,2011-05-18 09:09:00,206,1,389.01,0,0.0
12691,2010-12-17 14:46:00,2011-11-11 16:49:00,28,6,1035.8,329,65.8
12693,2011-01-24 12:58:00,2011-08-04 17:51:00,127,4,855.91,192,64.0
12694,2011-06-09 17:48:00,2011-09-30 13:06:00,70,2,869.67,112,112.0
12695,2011-05-13 13:15:00,2011-12-02 13:22:00,7,4,582.1,203,67.66666666666667
12697,2011-06-23 15:44:00,2011-11-11 08:47:00,29,3,957.59,140,70.0
12700,2011-05-08 16:10:00,2011-12-02 10:47:00,8,4,4939.99,207,69.0
12701,2011-04-11 13:02:00,2011-09-21 10:47:00,80,2,797.71,162,162.0
12702,2011-11-20 10:36:00,2011-11-20 10:36:00,20,1,219.0,0,0.0
12703,2011-09-29 17:52:00,2011-09-29 17:52:00,71,1,283.55,0,0.0
12704,2011-06-23 10:20:00,2011-12-02 13:15:00,7,8,2340.84,162,23.142857142857142
12705,2010-12-17 15:58:00,2011-11-24 13:17:00,15,9,6868.29,341,42.625
12707,2011-02-21 08:38:00,2011-02-21 08:38:00,292,1,603.42,0,0.0
12708,2010-12-06 10:43:00,2011-11-10 09:52:00,30,10,2712.91,338,37.55555555555556
12709,2010-12-08 09:49:00,2011-11-24 15:38:00,15,15,9736.52,351,25.071428571428573
12710,2011-05-22 14:05:00,2011-09-04 12:00:00,97,3,1149.02,104,52.0
12712,2010-12-03 14:30:00,2011-11-11 08:19:00,29,13,4396.13,342,28.5
12713,2011-12-09 12:16:00,2011-12-09 12:16:00,1,1,848.55,0,0.0
12714,2011-02-18 10:53:00,2011-11-30 15:43:00,9,5,4708.86,285,71.25
12715,2011-08-25 15:22:00,2011-08-25 15:22:00,106,1,353.86,0,0.0
12716,2011-07-29 13:28:00,2011-12-06 08:55:00,4,2,1053.49,129,129.0
12717,2011-04-08 10:32:00,2011-07-11 14:47:00,151,2,1030.98,94,94.0
12718,2011-09-29 16:38:00,2011-09-29 16:38:00,71,1,238.25,0,0.0
12719,2011-10-05 14:50:00,2011-12-04 13:45:00,5,2,644.95,59,59.0
12720,2010-12-05 15:21:00,2011-12-07 08:03:00,3,25,5781.7300000000005,366,15.25
12721,2010-12-20 11:38:00,2011-11-08 12:13:00,32,6,2656.13,323,64.6
12722,2011-07-12 11:55:00,2011-09-15 14:50:00,85,4,997.63,65,21.666666666666668
12723,2011-10-05 15:52:00,2011-12-06 10:19:00,4,5,725.07,61,15.25
12724,2011-01-11 15:00:00,2011-12-04 16:02:00,5,4,1031.41,327,109.0
12725,2010-12-03 15:45:00,2010-12-03 15:45:00,371,1,427.8,0,0.0
12726,2010-12-17 12:56:00,2011-11-11 13:35:00,28,7,2609.1,329,54.833333333333336
12727,2011-01-23 15:17:00,2011-11-29 11:46:00,11,7,3980.7000000000003,309,51.5
12728,2011-01-11 13:31:00,2011-09-29 15:31:00,71,4,836.33,261,87.0
12729,2011-08-18 11:40:00,2011-08-18 11:40:00,114,1,453.01,0,0.0
12731,2010-12-10 10:56:00,2011-11-16 11:59:00,24,12,18895.91,341,31.0
12732,2011-06-13 11:33:00,2011-06-13 11:33:00,180,1,236.26000000000002,0,0.0
12733,2011-04-19 16:19:00,2011-04-19 16:19:00,234,1,383.95,0,0.0
12734,2010-12-22 12:47:00,2010-12-22 12:47:00,353,1,110.39999999999999,0,0.0
12735,2011-01-06 14:26:00,2011-01-28 13:37:00,315,2,779.5699999999999,21,21.0
12736,2011-01-11 07:57:00,2011-01-11 07:57:00,333,1,234.0,0,0.0
12738,2010-12-02 18:27:00,2010-12-02 18:27:00,372,1,155.35,0,0.0
12739,2011-09-01 17:45:00,2011-09-22 13:00:00,78,2,1013.04,20,20.0
12740,2011-10-07 10:44:00,2011-10-07 10:44:00,64,1,427.6,0,0.0
12743,2011-07-28 16:06:00,2011-07-28 16:21:00,134,2,546.43,0,0.0
12744,2011-01-25 13:26:00,2011-10-19 11:18:00,52,7,21279.29,266,44.333333333333336
12747,2010-12-05 15:38:00,2011-12-07 14:34:00,2,11,4196.01,366,36.6
12748,2010-12-01 12:48:00,2011-12-09 12:20:00,1,209,33719.73,372,1.7884615384615385
12749,2011-05-10 15:25:00,2011-12-06 09:56:00,4,5,4090.88,209,52.25
12750,2011-08-03 09:13:00,2011-08-03 09:13:00,129,1,275.88,0,0.0
12752,2011-09-19 13:32:00,2011-09-19 13:32:00,81,1,4366.78,0,0.0
12753,2010-12-12 11:44:00,2011-11-17 10:52:00,23,6,21429.39,339,67.8
12754,2011-02-04 10:31:00,2011-04-18 09:00:00,236,3,3010.74,72,36.0
12755,2010-12-09 10:44:00,2011-03-04 12:42:00,281,2,3811.9500000000003,85,85.0
12756,2011-09-14 09:31:00,2011-09-14 09:31:00,87,1,112.08,0,0.0
12757,2011-05-12 19:01:00,2011-11-24 12:30:00,16,13,7857.1,195,16.25
12758,2011-03-08 12:05:00,2011-08-15 10:22:00,117,2,2791.59,159,159.0
12759,2011-03-09 08:09:00,2011-10-18 14:49:00,52,3,1531.44,223,111.5
12762,2011-11-14 14:23:00,2011-12-02 10:23:00,8,2,1898.52,17,17.0
12763,2010-12-05 15:46:00,2011-07-24 14:12:00,138,2,494.08,230,230.0
12764,2011-01-27 10:19:00,2011-01-27 10:19:00,317,1,1693.88,0,0.0
12766,2010-12-08 13:53:00,2011-12-06 08:46:00,4,7,6989.63,362,60.333333333333336
12769,2011-04-15 10:25:00,2011-04-15 10:25:00,239,1,1143.6,0,0.0
12770,2011-05-13 09:33:00,2011-05-13 09:33:00,211,1,1351.45,0,0.0
12772,2011-10-11 09:19:00,2011-10-11 09:19:00,60,1,892.47,0,0.0
12775,2011-02-01 13:45:00,2011-11-22 16:33:00,17,5,1386.04,294,73.5
12778,2011-01-31 14:35:00,2011-11-20 11:30:00,20,6,822.23,292,58.4
12779,2010-12-03 13:40:00,2011-11-02 11:43:00,38,8,3981.36,333,47.57142857142857
12781,2011-02-28 08:43:00,2011-10-07 10:37:00,64,2,826.74,221,221.0
12782,2010-12-17 11:30:00,2011-12-05 09:16:00,5,5,2330.92,352,88.0
12783,2011-09-25 15:35:00,2011-12-07 15:56:00,2,6,2225.91,73,14.6
12784,2011-11-24 12:53:00,2011-11-30 15:38:00,9,2,574.42,6,6.0
12785,2010-12-10 13:48:00,2010-12-10 13:48:00,364,1,311.95,0,0.0
12787,2011-05-31 09:36:00,2011-11-30 08:44:00,10,3,463.66,182,91.0
12789,2011-10-05 13:34:00,2011-10-05 13:34:00,65,1,91.85,0,0.0
12790,2011-05-31 14:14:00,2011-05-31 14:14:00,192,1,324.92,0,0.0
12791,2010-12-01 11:27:00,2010-12-01 11:27:00,374,1,192.60000000000002,0,0.0
12792,2011-03-28 11:36:00,2011-03-28 11:36:00,257,1,400.54,0,0.0
12793,2010-12-03 15:14:00,2011-01-09 12:12:00,335,2,545.48,36,36.0
12794,2011-09-02 12:01:00,2011-10-17 14:54:00,53,2,860.41,45,45.0
12795,2011-11-21 10:27:00,2011-11-21 10:27:00,19,1,430.48,0,0.0
12797,2010-12-09 10:55:00,2010-12-09 10:55:00,366,1,254.03,0,0.0
12798,2011-06-22 10:11:00,2011-11-29 15:52:00,10,3,6977.04,160,80.0
12802,2011-06-06 09:36:00,2011-06-06 09:36:00,187,1,427.58,0,0.0
12808,2010-12-06 10:27:00,2011-11-03 10:05:00,37,3,483.65000000000003,331,165.5
12809,2011-06-15 10:51:00,2011-06-15 10:51:00,178,1,489.31,0,0.0
12811,2011-02-28 15:39:00,2011-03-24 09:42:00,261,3,514.85,23,11.5
12812,2011-10-26 09:54:00,2011-10-26 09:54:00,45,1,229.64000000000001,0,0.0
12814,2011-08-30 12:11:00,2011-08-30 12:11:00,102,1,125.92,0,0.0
12815,2011-05-25 13:34:00,2011-07-15 10:21:00,148,2,1063.46,50,50.0
12816,2011-06-16 13:24:00,2011-09-05 12:41:00,96,2,572.2,80,80.0
12817,2011-03-03 16:28:00,2011-03-03 16:28:00,281,1,166.04000000000002,0,0.0
12818,2011-03-23 12:06:00,2011-03-23 12:06:00,262,1,1542.08,0,0.0
12820,2011-01-17 12:34:00,2011-12-06 15:12:00,3,4,942.34,323,107.66666666666667
12821,2011-05-09 15:51:00,2011-05-09 15:51:00,214,1,92.72,0,0.0
12822,2011-09-13 13:46:00,2011-09-30 10:04:00,71,2,948.88,16,16.0
12823,2011-02-16 12:15:00,2011-09-26 07:35:00,75,5,1759.5,221,55.25
12824,2011-10-11 12:49:00,2011-10-11 12:49:00,60,1,397.12,0,0.0
12826,2010-12-09 15:21:00,2011-12-07 10:25:00,3,7,1474.72,362,60.333333333333336
12827,2011-10-26 15:44:00,2011-12-04 12:17:00,6,3,430.15,38,19.0
12828,2011-08-01 16:16:00,2011-12-07 08:45:00,3,6,1018.71,127,25.4
12829,2010-12-14 14:54:00,2011-01-07 11:13:00,337,2,293.0,23,23.0
12830,2011-06-21 10:53:00,2011-11-02 11:54:00,38,6,6814.64,134,26.8
12831,2011-03-22 13:02:00,2011-03-22 13:02:00,262,1,215.05,0,0.0
12832,2011-09-02 13:48:00,2011-11-07 13:30:00,32,2,383.03000000000003,65,65.0
12833,2011-07-17 13:46:00,2011-07-17 13:46:00,145,1,417.38,0,0.0
12834,2011-03-02 09:49:00,2011-03-02 09:49:00,283,1,312.38,0,0.0
12836,2011-02-01 11:19:00,2011-10-11 15:10:00,59,4,2612.86,252,84.0
12837,2011-06-19 16:07:00,2011-06-19 16:07:00,173,1,134.1,0,0.0
12838,2010-12-01 11:57:00,2011-11-06 12:20:00,34,2,683.13,340,340.0
12839,2010-12-07 15:48:00,2011-12-07 12:33:00,3,14,5591.42,364,28.0
12840,2011-04-27 12:21:00,2011-07-19 09:29:00,144,4,2726.77,82,27.333333333333332
12841,2010-12-03 10:43:00,2011-12-05 11:13:00,5,25,4022.35,367,15.291666666666666
12842,2011-02-04 12:36:00,2011-09-30 15:33:00,70,2,1118.99,238,238.0
12843,2011-03-20 14:38:00,2011-10-05 12:09:00,66,8,1702.26,198,28.285714285714285
12844,2011-08-01 13:11:00,2011-11-10 13:31:00,29,2,325.96000000000004,101,101.0
12845,2011-02-22 14:10:00,2011-03-17 13:34:00,267,4,354.09000000000003,22,7.333333333333333
12847,2011-11-17 13:16:00,2011-11-17 13:16:00,22,1,871.54,0,0.0
12849,2011-03-16 12:26:00,2011-11-08 13:41:00,31,2,1050.89,237,237.0
12851,2011-09-04 12:41:00,2011-09-04 12:41:00,97,1,135.18,0,0.0
12852,2011-02-18 08:47:00,2011-02-18 08:47:00,295,1,311.55,0,0.0
12853,2011-01-28 10:28:00,2011-07-28 11:29:00,135,6,1957.1000000000001,181,36.2
12854,2011-01-25 13:35:00,2011-09-22 12:15:00,79,3,1324.5,239,119.5
12855,2010-12-02 09:37:00,2010-12-02 09:37:00,373,1,38.1,0,0.0
12856,2011-10-07 12:38:00,2011-12-02 10:52:00,8,6,2179.93,55,11.0
12857,2011-02-10 12:32:00,2011-05-13 10:20:00,211,2,1106.4,91,91.0
12863,2011-10-18 14:15:00,2011-10-18 14:15:00,52,1,521.2,0,0.0
12864,2011-07-24 13:03:00,2011-07-24 13:03:00,138,1,147.12,0,0.0
12865,2011-08-08 10:11:00,2011-11-13 14:31:00,26,2,1568.23,97,97.0
12866,2011-03-01 14:11:00,2011-03-01 14:11:00,283,1,559.12,0,0.0
12867,2010-12-14 16:39:00,2011-11-13 15:30:00,26,7,4036.82,333,55.5
12868,2010-12-01 12:50:00,2011-06-07 10:42:00,186,6,1607.0600000000002,187,37.4
12871,2011-05-16 13:32:00,2011-09-16 15:07:00,84,2,380.64,123,123.0
12872,2010-12-09 14:44:00,2011-01-17 10:52:00,327,2,599.97,38,38.0
12873,2011-03-02 14:58:00,2011-03-02 14:58:00,282,1,374.0,0,0.0
12875,2010-12-12 12:03:00,2011-07-19 15:30:00,143,2,343.2300000000001,219,219.0
12876,2011-05-27 13:34:00,2011-10-13 12:26:00,58,2,2218.02,138,138.0
12877,2010-12-16 12:23:00,2011-12-06 10:30:00,4,12,1535.77,354,32.18181818181818
12878,2011-03-18 14:02:00,2011-04-17 13:07:00,236,2,854.99,29,29.0
12879,2011-09-09 12:11:00,2011-10-26 12:24:00,45,3,573.22,47,23.5
12881,2011-03-09 11:44:00,2011-03-09 11:44:00,276,1,298.0,0,0.0
12882,2011-11-06 11:22:00,2011-11-30 16:18:00,9,2,1463.04,24,24.0
12883,2011-09-11 15:18:00,2011-11-15 09:32:00,25,4,703.47,64,21.333333333333332
12884,2011-09-12 13:10:00,2011-09-12 13:10:00,88,1,309.05,0,0.0
12885,2011-08-08 11:45:00,2011-10-07 13:40:00,63,3,1175.22,60,30.0
12886,2011-05-04 11:21:00,2011-10-03 10:09:00,68,2,1378.4,151,151.0
12888,2011-03-29 14:31:00,2011-05-09 16:02:00,214,2,354.12,41,41.0
12890,2011-11-15 17:26:00,2011-11-15 17:26:00,24,1,380.46999999999997,0,0.0
12891,2011-02-20 11:28:00,2011-06-07 12:31:00,186,3,331.0,107,53.5
12893,2011-11-09 12:34:00,2011-11-09 12:34:00,31,1,188.14,0,0.0
12895,2011-09-14 08:35:00,2011-10-28 13:51:00,42,2,372.8,44,44.0
12897,2011-02-11 11:40:00,2011-05-19 12:13:00,205,2,216.5,97,97.0
12901,2011-03-14 10:41:00,2011-12-01 10:07:00,9,28,17654.54,261,9.666666666666666
12902,2011-03-20 12:06:00,2011-03-20 12:06:00,265,1,138.68,0,0.0
12904,2011-06-20 13:18:00,2011-11-21 14:34:00,18,2,509.58,154,154.0
12906,2011-09-22 15:03:00,2011-11-28 09:55:00,12,5,2919.81,66,16.5
12908,2011-01-31 12:37:00,2011-06-16 15:39:00,176,2,750.0,136,136.0
12909,2011-03-31 12:51:00,2011-10-31 12:43:00,40,5,2178.67,213,53.25
12910,2011-04-12 10:01:00,2011-11-16 14:28:00,23,8,3075.04,218,31.142857142857142
12912,2011-10-30 11:35:00,2011-12-07 08:55:00,3,5,1662.3,37,9.25
12913,2010-12-06 16:36:00,2011-12-05 12:11:00,5,5,2483.63,363,90.75
12915,2010-12-02 12:33:00,2011-07-14 11:34:00,149,2,363.65,223,223.0
12916,2011-01-23 10:43:00,2011-07-24 10:35:00,139,4,3006.15,181,60.333333333333336
12917,2011-08-03 16:42:00,2011-08-03 16:42:00,128,1,594.0,0,0.0
12919,2011-06-23 09:22:00,2011-12-01 13:47:00,8,6,1335.19,161,32.2
12920,2011-11-22 15:05:00,2011-11-22 15:05:00,17,1,164.23,0,0.0
12921,2010-12-01 15:06:00,2011-11-30 16:22:00,9,37,16587.09,364,10.11111111111111
12922,2011-07-01 15:35:00,2011-07-01 15:35:00,161,1,405.38,0,0.0
12923,2011-10-06 16:20:00,2011-10-06 16:20:00,64,1,176.97,0,0.0
12924,2011-01-16 11:49:00,2011-09-12 13:55:00,88,4,933.7,239,79.66666666666667
12925,2011-09-26 11:05:00,2011-12-05 11:11:00,5,2,694.05,70,70.0
12928,2010-12-15 15:45:00,2011-11-04 14:24:00,35,5,2062.7,323,80.75
12929,2011-02-01 12:08:00,2011-02-01 12:08:00,312,1,117.85,0,0.0
12930,2011-06-21 13:25:00,2011-09-22 15:18:00,78,2,415.8,93,93.0
12931,2010-12-17 09:45:00,2011-11-18 12:39:00,22,15,42055.96,336,24.0
12933,2011-03-01 11:30:00,2011-11-15 16:38:00,24,3,607.53,259,129.5
12935,2011-01-24 13:58:00,2011-12-07 17:25:00,2,7,2160.7,317,52.833333333333336
12936,2011-09-22 13:51:00,2011-11-22 17:32:00,17,4,1063.9,61,20.333333333333332
12937,2011-03-17 14:19:00,2011-11-24 15:05:00,15,4,1504.27,252,84.0
12938,2011-11-14 11:21:00,2011-11-14 11:21:00,26,1,114.14,0,0.0
12939,2011-01-09 11:20:00,2011-10-06 14:33:00,64,8,11581.8,270,38.57142857142857
12940,2011-09-13 10:16:00,2011-10-16 12:09:00,55,2,913.54,33,33.0
12942,2010-12-09 09:34:00,2011-07-31 14:39:00,131,3,683.9,234,117.0
12944,2010-12-20 10:41:00,2011-11-04 11:04:00,36,2,604.51,319,319.0
12945,2011-02-24 14:15:00,2011-02-24 14:15:00,288,1,462.95,0,0.0
12947,2010-12-01 16:21:00,2011-07-19 10:06:00,144,6,1603.99,229,45.8
12948,2011-03-20 10:17:00,2011-11-23 17:10:00,16,7,2064.95,248,41.333333333333336
12949,2011-04-01 13:20:00,2011-11-09 11:25:00,31,8,4167.22,221,31.571428571428573
12950,2011-11-15 13:48:00,2011-12-07 13:17:00,2,3,1843.0,21,10.5
12951,2011-01-13 10:33:00,2011-12-01 12:14:00,9,6,1064.07,322,64.4
12952,2011-09-22 16:37:00,2011-12-04 10:35:00,6,4,1387.79,72,24.0
12953,2011-11-30 09:24:00,2011-11-30 09:24:00,10,1,329.85,0,0.0
12955,2011-03-17 09:03:00,2011-12-08 16:29:00,1,11,4757.16,266,26.6
12956,2011-02-06 16:08:00,2011-02-06 16:08:00,306,1,108.07,0,0.0
12957,2011-01-04 12:18:00,2011-11-30 09:53:00,10,8,4017.54,329,47.0
12962,2011-08-18 13:38:00,2011-12-02 15:55:00,7,2,266.39,106,106.0
12963,2010-12-09 09:14:00,2011-12-01 12:55:00,8,8,1856.63,357,51.0
12965,2011-09-11 15:31:00,2011-09-11 15:31:00,89,1,771.91,0,0.0
12966,2011-11-30 12:38:00,2011-11-30 12:38:00,10,1,160.18,0,0.0
12967,2010-12-03 09:49:00,2010-12-16 19:10:00,358,2,1660.9,13,13.0
12968,2011-08-19 15:44:00,2011-08-19 15:44:00,112,1,135.95,0,0.0
12970,2011-01-21 14:04:00,2011-12-02 14:30:00,7,4,452.24,315,105.0
12971,2010-12-02 16:42:00,2011-12-06 12:20:00,4,86,11189.91,368,4.329411764705882
12974,2011-05-26 09:33:00,2011-05-26 09:33:00,198,1,144.8,0,0.0
12976,2011-05-12 09:55:00,2011-05-12 09:55:00,212,1,738.6,0,0.0
12977,2011-07-06 16:40:00,2011-07-06 16:40:00,156,1,39.239999999999995,0,0.0
12980,2010-12-16 11:36:00,2011-07-05 09:34:00,158,9,7374.900000000001,200,25.0
12981,2011-07-29 14:14:00,2011-11-10 12:00:00,30,2,372.21999999999997,103,103.0
12982,2011-04-11 11:51:00,2011-04-11 11:51:00,243,1,390.54,0,0.0
12984,2011-11-21 12:37:00,2011-11-21 12:37:00,19,1,97.5,0,0.0
12985,2011-11-11 12:44:00,2011-12-09 10:46:00,1,2,1239.38,27,27.0
12987,2011-05-26 12:00:00,2011-09-27 12:03:00,74,2,558.7,124,124.0
12988,2011-02-20 14:31:00,2011-02-20 14:31:00,292,1,535.32,0,0.0
12989,2010-12-10 13:24:00,2011-12-06 15:28:00,3,15,6924.11,361,25.785714285714285
12990,2011-02-02 15:39:00,2011-11-08 13:01:00,31,3,409.5,278,139.0
12991,2011-08-19 14:39:00,2011-11-16 15:34:00,23,2,503.76,89,89.0
12993,2011-02-14 14:29:00,2011-11-16 15:49:00,23,4,414.76,275,91.66666666666667
12994,2011-03-16 08:31:00,2011-12-05 15:43:00,4,3,974.42,264,132.0
12995,2011-09-15 15:44:00,2011-09-15 15:44:00,85,1,211.32,0,0.0
12997,2011-01-26 15:49:00,2011-11-17 15:47:00,22,4,1226.89,294,98.0
12999,2011-04-08 10:26:00,2011-05-27 13:24:00,196,3,455.88,49,24.5
13000,2010-12-10 10:26:00,2011-08-25 10:43:00,107,3,534.85,258,129.0
13001,2011-01-17 12:45:00,2011-12-05 14:51:00,4,13,9818.82,322,26.833333333333332
13002,2011-01-25 15:18:00,2011-01-25 15:18:00,318,1,120.95,0,0.0
13003,2011-05-09 08:23:00,2011-08-26 10:50:00,106,3,149.05,109,54.5
13004,2010-12-17 08:20:00,2011-11-28 11:27:00,12,18,5655.91,346,20.352941176470587
13005,2011-04-07 13:32:00,2011-06-19 10:53:00,174,2,513.7,72,72.0
13006,2011-10-14 13:49:00,2011-10-14 13:49:00,56,1,81.57,0,0.0
13008,2011-01-20 14:24:00,2011-01-20 14:24:00,323,1,229.47,0,0.0
13011,2010-12-02 17:22:00,2010-12-02 17:22:00,372,1,50.550000000000004,0,0.0
13012,2011-02-18 09:43:00,2011-11-30 13:05:00,9,8,1661.8400000000001,285,40.714285714285715
13013,2010-12-03 12:28:00,2011-12-08 15:01:00,1,13,4810.9400000000005,370,30.833333333333332
13014,2011-03-03 18:28:00,2011-11-29 12:27:00,11,10,3466.28,270,30.0
13015,2011-04-04 14:28:00,2011-10-17 13:19:00,53,5,3346.28,195,48.75
13016,2011-08-08 15:00:00,2011-09-27 14:08:00,73,3,789.89,49,24.5
13017,2011-12-02 15:53:00,2011-12-02 15:53:00,7,1,204.0,0,0.0
13018,2011-02-17 11:05:00,2011-11-23 13:28:00,16,28,7277.7,279,10.333333333333334
13021,2010-12-16 10:12:00,2011-12-05 16:37:00,4,9,2616.38,354,44.25
13023,2011-08-02 09:34:00,2011-10-06 16:27:00,64,2,689.9,65,65.0
13026,2011-03-09 11:35:00,2011-12-08 16:58:00,1,5,975.36,274,68.5
13027,2010-12-20 12:45:00,2011-08-18 09:39:00,114,6,6912.0,240,48.0
13028,2011-10-25 14:09:00,2011-11-17 11:10:00,23,2,661.3199999999999,22,22.0
13029,2010-12-21 13:53:00,2011-11-09 09:13:00,31,3,1247.5,322,161.0
13030,2010-12-06 14:31:00,2011-11-28 14:30:00,11,2,799.48,356,356.0
13032,2011-09-13 16:40:00,2011-10-18 15:54:00,52,2,1010.1800000000001,34,34.0
13033,2010-12-17 14:23:00,2010-12-17 14:23:00,357,1,190.55,0,0.0
13034,2010-12-05 14:52:00,2011-10-16 12:21:00,55,2,642.77,314,314.0
13035,2011-03-24 09:21:00,2011-09-27 08:57:00,74,2,921.88,186,186.0
13037,2011-03-28 15:42:00,2011-07-24 15:46:00,138,3,881.07,118,59.0
13038,2011-02-22 11:43:00,2011-09-20 14:37:00,80,3,908.46,210,105.0
13040,2011-11-06 13:53:00,2011-12-01 10:38:00,9,2,676.99,24,24.0
13043,2011-03-11 14:52:00,2011-03-11 14:52:00,273,1,516.42,0,0.0
13044,2011-02-21 15:20:00,2011-02-21 15:20:00,291,1,560.47,0,0.0
13045,2011-09-01 15:04:00,2011-09-01 15:04:00,99,1,305.28000000000003,0,0.0
13046,2011-03-18 15:43:00,2011-11-09 08:36:00,31,2,629.31,235,235.0
13047,2010-12-01 08:34:00,2011-11-08 12:06:00,32,10,3237.54,342,38.0
13048,2011-01-16 14:36:00,2011-11-25 13:23:00,14,4,1835.91,312,104.0
13049,2011-01-25 16:33:00,2011-10-06 15:31:00,64,2,656.6800000000001,253,253.0
13050,2010-12-08 09:30:00,2011-11-25 09:18:00,15,17,5836.86,351,21.9375
13052,2011-05-11 14:12:00,2011-05-11 14:12:00,212,1,348.15000000000003,0,0.0
13055,2011-05-10 08:58:00,2011-09-22 14:26:00,78,3,1214.41,135,67.5
13058,2011-07-11 12:01:00,2011-11-15 12:43:00,25,3,271.40000000000003,127,63.5
13059,2011-04-04 10:40:00,2011-04-04 10:40:00,250,1,183.4,0,0.0
13060,2011-03-31 11:37:00,2011-03-31 11:37:00,254,1,307.53000000000003,0,0.0
13061,2011-09-28 16:04:00,2011-09-28 16:04:00,72,1,248.61,0,0.0
13062,2011-06-01 15:12:00,2011-06-01 15:12:00,191,1,346.98,0,0.0
13064,2011-01-16 13:41:00,2011-11-27 12:31:00,13,4,1119.49,314,104.66666666666667
13065,2010-12-01 16:52:00,2010-12-01 16:52:00,373,1,205.86,0,0.0
13066,2011-11-07 17:06:00,2011-11-15 12:57:00,24,2,470.8,7,7.0
13067,2011-09-18 13:38:00,2011-09-18 13:38:00,82,1,115.46000000000001,0,0.0
13068,2011-01-24 08:20:00,2011-11-29 15:00:00,10,2,344.0,309,309.0
13069,2010-12-05 11:02:00,2011-12-09 08:39:00,1,24,4436.12,368,16.0
13070,2011-05-31 13:45:00,2011-05-31 13:45:00,192,1,228.8,0,0.0
13072,2011-03-18 08:12:00,2011-03-18 08:12:00,267,1,177.15,0,0.0
13075,2011-08-02 10:19:00,2011-08-02 10:19:00,130,1,919.61,0,0.0
13077,2010-12-08 14:59:00,2011-12-08 19:24:00,1,4,729.27,365,121.66666666666667
13078,2010-12-08 09:07:00,2011-12-06 15:36:00,3,26,12627.94,363,14.52
13079,2011-07-22 14:41:00,2011-12-05 16:53:00,4,5,220.10000000000002,136,34.0
13080,2011-06-13 14:59:00,2011-06-13 14:59:00,179,1,58.08,0,0.0
13081,2010-12-03 17:20:00,2011-11-28 10:54:00,12,11,28337.38,359,35.9
13082,2011-01-05 15:42:00,2011-08-05 16:16:00,126,9,3613.63,212,26.5
13083,2011-09-25 10:46:00,2011-12-05 15:01:00,4,2,303.75,71,71.0
13085,2011-02-17 13:57:00,2011-07-05 12:11:00,158,2,416.08,137,137.0
13089,2010-12-05 10:27:00,2011-12-07 09:02:00,3,97,58825.83,366,3.8125
13090,2010-12-02 07:48:00,2011-12-01 12:39:00,9,14,8910.82,364,28.0
13091,2011-11-11 15:54:00,2011-11-11 15:54:00,28,1,345.82,0,0.0
13092,2010-12-15 12:27:00,2011-09-30 11:18:00,71,5,477.83,288,72.0
13093,2010-12-01 15:00:00,2011-03-09 12:14:00,276,8,7832.47,97,13.857142857142858
13094,2010-12-06 10:34:00,2011-11-18 14:07:00,21,12,1927.3200000000002,347,31.545454545454547
13095,2011-09-30 12:03:00,2011-09-30 12:03:00,71,1,74.39999999999999,0,0.0
13097,2010-12-14 15:13:00,2011-11-07 10:43:00,33,10,6010.42,327,36.333333333333336
13098,2011-01-26 13:46:00,2011-12-08 14:14:00,1,28,28882.44,316,11.703703703703704
13099,2011-09-01 17:40:00,2011-09-01 17:40:00,99,1,207.36,0,0.0
13101,2011-04-19 14:37:00,2011-04-19 14:37:00,234,1,101.19,0,0.0
13102,2010-12-09 13:38:00,2011-12-08 12:52:00,1,24,6424.09,363,15.782608695652174
13103,2011-10-31 09:38:00,2011-10-31 09:38:00,40,1,243.94,0,0.0
13104,2010-12-20 11:58:00,2011-12-06 13:10:00,3,6,1098.48,351,70.2
13106,2011-07-29 15:12:00,2011-07-29 15:12:00,133,1,76.5,0,0.0
13107,2011-01-10 12:28:00,2011-10-26 14:52:00,44,4,1531.6200000000001,289,96.33333333333333
13108,2010-12-02 10:35:00,2010-12-02 10:35:00,373,1,350.06,0,0.0
13109,2011-07-05 14:56:00,2011-10-11 10:16:00,60,2,786.54,97,97.0
13110,2011-02-01 15:24:00,2011-11-08 14:30:00,31,7,1488.67,279,46.5
13113,2010-12-08 13:21:00,2011-12-09 12:49:00,1,24,12245.960000000001,365,15.869565217391305
13115,2011-06-08 16:15:00,2011-11-28 12:38:00,12,4,2294.78,172,57.333333333333336
13116,2011-07-24 14:33:00,2011-07-24 14:33:00,138,1,501.14,0,0.0
13117,2010-12-02 13:11:00,2011-11-18 12:02:00,22,8,984.91,350,50.0
13118,2011-02-24 12:32:00,2011-11-20 12:46:00,20,5,1197.81,269,67.25
13120,2011-04-15 10:19:00,2011-04-15 10:19:00,239,1,30.6,0,0.0
13121,2011-03-15 16:47:00,2011-03-15 16:47:00,269,1,283.73,0,0.0
13122,2011-04-13 14:12:00,2011-09-06 15:53:00,94,2,922.39,146,146.0
13124,2010-12-15 15:00:00,2011-09-11 12:45:00,90,3,3866.33,269,134.5
13126,2010-12-08 11:42:00,2011-12-05 10:00:00,5,8,2099.64,361,51.57142857142857
13127,2011-09-23 10:26:00,2011-09-23 10:26:00,78,1,259.17,0,0.0
13130,2011-09-06 15:30:00,2011-09-06 15:30:00,94,1,64.0,0,0.0
13131,2011-06-05 10:54:00,2011-11-16 13:21:00,23,3,1073.3,164,82.0
13132,2011-03-23 12:44:00,2011-03-23 12:44:00,262,1,77.3,0,0.0
13133,2011-02-08 15:48:00,2011-03-11 10:31:00,274,2,109.8,30,30.0
13134,2011-04-13 12:57:00,2011-09-15 10:35:00,86,4,1793.58,154,51.333333333333336
13135,2011-05-27 10:52:00,2011-05-27 10:52:00,197,1,3096.0,0,0.0
13136,2011-05-11 12:47:00,2011-10-14 13:41:00,56,5,2607.61,156,39.0
13137,2011-02-04 11:54:00,2011-11-29 12:09:00,11,8,3650.41,298,42.57142857142857
13138,2010-12-02 15:03:00,2011-11-17 16:51:00,22,6,962.39,350,70.0
13139,2011-03-25 11:57:00,2011-11-23 13:54:00,16,7,5064.9400000000005,243,40.5
13140,2010-12-08 15:12:00,2011-08-23 15:33:00,108,3,423.72,258,129.0
13141,2011-01-28 13:04:00,2011-09-16 09:54:00,85,5,2388.75,230,57.5
13142,2011-11-20 16:07:00,2011-11-20 16:07:00,19,1,307.09000000000003,0,0.0
13144,2011-01-11 11:15:00,2011-01-11 11:15:00,333,1,110.95,0,0.0
13145,2010-12-02 18:06:00,2011-10-31 12:45:00,40,4,618.52,332,110.66666666666667
13146,2011-11-13 15:29:00,2011-11-13 15:29:00,26,1,228.91,0,0.0
13147,2011-09-01 12:28:00,2011-11-29 13:59:00,10,4,712.8,89,29.666666666666668
13148,2010-12-10 13:06:00,2011-11-10 15:23:00,29,12,3707.12,335,30.454545454545453
13149,2011-02-23 13:57:00,2011-11-25 13:09:00,14,4,1676.06,274,91.33333333333333
13151,2011-02-17 12:29:00,2011-02-17 12:29:00,296,1,1257.8700000000001,0,0.0
13153,2011-12-04 12:14:00,2011-12-04 12:14:00,6,1,486.22,0,0.0
13155,2010-12-06 12:44:00,2011-11-06 15:41:00,33,4,971.76,335,111.66666666666667
13157,2011-02-14 14:03:00,2011-10-21 13:50:00,49,4,1741.22,248,82.66666666666667
13158,2011-01-25 09:58:00,2011-09-06 11:58:00,95,4,1201.06,224,74.66666666666667
13159,2011-08-16 11:44:00,2011-12-01 11:20:00,9,4,1437.85,106,35.333333333333336
13160,2011-11-17 13:07:00,2011-11-17 13:07:00,22,1,91.8,0,0.0
13161,2011-01-30 14:03:00,2011-01-30 14:03:00,313,1,112.75,0,0.0
13162,2011-01-09 10:43:00,2011-08-09 15:59:00,122,4,1688.29,212,70.66666666666667
13165,2010-12-23 14:06:00,2011-10-24 15:05:00,46,2,1021.48,305,305.0
13166,2011-03-01 15:16:00,2011-03-01 15:16:00,283,1,417.2,0,0.0
13167,2011-07-19 12:13:00,2011-11-21 12:24:00,19,4,791.33,125,41.666666666666664
13168,2011-01-25 13:55:00,2011-11-03 12:56:00,36,4,1319.19,281,93.66666666666667
13169,2011-04-01 14:24:00,2011-10-07 12:11:00,64,2,712.88,188,188.0
13170,2011-11-13 12:19:00,2011-11-13 12:19:00,27,1,116.00999999999999,0,0.0
13171,2011-02-13 14:16:00,2011-11-18 10:27:00,22,3,468.41,277,138.5
13173,2010-12-07 14:30:00,2011-12-05 15:51:00,4,2,353.65000000000003,363,363.0
13174,2010-12-05 16:24:00,2011-11-23 14:35:00,16,3,2817.03,352,176.0
13176,2011-10-24 15:43:00,2011-10-24 15:43:00,46,1,492.84,0,0.0
13177,2011-10-06 09:56:00,2011-10-06 09:56:00,65,1,282.45,0,0.0
13178,2010-12-14 12:22:00,2011-11-13 16:14:00,26,11,5725.47,334,33.4
13182,2011-10-25 13:46:00,2011-10-25 13:46:00,45,1,121.18,0,0.0
13183,2011-01-09 10:50:00,2011-12-02 10:30:00,8,9,3957.78,326,40.75
13184,2011-02-22 17:25:00,2011-11-25 12:02:00,15,10,1701.29,275,30.555555555555557
13185,2011-03-17 11:56:00,2011-03-17 11:56:00,268,1,71.4,0,0.0
13186,2011-08-03 09:09:00,2011-10-31 11:40:00,40,3,1575.89,89,44.5
13187,2011-01-06 18:57:00,2011-01-06 18:57:00,337,1,236.02,0,0.0
13188,2011-11-28 15:28:00,2011-11-28 15:28:00,11,1,114.6,0,0.0
13189,2011-08-16 13:12:00,2011-11-21 10:39:00,19,2,260.68,96,96.0
13192,2011-05-18 14:57:00,2011-09-05 14:13:00,95,2,911.94,109,109.0
13193,2011-10-09 14:30:00,2011-10-09 14:30:00,61,1,117.88,0,0.0
13194,2011-07-27 09:01:00,2011-07-27 09:01:00,136,1,60.7,0,0.0
13196,2011-03-22 14:24:00,2011-11-28 13:54:00,11,4,1797.78,250,83.33333333333333
13198,2010-12-13 09:29:00,2011-11-29 15:17:00,10,6,3401.2400000000002,351,70.2
13199,2010-12-08 10:51:00,2011-12-06 12:30:00,4,38,9817.12,363,9.81081081081081
13200,2011-08-05 14:50:00,2011-11-20 15:35:00,19,4,870.09,107,35.666666666666664
13203,2011-04-11 14:40:00,2011-11-30 10:45:00,10,4,869.46,232,77.33333333333333
13207,2011-07-12 11:35:00,2011-11-24 14:52:00,15,2,250.26000000000002,135,135.0
13208,2011-02-03 19:32:00,2011-10-12 09:54:00,59,6,1223.9,250,50.0
13209,2010-12-13 10:31:00,2011-11-09 13:54:00,30,8,5891.61,331,47.285714285714285
13210,2011-09-07 08:18:00,2011-09-07 08:18:00,94,1,353.48,0,0.0
13211,2010-12-13 16:17:00,2011-11-29 14:43:00,10,3,1197.42,350,175.0
13212,2011-10-09 14:48:00,2011-11-20 12:40:00,20,3,788.08,41,20.5
13213,2011-05-24 12:22:00,2011-10-14 11:42:00,57,5,1520.58,142,35.5
13216,2011-03-17 12:18:00,2011-03-17 12:18:00,268,1,333.74,0,0.0
13217,2011-07-06 12:08:00,2011-08-09 15:32:00,122,3,533.98,34,17.0
13218,2011-08-04 16:59:00,2011-08-04 16:59:00,127,1,62.64,0,0.0
13220,2011-04-17 10:59:00,2011-09-22 13:38:00,78,4,819.2900000000001,158,52.666666666666664
13221,2010-12-15 13:24:00,2011-04-13 16:58:00,240,2,847.41,119,119.0
13223,2011-04-21 15:16:00,2011-05-23 13:03:00,200,2,163.2,31,31.0
13224,2011-07-11 14:10:00,2011-10-10 14:55:00,60,2,2155.95,91,91.0
13225,2010-12-13 09:49:00,2011-12-06 13:29:00,3,7,6463.84,358,59.666666666666664
13226,2011-03-11 14:35:00,2011-03-11 14:35:00,273,1,108.21000000000001,0,0.0
13227,2011-05-22 11:47:00,2011-05-22 11:47:00,202,1,257.7,0,0.0
13228,2011-09-19 14:28:00,2011-09-19 14:28:00,81,1,358.0,0,0.0
13229,2011-04-28 12:07:00,2011-04-28 12:07:00,226,1,160.95,0,0.0
13230,2010-12-09 19:28:00,2011-12-05 16:03:00,4,14,2806.97,360,27.692307692307693
13232,2011-04-10 13:48:00,2011-11-27 10:39:00,13,7,1357.6,230,38.333333333333336
13233,2011-01-07 14:49:00,2011-09-26 13:25:00,74,2,605.12,261,261.0
13235,2011-05-11 17:13:00,2011-05-11 17:13:00,212,1,1031.07,0,0.0
13236,2011-08-25 08:58:00,2011-11-15 12:50:00,25,2,744.85,82,82.0
13238,2010-12-14 14:37:00,2011-11-22 15:37:00,17,4,700.73,343,114.33333333333333
13239,2011-03-23 10:25:00,2011-03-23 10:25:00,262,1,329.56,0,0.0
13240,2010-12-09 12:49:00,2011-09-04 14:08:00,96,4,663.65,269,89.66666666666667
13242,2011-05-10 12:26:00,2011-08-19 12:53:00,112,3,270.40000000000003,101,50.5
13243,2011-05-20 13:14:00,2011-05-20 13:14:00,203,1,600.07,0,0.0
13244,2011-09-08 11:46:00,2011-09-08 11:46:00,93,1,121.74000000000001,0,0.0
13245,2011-10-20 11:40:00,2011-10-20 11:40:00,51,1,430.5,0,0.0
13246,2011-01-13 13:36:00,2011-11-21 16:50:00,18,6,1987.3,312,62.4
13247,2011-09-18 11:31:00,2011-11-22 10:59:00,18,4,501.12,64,21.333333333333332
13248,2011-06-03 13:05:00,2011-08-07 12:40:00,125,2,465.68,64,64.0
13249,2011-03-23 15:26:00,2011-09-08 13:26:00,92,3,711.41,168,84.0
13253,2011-01-04 15:43:00,2011-07-06 10:09:00,157,2,1030.4,182,182.0
13255,2010-12-01 11:58:00,2011-11-30 13:14:00,9,2,399.51,364,364.0
13258,2011-05-18 13:11:00,2011-11-28 09:31:00,12,3,698.5799999999999,193,96.5
13259,2011-10-09 10:48:00,2011-10-09 10:48:00,62,1,292.32,0,0.0
13260,2011-10-09 13:21:00,2011-10-09 13:21:00,61,1,557.62,0,0.0
13261,2011-02-27 10:41:00,2011-03-16 12:22:00,269,2,944.1,17,17.0
13262,2011-03-21 15:06:00,2011-03-21 15:06:00,263,1,200.29,0,0.0
13263,2011-01-18 16:31:00,2011-12-08 13:59:00,1,35,7454.07,323,9.5
13265,2011-03-11 09:54:00,2011-10-17 15:02:00,53,5,2107.66,220,55.0
13266,2011-03-28 10:14:00,2011-11-28 14:39:00,11,12,3834.2599999999998,245,22.272727272727273
13267,2010-12-08 09:20:00,2011-12-07 11:12:00,3,19,4521.49,364,20.22222222222222
13268,2011-03-17 13:20:00,2011-11-22 11:51:00,18,11,3214.69,249,24.9
13269,2010-12-05 11:51:00,2011-12-08 14:53:00,1,15,5346.2300000000005,368,26.285714285714285
13270,2010-12-08 14:53:00,2010-12-08 14:53:00,366,1,590.0,0,0.0
13271,2011-11-02 14:31:00,2011-11-02 14:31:00,37,1,217.38,0,0.0
13272,2011-09-11 12:06:00,2011-11-08 14:00:00,31,2,276.56,58,58.0
13273,2011-08-18 14:02:00,2011-08-18 14:02:00,113,1,138.98,0,0.0
13276,2011-09-01 10:03:00,2011-10-07 12:44:00,64,2,590.9300000000001,36,36.0
13277,2011-07-29 10:06:00,2011-11-24 09:21:00,16,4,258.4,117,39.0
13278,2011-10-30 11:49:00,2011-10-30 11:49:00,41,1,542.73,0,0.0
13279,2011-09-22 17:24:00,2011-09-22 17:24:00,78,1,137.75,0,0.0
13280,2011-01-06 17:10:00,2011-08-09 13:14:00,122,3,814.86,214,107.0
13282,2011-05-03 12:03:00,2011-11-21 15:33:00,18,3,1132.14,202,101.0
13283,2011-06-07 12:39:00,2011-10-11 09:50:00,60,2,93.66,125,125.0
13284,2011-01-13 09:23:00,2011-01-13 09:23:00,331,1,201.19,0,0.0
13285,2011-02-22 17:13:00,2011-11-16 13:19:00,23,4,2709.12,266,88.66666666666667
13291,2011-07-07 10:36:00,2011-07-07 10:36:00,156,1,361.11,0,0.0
13292,2011-02-28 15:00:00,2011-11-01 10:04:00,39,2,578.94,245,245.0
13294,2011-04-04 12:37:00,2011-06-03 08:54:00,190,2,873.74,59,59.0
13295,2010-12-15 11:21:00,2010-12-15 11:21:00,360,1,201.20000000000002,0,0.0
13296,2011-07-25 13:46:00,2011-07-25 13:46:00,137,1,87.4,0,0.0
13297,2011-10-03 15:08:00,2011-12-02 09:32:00,8,4,2089.85,59,19.666666666666668
13298,2011-12-08 13:11:00,2011-12-08 13:11:00,1,1,360.0,0,0.0
13299,2011-03-16 12:55:00,2011-03-16 12:55:00,268,1,142.5,0,0.0
13300,2011-06-23 13:09:00,2011-06-23 13:09:00,169,1,371.89,0,0.0
13301,2011-02-20 13:13:00,2011-08-28 11:25:00,104,4,618.09,188,62.666666666666664
13302,2011-07-07 17:56:00,2011-07-07 17:56:00,155,1,63.75,0,0.0
13304,2010-12-23 14:35:00,2010-12-23 14:35:00,351,1,300.42,0,0.0
13305,2010-12-02 12:10:00,2011-12-05 15:15:00,4,10,2000.86,368,40.888888888888886
13307,2011-08-11 17:14:00,2011-08-11 17:14:00,120,1,15.0,0,0.0
13308,2011-05-20 13:13:00,2011-11-17 09:31:00,23,3,1385.51,180,90.0
13309,2011-02-04 12:29:00,2011-12-02 16:34:00,7,5,1456.79,301,75.25
13310,2011-01-19 14:50:00,2011-11-11 17:23:00,28,3,1132.03,296,148.0
13311,2011-07-12 14:26:00,2011-12-05 12:55:00,4,2,598.57,145,145.0
13313,2011-01-04 10:00:00,2011-11-17 16:48:00,22,5,1555.3200000000002,317,79.25
13314,2011-09-27 10:20:00,2011-12-08 12:29:00,2,3,775.94,72,36.0
13316,2011-03-30 13:01:00,2011-11-02 13:40:00,37,4,5977.73,217,72.33333333333333
13317,2010-12-16 09:22:00,2011-10-04 13:35:00,66,6,2273.68,292,58.4
13318,2011-11-02 13:26:00,2011-12-08 18:51:00,1,3,640.76,36,18.0
13319,2010-12-09 10:04:00,2011-12-04 13:34:00,5,26,10845.550000000001,360,14.4
13320,2011-05-10 10:29:00,2011-09-22 18:07:00,78,4,1548.7,135,45.0
13321,2011-09-14 15:18:00,2011-09-28 15:24:00,72,2,567.36,14,14.0
13322,2011-11-22 14:21:00,2011-11-22 14:21:00,17,1,199.48000000000002,0,0.0
13323,2011-09-16 13:23:00,2011-12-06 17:12:00,3,5,787.85,81,20.25
13324,2010-12-14 09:50:00,2011-11-03 16:28:00,36,10,7121.95,324,36.0
13325,2011-09-19 10:36:00,2011-09-19 10:36:00,82,1,675.3,0,0.0
13327,2010-12-09 15:32:00,2011-11-01 10:21:00,39,8,3627.77,326,46.57142857142857
13328,2011-01-27 15:22:00,2011-01-27 15:22:00,316,1,1308.48,0,0.0
13329,2010-12-08 10:11:00,2011-11-08 10:29:00,32,2,789.0,335,335.0
13330,2011-01-28 10:08:00,2011-09-08 12:27:00,93,3,1140.93,223,111.5
13332,2011-11-25 13:30:00,2011-11-25 13:30:00,14,1,350.90000000000003,0,0.0
13334,2011-02-07 11:42:00,2011-09-18 15:21:00,82,3,3536.82,223,111.5
13336,2011-09-23 14:05:00,2011-09-23 14:05:00,77,1,795.12,0,0.0
13338,2011-07-05 09:06:00,2011-07-05 09:06:00,158,1,487.02,0,0.0
13339,2011-05-23 08:31:00,2011-05-23 08:31:00,201,1,860.12,0,0.0
13340,2011-03-08 11:39:00,2011-10-25 13:15:00,45,7,10736.48,231,38.5
13341,2011-03-24 09:50:00,2011-03-24 09:50:00,261,1,775.85,0,0.0
13343,2011-06-15 12:24:00,2011-06-15 12:24:00,178,1,353.43,0,0.0
13344,2011-03-07 10:28:00,2011-10-03 09:45:00,68,3,2543.7200000000003,209,104.5
13345,2011-02-25 09:01:00,2011-02-25 09:01:00,288,1,389.5,0,0.0
13347,2011-09-30 13:28:00,2011-09-30 13:28:00,70,1,341.36,0,0.0
13348,2011-10-06 17:28:00,2011-10-06 17:28:00,64,1,233.76000000000002,0,0.0
13349,2011-11-29 08:07:00,2011-11-29 08:07:00,11,1,247.32,0,0.0
13350,2011-09-21 13:33:00,2011-11-23 16:33:00,16,2,979.12,63,63.0
13351,2011-10-04 12:55:00,2011-10-04 12:55:00,66,1,373.94,0,0.0
13352,2011-10-10 13:55:00,2011-10-10 13:55:00,60,1,397.98,0,0.0
13354,2011-09-29 13:17:00,2011-09-29 13:17:00,71,1,743.53,0,0.0
13355,2011-08-09 14:48:00,2011-08-09 14:48:00,122,1,674.7,0,0.0
13356,2011-09-20 14:33:00,2011-09-20 14:33:00,80,1,768.24,0,0.0
13357,2011-03-27 13:56:00,2011-03-27 13:56:00,257,1,609.95,0,0.0
13358,2011-03-16 11:52:00,2011-03-16 11:52:00,269,1,439.03000000000003,0,0.0
13359,2011-10-07 09:30:00,2011-10-07 09:30:00,64,1,439.56,0,0.0
13362,2011-02-25 11:33:00,2011-11-30 14:41:00,9,4,3090.7400000000002,278,92.66666666666667
13363,2011-10-27 10:46:00,2011-11-22 12:40:00,18,2,992.5,26,26.0
13364,2011-09-29 18:13:00,2011-09-29 18:13:00,71,1,134.96,0,0.0
13365,2011-05-06 12:00:00,2011-11-06 12:36:00,34,2,2225.37,184,184.0
13366,2011-10-20 13:37:00,2011-10-20 13:37:00,50,1,56.16,0,0.0
13368,2011-01-06 12:32:00,2011-03-28 09:59:00,257,2,623.4,80,80.0
13369,2010-12-09 11:30:00,2010-12-09 11:30:00,366,1,308.28000000000003,0,0.0
13370,2010-12-03 10:26:00,2010-12-03 10:26:00,372,1,754.87,0,0.0
13372,2011-09-11 12:46:00,2011-09-11 12:46:00,90,1,378.64,0,0.0
13373,2011-03-08 14:35:00,2011-10-10 10:51:00,61,3,3312.25,215,107.5
13375,2011-09-12 10:19:00,2011-09-12 10:19:00,89,1,778.65,0,0.0
13376,2011-04-19 13:03:00,2011-09-01 16:16:00,99,3,1019.76,135,67.5
13379,2011-07-26 12:26:00,2011-11-13 13:45:00,26,3,572.56,110,55.0
13381,2011-02-14 10:10:00,2011-11-08 11:58:00,32,6,3639.31,267,53.4
13382,2011-03-04 10:03:00,2011-03-04 10:03:00,281,1,222.99,0,0.0
13384,2011-06-14 12:47:00,2011-11-09 11:04:00,31,7,4151.93,147,24.5
13385,2011-01-14 09:52:00,2011-01-14 09:52:00,330,1,534.57,0,0.0
13388,2011-07-31 12:52:00,2011-07-31 12:52:00,131,2,677.1,0,0.0
13389,2011-04-21 12:12:00,2011-11-28 14:01:00,11,3,797.96,221,110.5
13390,2011-09-26 08:38:00,2011-09-26 08:38:00,75,1,544.08,0,0.0
13391,2011-05-20 10:50:00,2011-05-20 10:50:00,204,1,59.8,0,0.0
13394,2011-02-03 10:39:00,2011-12-08 11:36:00,2,8,2520.02,308,44.0
13395,2011-06-07 15:04:00,2011-06-07 15:04:00,185,1,307.72,0,0.0
13396,2011-01-24 13:37:00,2011-11-10 16:59:00,29,2,1360.99,290,290.0
13397,2011-01-04 13:50:00,2011-09-28 10:56:00,73,5,1544.13,266,66.5
13398,2011-05-31 13:17:00,2011-05-31 13:17:00,192,1,457.34000000000003,0,0.0
13402,2010-12-02 17:12:00,2011-08-04 15:51:00,127,2,621.23,244,244.0
13403,2011-11-22 08:28:00,2011-11-22 08:28:00,18,1,75.0,0,0.0
13404,2011-05-11 11:57:00,2011-12-08 15:37:00,1,2,252.49,211,211.0
13405,2011-01-26 09:27:00,2011-09-26 17:01:00,74,3,572.451,243,121.5
13408,2010-12-01 10:39:00,2011-12-08 09:05:00,2,62,28117.04,371,6.081967213114754
13410,2011-02-21 14:38:00,2011-11-15 15:33:00,24,5,1003.06,267,66.75
13411,2011-08-24 13:57:00,2011-08-24 13:57:00,107,1,213.55,0,0.0
13414,2011-02-16 12:13:00,2011-07-29 11:45:00,134,3,1390.5,162,81.0
13416,2011-09-19 14:43:00,2011-10-27 08:56:00,44,2,712.5,37,37.0
13417,2011-05-18 16:26:00,2011-12-05 08:49:00,5,2,640.83,200,200.0
13418,2010-12-02 10:45:00,2011-11-28 10:23:00,12,18,6127.43,360,21.176470588235293
13419,2011-10-07 12:49:00,2011-10-07 12:49:00,64,1,221.06,0,0.0
13420,2011-06-22 11:35:00,2011-07-13 08:48:00,150,2,159.85,20,20.0
13421,2011-02-22 15:46:00,2011-10-30 14:21:00,40,2,1851.08,249,249.0
13422,2011-10-06 13:42:00,2011-10-06 13:42:00,64,1,2626.3,0,0.0
13425,2011-02-18 08:34:00,2011-08-23 17:13:00,108,3,1624.21,186,93.0
13426,2010-12-15 12:43:00,2011-12-09 08:59:00,1,10,3641.32,358,39.77777777777778
13427,2011-05-08 15:58:00,2011-11-20 13:02:00,19,3,582.6,195,97.5
13428,2011-11-29 14:20:00,2011-11-29 14:20:00,10,1,218.47,0,0.0
13429,2011-09-25 15:59:00,2011-11-29 09:10:00,11,4,1006.8,64,21.333333333333332
13430,2011-09-14 14:26:00,2011-11-21 08:19:00,19,2,679.45,67,67.0
13431,2011-09-12 11:25:00,2011-10-03 13:49:00,67,2,1269.1,21,21.0
13434,2011-09-04 10:35:00,2011-09-26 14:30:00,74,2,534.24,22,22.0
13435,2011-06-03 17:07:00,2011-12-04 14:45:00,5,7,3809.89,183,30.5
13436,2011-12-08 10:33:00,2011-12-08 10:33:00,2,1,196.89,0,0.0
13437,2011-06-02 14:30:00,2011-11-25 14:00:00,14,7,3408.06,175,29.166666666666668
13439,2011-03-29 14:20:00,2011-03-29 14:20:00,255,1,283.71,0,0.0
13441,2011-09-09 09:38:00,2011-09-09 09:38:00,92,1,296.64,0,0.0
13447,2011-11-04 10:10:00,2011-11-16 13:38:00,23,3,1129.14,12,6.0
13448,2010-12-01 10:52:00,2011-11-23 12:33:00,17,6,3539.3700000000003,357,71.4
13449,2011-11-16 08:28:00,2011-11-16 08:28:00,24,1,291.88,0,0.0
13450,2011-05-05 19:48:00,2011-11-13 11:54:00,27,6,2043.72,191,38.2
13451,2011-01-09 15:35:00,2011-11-13 15:58:00,26,5,2976.15,308,77.0
13452,2011-03-14 11:38:00,2011-03-25 14:19:00,259,2,590.0,11,11.0
13453,2011-02-23 09:44:00,2011-06-27 09:34:00,166,2,356.98,123,123.0
13455,2010-12-08 13:11:00,2011-11-15 11:21:00,25,2,1058.34,341,341.0
13456,2011-05-16 15:34:00,2011-11-22 09:18:00,18,6,1766.72,189,37.8
13458,2010-12-15 12:05:00,2011-12-02 15:29:00,7,14,9646.57,352,27.076923076923077
13460,2011-10-21 09:50:00,2011-11-10 17:17:00,29,2,183.44,20,20.0
13461,2011-06-29 10:23:00,2011-11-01 09:01:00,39,3,1445.0,124,62.0
13462,2011-04-01 11:20:00,2011-04-01 11:20:00,253,1,151.5,0,0.0
13464,2011-10-12 15:01:00,2011-10-12 15:01:00,58,1,674.68,0,0.0
13466,2011-06-08 16:39:00,2011-06-08 16:39:00,184,1,307.90000000000003,0,0.0
13467,2011-11-03 16:56:00,2011-11-29 10:01:00,11,2,1083.71,25,25.0
13468,2010-12-01 15:08:00,2011-12-08 10:39:00,2,37,5704.97,371,10.305555555555555
13470,2011-08-16 17:06:00,2011-09-01 14:57:00,99,2,165.0,15,15.0
13471,2011-10-23 13:10:00,2011-12-08 15:44:00,1,4,2531.58,46,15.333333333333334
13473,2011-01-11 08:45:00,2011-10-10 11:20:00,61,2,422.64,272,272.0
13474,2011-04-17 13:53:00,2011-04-17 13:53:00,236,1,229.59,0,0.0
13475,2011-02-14 12:36:00,2011-06-01 13:52:00,191,4,1431.78,107,35.666666666666664
13476,2011-03-03 14:43:00,2011-06-14 12:00:00,179,2,1238.47,102,102.0
13477,2011-02-21 12:29:00,2011-11-02 12:04:00,38,6,1454.58,253,50.6
13479,2011-04-19 11:27:00,2011-05-23 10:45:00,201,2,300.95,33,33.0
13481,2011-03-28 09:07:00,2011-10-25 09:07:00,46,5,1804.56,211,52.75
13482,2011-04-21 17:03:00,2011-04-21 17:03:00,232,1,184.64000000000001,0,0.0
13483,2011-10-05 11:53:00,2011-10-05 11:53:00,66,1,140.34,0,0.0
13484,2011-04-12 16:30:00,2011-04-12 16:30:00,241,1,313.8,0,0.0
13485,2011-04-20 13:58:00,2011-04-20 13:58:00,233,1,454.24,0,0.0
13486,2011-07-07 17:19:00,2011-09-22 13:13:00,78,3,1122.41,76,38.0
13487,2010-12-21 14:54:00,2011-10-13 12:07:00,58,3,575.4,295,147.5
13488,2010-12-07 13:01:00,2011-11-22 14:41:00,17,13,8968.31,350,29.166666666666668
13489,2011-02-18 10:42:00,2011-08-26 13:16:00,105,4,449.52,189,63.0
13491,2010-12-02 14:30:00,2011-10-19 08:32:00,52,10,1215.82,320,35.55555555555556
13492,2011-05-09 10:06:00,2011-07-26 14:25:00,136,3,1269.84,78,39.0
13493,2011-02-25 16:42:00,2011-03-09 15:35:00,275,2,618.63,11,11.0
13494,2011-02-01 11:58:00,2011-02-01 11:58:00,312,1,316.26000000000005,0,0.0
13495,2010-12-06 15:14:00,2011-12-02 11:21:00,8,5,2044.8700000000001,360,90.0
13496,2010-12-15 10:17:00,2011-11-29 10:58:00,11,2,653.33,349,349.0
13497,2010-12-06 11:37:00,2011-03-02 09:04:00,283,2,348.05,85,85.0
13499,2011-03-15 08:52:00,2011-11-22 11:21:00,18,5,1159.1100000000001,252,63.0
13500,2011-08-09 12:20:00,2011-11-16 15:35:00,23,3,1166.77,99,49.5
13501,2011-02-24 18:59:00,2011-02-24 18:59:00,288,1,1340.32,0,0.0
13502,2011-01-20 09:03:00,2011-11-23 10:39:00,17,3,292.0,307,153.5
13503,2011-09-29 13:23:00,2011-09-29 13:23:00,71,1,216.85,0,0.0
13504,2011-10-06 13:20:00,2011-10-06 13:20:00,64,1,295.93,0,0.0
13505,2011-04-21 12:07:00,2011-09-28 11:56:00,73,4,4393.63,159,53.0
13506,2010-12-05 12:15:00,2011-01-27 13:53:00,316,2,458.52,53,53.0
13507,2011-07-17 11:50:00,2011-12-06 13:13:00,3,4,2479.16,142,47.333333333333336
13508,2011-04-10 11:58:00,2011-04-10 11:58:00,244,1,110.97,0,0.0
13509,2011-02-28 13:27:00,2011-12-01 10:10:00,9,7,979.72,275,45.833333333333336
13510,2011-06-09 09:32:00,2011-12-08 13:46:00,1,4,1791.56,182,60.666666666666664
13512,2011-03-24 10:03:00,2011-03-24 10:03:00,261,1,251.21,0,0.0
13513,2011-08-05 11:50:00,2011-08-05 11:50:00,127,1,205.1,0,0.0
13514,2011-09-27 09:39:00,2011-09-27 09:39:00,74,1,152.20000000000002,0,0.0
13515,2011-04-06 10:33:00,2011-09-28 11:26:00,73,4,891.12,175,58.333333333333336
13516,2011-04-15 11:06:00,2011-11-18 13:15:00,21,3,1389.41,217,108.5
13517,2011-06-13 08:44:00,2011-10-11 11:43:00,60,3,2128.42,120,60.0
13518,2011-09-15 10:29:00,2011-09-15 10:29:00,86,1,659.44,0,0.0
13519,2011-09-22 18:24:00,2011-09-22 18:24:00,78,1,122.75,0,0.0
13520,2010-12-03 10:36:00,2011-10-12 10:20:00,59,6,3624.35,312,62.4
13521,2011-11-29 15:09:00,2011-12-08 13:50:00,1,3,1093.65,8,4.0
13522,2011-11-09 15:11:00,2011-11-09 15:11:00,30,1,125.80000000000001,0,0.0
13523,2010-12-08 14:22:00,2011-11-06 15:11:00,33,5,3964.88,333,83.25
13524,2011-05-04 12:26:00,2011-10-30 12:34:00,41,5,680.1800000000001,179,44.75
13525,2011-04-05 15:36:00,2011-11-25 12:01:00,15,2,628.78,233,233.0
13527,2011-01-17 11:17:00,2011-11-06 12:04:00,34,7,2287.51,293,48.833333333333336
13529,2011-05-19 11:50:00,2011-09-22 09:15:00,79,2,307.76,125,125.0
13531,2010-12-08 15:03:00,2011-05-18 16:56:00,205,2,483.8,161,161.0
13532,2011-11-06 12:25:00,2011-11-06 12:25:00,34,1,210.31,0,0.0
13533,2011-03-17 12:47:00,2011-06-10 11:54:00,183,3,270.79,84,42.0
13534,2010-12-16 15:23:00,2011-12-07 14:52:00,2,25,5870.08,355,14.791666666666666
13536,2011-09-25 13:30:00,2011-12-08 16:38:00,1,7,3448.29,74,12.333333333333334
13538,2011-01-28 10:40:00,2011-10-27 16:34:00,43,7,1280.85,272,45.333333333333336
13539,2011-02-03 15:23:00,2011-09-15 10:18:00,86,3,631.34,223,111.5
13544,2011-04-13 12:09:00,2011-10-31 11:57:00,40,2,291.41,200,200.0
13546,2011-05-23 12:14:00,2011-11-27 14:50:00,12,3,626.99,188,94.0
13548,2011-04-10 11:35:00,2011-09-04 14:50:00,96,2,682.41,147,147.0
13549,2011-04-11 13:42:00,2011-11-14 09:20:00,26,7,918.2,216,36.0
13551,2011-01-24 14:46:00,2011-01-24 14:46:00,319,1,91.80000000000001,0,0.0
13552,2011-01-28 10:10:00,2011-10-04 15:19:00,66,12,3740.07,249,22.636363636363637
13555,2011-05-22 11:06:00,2011-09-27 12:36:00,74,4,4149.28,128,42.666666666666664
13557,2011-03-04 12:14:00,2011-11-11 15:24:00,28,2,584.0600000000001,252,252.0
13558,2011-10-02 13:01:00,2011-12-04 11:24:00,6,4,605.06,62,20.666666666666668
13560,2011-12-02 13:11:00,2011-12-02 13:11:00,7,1,174.37,0,0.0
13561,2011-05-08 12:39:00,2011-05-08 12:39:00,216,1,141.85999999999999,0,0.0
13562,2011-04-08 12:42:00,2011-09-19 10:51:00,82,3,1799.3300000000002,163,81.5
13563,2011-07-22 17:21:00,2011-09-16 14:45:00,84,2,777.53,55,55.0
13564,2010-12-06 17:26:00,2011-07-18 14:33:00,144,3,1749.02,223,111.5
13565,2011-01-09 14:28:00,2011-11-20 14:33:00,19,2,240.22,315,315.0
13566,2011-09-18 12:40:00,2011-10-30 11:59:00,41,2,874.71,41,41.0
13568,2011-06-19 14:42:00,2011-06-19 14:42:00,173,1,192.85,0,0.0
13569,2010-12-07 12:29:00,2011-11-22 13:07:00,17,2,373.75,350,350.0
13570,2011-04-10 13:36:00,2011-04-10 13:36:00,243,1,239.49,0,0.0
13571,2011-03-31 12:43:00,2011-11-27 10:47:00,13,12,2092.32,240,21.818181818181817
13572,2011-05-18 11:59:00,2011-05-18 11:59:00,206,1,1384.25,0,0.0
13573,2011-03-31 14:47:00,2011-10-20 14:33:00,50,2,294.40000000000003,202,202.0
13575,2011-06-16 14:24:00,2011-11-16 13:14:00,23,5,732.07,152,38.0
13576,2010-12-01 17:24:00,2011-11-29 15:34:00,10,18,6717.34,362,21.294117647058822
13577,2011-04-12 10:33:00,2011-11-14 15:19:00,25,4,1687.6000000000001,216,72.0
13579,2010-12-05 16:10:00,2011-11-25 08:41:00,15,2,467.04,354,354.0
13581,2011-02-03 14:41:00,2011-02-03 14:41:00,309,1,118.0,0,0.0
13583,2011-07-07 10:40:00,2011-07-07 10:40:00,156,1,781.03,0,0.0
13584,2011-02-06 12:49:00,2011-02-06 12:49:00,307,1,142.4,0,0.0
13587,2011-10-07 12:31:00,2011-10-07 12:31:00,64,1,712.4,0,0.0
13588,2011-03-29 15:53:00,2011-11-24 10:42:00,16,9,2478.95,239,29.875
13589,2011-06-13 12:44:00,2011-11-25 12:10:00,15,2,379.65,164,164.0
13590,2011-02-09 13:25:00,2011-11-28 12:54:00,11,6,1981.92,291,58.2
13591,2011-03-18 12:18:00,2011-10-06 12:26:00,65,3,1117.13,202,101.0
13592,2011-03-20 14:01:00,2011-11-04 09:49:00,36,4,247.95999999999998,228,76.0
13593,2011-01-07 16:32:00,2011-08-23 13:35:00,108,5,2037.0800000000002,227,56.75
13594,2011-10-18 10:19:00,2011-10-18 10:19:00,53,1,396.97,0,0.0
13596,2011-11-27 11:57:00,2011-12-04 12:01:00,6,2,697.04,7,7.0
13598,2011-10-23 14:28:00,2011-10-23 14:28:00,47,1,180.17000000000002,0,0.0
13599,2010-12-08 10:11:00,2011-12-08 16:10:00,1,21,5153.67,365,18.25
13600,2011-01-31 15:27:00,2011-01-31 15:27:00,312,1,219.52,0,0.0
13601,2011-05-12 16:52:00,2011-10-25 17:31:00,45,2,693.32,166,166.0
13602,2011-10-06 11:47:00,2011-10-06 11:47:00,65,1,428.89,0,0.0
13603,2011-11-13 15:57:00,2011-11-13 15:57:00,26,1,164.34,0,0.0
13606,2011-02-01 11:42:00,2011-11-10 17:46:00,29,3,280.54,282,141.0
13607,2011-10-30 16:17:00,2011-10-30 16:17:00,40,1,678.01,0,0.0
13610,2011-02-27 14:44:00,2011-11-27 15:38:00,12,7,1131.88,273,45.5
13611,2010-12-15 10:31:00,2011-09-11 14:51:00,89,3,1171.8,270,135.0
13614,2011-01-13 12:37:00,2011-11-15 14:47:00,24,4,1610.46,306,102.0
13615,2011-01-25 08:21:00,2011-01-25 08:21:00,319,1,417.69,0,0.0
13617,2011-06-12 12:55:00,2011-10-30 13:50:00,40,3,544.18,140,70.0
13618,2011-06-19 11:09:00,2011-06-19 11:09:00,174,1,177.34,0,0.0
13621,2011-08-15 08:26:00,2011-08-15 08:26:00,117,1,213.85,0,0.0
13623,2011-02-15 13:08:00,2011-11-09 12:00:00,31,5,747.78,266,66.5
13626,2011-04-01 10:05:00,2011-04-01 10:05:00,253,1,257.23,0,0.0
13627,2010-12-17 09:52:00,2011-10-11 14:20:00,59,5,1638.47,298,74.5
13629,2011-01-05 12:09:00,2011-11-16 13:21:00,23,11,7792.36,315,31.5
13630,2011-02-27 12:49:00,2011-12-04 15:16:00,5,7,2031.78,280,46.666666666666664
13631,2011-03-17 17:13:00,2011-09-01 09:57:00,100,11,3070.42,167,16.7
13632,2011-04-10 15:07:00,2011-11-15 10:51:00,25,5,2121.27,218,54.5
13634,2011-01-16 15:30:00,2011-11-06 13:40:00,33,5,1575.16,293,73.25
13635,2011-10-03 10:55:00,2011-10-03 10:55:00,68,1,1071.03,0,0.0
13636,2011-02-27 14:29:00,2011-11-03 10:30:00,37,5,949.12,248,62.0
13637,2011-04-27 13:06:00,2011-10-18 13:32:00,52,3,810.5,174,87.0
13638,2011-11-24 10:38:00,2011-11-24 10:38:00,16,1,122.64,0,0.0
13639,2011-09-26 13:36:00,2011-09-26 13:36:00,74,1,1033.34,0,0.0
13642,2011-05-08 12:34:00,2011-05-08 12:34:00,216,1,354.8,0,0.0
13643,2011-06-07 11:40:00,2011-11-08 15:37:00,31,3,519.44,154,77.0
13644,2011-08-26 11:53:00,2011-11-23 14:07:00,16,4,2624.26,89,29.666666666666668
13645,2011-08-11 16:11:00,2011-08-11 16:11:00,120,1,252.1,0,0.0
13647,2011-04-19 09:49:00,2011-11-30 12:00:00,10,4,1678.1200000000001,225,75.0
13649,2010-12-08 14:46:00,2011-03-28 11:51:00,257,2,346.6,109,109.0
13650,2011-03-17 12:37:00,2011-11-23 12:22:00,17,6,1836.3400000000001,250,50.0
13651,2011-10-31 12:11:00,2011-11-04 14:59:00,35,2,94.2,4,4.0
13652,2010-12-06 09:21:00,2011-10-25 08:51:00,46,3,1095.08,322,161.0
13654,2011-03-11 12:54:00,2011-10-27 16:24:00,43,6,2707.33,230,46.0
13655,2011-04-12 09:53:00,2011-08-17 14:25:00,114,2,932.97,127,127.0
13656,2011-01-06 15:42:00,2011-06-28 10:31:00,165,2,379.65,172,172.0
13657,2011-05-22 12:35:00,2011-11-29 12:32:00,11,2,382.14,190,190.0
13658,2011-05-19 17:15:00,2011-11-30 10:13:00,10,5,2639.17,194,48.5
13659,2011-01-23 12:08:00,2011-05-18 12:37:00,206,2,1573.2,115,115.0
13662,2011-03-25 13:23:00,2011-09-15 12:04:00,86,3,897.76,173,86.5
13663,2011-06-13 15:44:00,2011-06-13 15:44:00,179,1,189.47,0,0.0
13666,2011-02-25 13:05:00,2011-10-10 15:39:00,60,3,84.65,227,113.5
13667,2011-07-13 15:42:00,2011-07-13 15:42:00,149,1,305.02,0,0.0
13668,2010-12-12 12:35:00,2011-12-07 12:11:00,3,21,6363.59,359,17.95
13669,2011-07-13 11:44:00,2011-10-20 09:32:00,51,2,218.55,98,98.0
13670,2011-09-25 15:25:00,2011-09-25 15:25:00,75,1,349.7,0,0.0
13672,2011-01-11 13:54:00,2011-02-11 13:53:00,301,2,186.39000000000001,30,30.0
13673,2011-11-07 15:40:00,2011-11-21 12:11:00,19,2,396.92,13,13.0
13675,2011-02-28 12:14:00,2011-07-11 12:57:00,151,2,486.82000000000005,133,133.0
13678,2011-07-11 10:14:00,2011-07-11 10:14:00,152,1,232.6,0,0.0
13680,2011-01-04 14:12:00,2011-12-08 13:47:00,1,4,3722.42,337,112.33333333333333
13681,2011-07-07 15:21:00,2011-11-22 11:13:00,18,4,827.83,137,45.666666666666664
13682,2011-06-05 14:06:00,2011-06-05 14:06:00,187,1,59.5,0,0.0
13684,2011-02-27 10:13:00,2011-02-27 10:13:00,286,1,67.23,0,0.0
13685,2011-10-10 12:59:00,2011-12-07 11:41:00,3,7,3119.44,57,9.5
13686,2011-06-10 09:10:00,2011-06-10 09:10:00,183,1,72.0,0,0.0
13689,2011-10-07 13:21:00,2011-10-07 13:21:00,63,1,910.0,0,0.0
13690,2011-10-11 15:03:00,2011-10-11 15:03:00,59,1,172.25,0,0.0
13692,2011-04-17 12:57:00,2011-11-15 11:17:00,25,3,1488.32,211,105.5
13694,2010-12-01 12:12:00,2011-12-06 09:32:00,4,50,65039.62,369,7.530612244897959
13695,2011-03-25 11:31:00,2011-11-08 14:26:00,31,15,2504.13,228,16.285714285714285
13697,2011-11-01 09:14:00,2011-11-01 09:14:00,39,1,151.3,0,0.0
13699,2011-07-07 16:51:00,2011-07-07 16:51:00,155,1,308.58000000000004,0,0.0
13700,2011-01-16 13:18:00,2011-11-13 13:00:00,26,10,2265.12,300,33.333333333333336
13703,2011-01-25 13:10:00,2011-01-25 13:10:00,318,1,99.5,0,0.0
13704,2011-09-12 14:40:00,2011-12-04 15:13:00,5,9,2308.06,83,10.375
13705,2010-12-01 10:29:00,2011-12-02 12:32:00,8,3,711.86,366,183.0
13706,2011-02-10 09:21:00,2011-02-10 09:21:00,303,1,330.79,0,0.0
13707,2011-01-28 13:27:00,2011-03-17 18:03:00,267,2,806.41,48,48.0
13708,2011-03-13 13:46:00,2011-03-13 13:46:00,271,1,296.88,0,0.0
13709,2011-01-28 14:57:00,2011-12-06 10:28:00,4,13,6328.05,311,25.916666666666668
13710,2011-11-08 08:16:00,2011-11-08 08:16:00,32,1,180.48,0,0.0
13711,2011-05-05 10:29:00,2011-05-05 10:31:00,219,2,252.06,0,0.0
13712,2011-04-07 12:33:00,2011-04-07 12:33:00,247,1,228.84,0,0.0
13715,2010-12-02 08:52:00,2011-03-03 19:21:00,281,5,1079.34,91,22.75
13716,2011-03-15 13:49:00,2011-03-15 13:49:00,269,1,138.28,0,0.0
13717,2011-02-14 13:21:00,2011-11-07 14:13:00,32,6,1445.01,266,53.2
13718,2011-02-17 11:58:00,2011-04-07 13:24:00,246,2,306.55,49,49.0
13719,2011-04-19 13:56:00,2011-11-24 15:26:00,15,5,1041.68,219,54.75
13720,2011-03-30 09:17:00,2011-08-15 12:46:00,117,4,799.9,138,46.0
13721,2011-11-03 14:05:00,2011-11-03 14:05:00,36,1,524.14,0,0.0
13722,2011-03-02 11:43:00,2011-07-31 12:44:00,132,3,2375.41,151,75.5
13723,2011-05-06 17:04:00,2011-05-06 17:04:00,217,1,199.85000000000002,0,0.0
13725,2011-02-04 12:18:00,2011-10-21 10:03:00,50,8,1980.56,258,36.857142857142854
13726,2011-08-31 11:06:00,2011-11-01 10:49:00,39,2,1079.66,61,61.0
13727,2011-11-06 12:16:00,2011-11-11 09:46:00,29,2,333.48,4,4.0
13728,2011-02-02 12:09:00,2011-11-03 10:49:00,37,6,1016.14,273,54.6
13730,2011-07-01 12:47:00,2011-07-27 08:35:00,136,2,752.6,25,25.0
13731,2011-04-07 10:10:00,2011-05-04 14:33:00,219,2,610.59,27,27.0
13732,2011-11-11 15:49:00,2011-11-11 15:49:00,28,1,491.86,0,0.0
13735,2011-04-19 13:49:00,2011-11-15 11:14:00,25,4,2885.2400000000002,209,69.66666666666667
13736,2011-03-24 13:04:00,2011-12-04 15:19:00,5,2,731.9,255,255.0
13737,2011-05-23 16:32:00,2011-05-23 16:32:00,200,1,339.6,0,0.0
13739,2011-11-21 13:35:00,2011-11-21 13:35:00,18,1,216.9,0,0.0
13740,2011-04-13 10:32:00,2011-04-13 10:32:00,241,1,350.75,0,0.0
13741,2011-05-06 13:43:00,2011-09-29 09:19:00,72,3,668.4300000000001,145,72.5
13742,2011-01-23 14:59:00,2011-11-23 11:07:00,17,12,3131.02,303,27.545454545454547
13743,2011-03-25 14:46:00,2011-12-07 10:09:00,3,7,1341.6,256,42.666666666666664
13744,2011-02-20 14:08:00,2011-09-05 15:19:00,95,2,1156.36,197,197.0
13745,2011-06-30 16:43:00,2011-06-30 16:43:00,162,1,300.04,0,0.0
13747,2010-12-01 10:37:00,2010-12-01 10:37:00,374,1,79.6,0,0.0
13748,2010-12-01 09:00:00,2011-09-05 09:45:00,96,5,948.25,278,69.5
13750,2011-01-07 11:49:00,2011-10-17 12:16:00,54,5,1647.26,283,70.75
13751,2011-02-24 15:56:00,2011-02-24 15:56:00,288,1,296.25,0,0.0
13752,2011-04-07 12:04:00,2011-08-07 14:16:00,124,6,1186.28,122,24.4
13753,2011-02-25 12:48:00,2011-02-25 12:48:00,288,1,741.26,0,0.0
13754,2011-01-26 14:58:00,2011-07-11 11:51:00,152,2,282.6,165,165.0
13755,2011-10-07 15:45:00,2011-12-06 12:26:00,4,9,2161.35,59,7.375
13756,2010-12-07 11:41:00,2011-12-07 16:44:00,2,14,5189.52,365,28.076923076923077
13758,2010-12-01 12:08:00,2011-11-28 11:11:00,12,7,3190.55,361,60.166666666666664
13759,2011-09-29 15:40:00,2011-11-06 14:47:00,33,2,659.4100000000001,37,37.0
13760,2011-03-28 12:52:00,2011-10-16 16:13:00,54,2,286.79,202,202.0
13761,2011-06-13 08:43:00,2011-10-20 14:01:00,50,2,1070.65,129,129.0
13762,2011-05-05 09:15:00,2011-05-05 09:15:00,219,1,306.72,0,0.0
13763,2011-10-07 15:13:00,2011-10-07 15:13:00,63,1,1714.96,0,0.0
13764,2011-01-06 14:53:00,2011-09-30 12:03:00,71,3,1521.76,266,133.0
13767,2010-12-01 10:47:00,2011-12-07 15:00:00,2,37,17220.36,371,10.305555555555555
13769,2010-12-07 13:28:00,2011-12-07 15:08:00,2,10,2796.51,365,40.55555555555556
13771,2011-04-06 15:47:00,2011-10-06 14:18:00,64,4,2634.45,182,60.666666666666664
13772,2011-04-14 12:31:00,2011-11-06 11:43:00,34,3,1132.13,205,102.5
13774,2011-09-19 12:06:00,2011-09-19 12:06:00,82,1,345.0,0,0.0
13777,2010-12-01 16:01:00,2011-12-09 12:25:00,1,33,25977.16,372,11.625
13778,2011-08-28 15:25:00,2011-08-28 15:25:00,103,1,178.7,0,0.0
13780,2011-06-22 11:43:00,2011-12-02 13:49:00,7,2,360.01,163,163.0
13781,2011-04-03 12:08:00,2011-04-03 12:08:00,251,1,127.84,0,0.0
13782,2011-01-16 11:08:00,2011-11-27 11:54:00,13,6,912.0,315,63.0
13784,2011-01-11 14:38:00,2011-11-30 09:33:00,10,11,2462.79,322,32.2
13786,2010-12-07 13:53:00,2010-12-07 13:53:00,367,1,230.4,0,0.0
13787,2010-12-10 14:45:00,2011-09-25 12:06:00,76,2,309.04,288,288.0
13790,2011-12-05 15:48:00,2011-12-05 15:48:00,4,1,348.79999999999995,0,0.0
13791,2011-06-24 16:38:00,2011-08-04 11:44:00,128,2,1516.0,40,40.0
13792,2011-02-25 14:03:00,2011-10-04 14:31:00,66,2,195.55,221,221.0
13798,2010-12-02 17:24:00,2011-12-08 15:51:00,1,57,37153.85,370,6.607142857142857
13799,2011-02-18 14:18:00,2011-08-15 12:07:00,117,2,688.86,177,177.0
13800,2011-02-03 12:27:00,2011-02-03 12:27:00,310,1,558.32,0,0.0
13801,2011-10-04 10:15:00,2011-10-04 10:15:00,67,1,324.8,0,0.0
13802,2011-02-01 12:03:00,2011-07-24 10:54:00,139,3,4599.42,172,86.0
13803,2011-03-29 12:57:00,2011-03-29 12:57:00,255,1,277.07,0,0.0
13804,2011-02-23 09:09:00,2011-11-09 12:32:00,31,7,2635.79,259,43.166666666666664
13805,2011-08-02 15:29:00,2011-10-18 14:50:00,52,2,924.5999999999999,76,76.0
13806,2011-10-07 11:43:00,2011-10-07 11:43:00,64,1,256.38,0,0.0
13807,2010-12-07 15:48:00,2010-12-07 15:48:00,367,1,112.6,0,0.0
13808,2011-09-04 12:07:00,2011-12-04 12:18:00,6,5,1747.66,91,22.75
13809,2011-02-07 13:15:00,2011-02-07 13:15:00,305,1,155.05,0,0.0
13810,2011-10-14 12:57:00,2011-11-11 08:33:00,29,3,1499.01,27,13.5
13811,2011-04-14 18:40:00,2011-06-09 09:54:00,184,3,814.5,55,27.5
13812,2011-08-26 12:54:00,2011-10-28 14:27:00,42,3,539.0,63,31.5
13813,2011-07-28 10:33:00,2011-10-31 10:38:00,40,4,1366.8600000000001,95,31.666666666666668
13814,2011-07-25 13:54:00,2011-09-08 13:48:00,92,2,1579.12,44,44.0
13815,2011-01-25 12:16:00,2011-11-17 14:19:00,22,4,4027.36,296,98.66666666666667
13816,2011-10-06 14:37:00,2011-11-16 08:38:00,24,2,571.6700000000001,40,40.0
13817,2010-12-23 11:46:00,2011-11-10 17:49:00,29,2,382.98,322,322.0
13819,2011-01-24 10:38:00,2011-02-11 10:38:00,302,3,1140.35,18,9.0
13821,2011-03-23 11:30:00,2011-07-18 09:49:00,145,2,385.64,116,116.0
13822,2011-10-30 15:55:00,2011-12-04 12:13:00,6,2,632.0,34,34.0
13823,2011-09-09 10:42:00,2011-11-21 10:22:00,19,2,957.66,72,72.0
13824,2011-02-02 13:07:00,2011-11-07 12:41:00,33,5,1698.94,277,69.25
13826,2011-06-16 13:48:00,2011-06-16 13:48:00,176,1,189.5,0,0.0
13827,2011-07-19 15:38:00,2011-10-13 12:38:00,58,3,412.05,85,42.5
13828,2011-11-17 16:02:00,2011-11-17 16:02:00,22,1,209.49,0,0.0
13831,2010-12-05 12:13:00,2011-11-23 15:41:00,16,6,2202.99,353,70.6
13832,2011-11-20 15:36:00,2011-11-20 15:36:00,19,1,52.2,0,0.0
13833,2011-07-03 13:27:00,2011-07-03 13:27:00,159,1,384.8,0,0.0
13835,2011-05-08 15:22:00,2011-11-14 15:37:00,25,4,834.57,190,63.333333333333336
13837,2011-01-26 12:15:00,2011-05-12 12:10:00,212,2,271.24,105,105.0
13838,2010-12-05 10:45:00,2011-12-04 11:00:00,6,4,691.73,364,121.33333333333333
13841,2011-04-01 12:10:00,2011-04-01 12:10:00,253,1,85.0,0,0.0
13842,2010-12-08 10:39:00,2011-10-12 10:51:00,59,9,3385.62,308,38.5
13844,2011-11-28 13:21:00,2011-11-28 13:21:00,11,1,361.62,0,0.0
13845,2011-10-06 08:25:00,2011-10-06 08:25:00,65,1,312.98,0,0.0
13846,2010-12-14 16:07:00,2011-11-15 12:07:00,25,3,865.0600000000001,335,167.5
13848,2010-12-08 15:10:00,2011-09-08 12:58:00,92,3,1255.0,273,136.5
13849,2011-06-22 10:11:00,2011-10-19 10:59:00,52,2,1537.95,119,119.0
13850,2011-08-02 14:04:00,2011-08-02 14:04:00,129,1,1595.48,0,0.0
13851,2011-02-24 17:18:00,2011-09-05 12:36:00,96,3,2651.46,192,96.0
13853,2011-10-13 14:18:00,2011-10-13 14:18:00,57,1,1090.1399999999999,0,0.0
13854,2010-12-09 10:48:00,2011-12-01 09:06:00,9,25,8109.5199999999995,356,14.833333333333334
13856,2011-05-20 13:13:00,2011-06-24 10:03:00,169,3,388.5,34,17.0
13858,2011-10-13 16:17:00,2011-10-13 16:17:00,57,1,216.17000000000002,0,0.0
13859,2011-01-17 16:14:00,2011-01-17 16:14:00,326,1,201.16,0,0.0
13860,2011-09-14 09:27:00,2011-12-08 12:57:00,1,5,1245.9,85,21.25
13862,2011-01-11 15:13:00,2011-11-21 16:24:00,18,8,2209.36,314,44.857142857142854
13863,2011-04-06 10:20:00,2011-04-06 10:20:00,248,1,305.78,0,0.0
13865,2011-02-23 12:04:00,2011-10-12 13:31:00,58,4,501.56,231,77.0
13866,2011-09-26 14:54:00,2011-09-26 14:54:00,74,1,145.67,0,0.0
13867,2011-05-05 17:28:00,2011-11-08 15:48:00,31,3,1015.29,186,93.0
13868,2011-11-01 12:45:00,2011-12-02 16:32:00,7,2,3192.54,31,31.0
13869,2010-12-17 15:14:00,2011-08-08 13:53:00,123,4,3104.9500000000003,233,77.66666666666667
13870,2011-02-25 09:09:00,2011-12-07 13:23:00,2,8,2770.94,285,40.714285714285715
13871,2011-02-04 09:30:00,2011-11-17 10:49:00,23,13,6403.25,286,23.833333333333332
13873,2011-02-03 09:37:00,2011-08-12 10:08:00,120,3,389.6,190,95.0
13874,2010-12-16 18:20:00,2010-12-16 18:20:00,358,1,540.45,0,0.0
13875,2011-02-11 15:39:00,2011-10-17 09:36:00,54,5,1786.79,247,61.75
13876,2011-10-07 10:22:00,2011-10-07 10:22:00,64,1,122.7,0,0.0
13877,2011-09-14 15:49:00,2011-09-14 15:49:00,86,1,117.24,0,0.0
13878,2011-10-16 12:19:00,2011-10-16 12:19:00,55,1,1281.53,0,0.0
13880,2010-12-07 14:00:00,2011-11-18 13:44:00,21,13,3219.77,345,28.75
13881,2011-02-01 10:14:00,2011-12-06 12:50:00,4,20,17159.52,308,16.210526315789473
13882,2011-10-06 15:28:00,2011-12-07 11:16:00,3,5,1191.13,61,15.25
13883,2011-03-31 17:17:00,2011-11-29 10:45:00,11,5,2674.48,242,60.5
13884,2011-03-01 13:40:00,2011-12-02 16:30:00,7,5,787.6,276,69.0
13885,2011-05-23 08:52:00,2011-06-03 15:07:00,189,2,506.8,11,11.0
13886,2011-09-29 13:17:00,2011-09-29 13:17:00,71,1,243.56,0,0.0
13887,2011-05-19 17:22:00,2011-05-19 17:22:00,204,1,349.55,0,0.0
13888,2011-05-05 14:41:00,2011-08-12 10:13:00,120,2,605.63,98,98.0
13889,2011-09-08 09:13:00,2011-09-08 09:13:00,93,1,416.90000000000003,0,0.0
13890,2010-12-16 09:31:00,2011-12-08 15:36:00,1,10,1883.81,357,39.666666666666664
13892,2011-04-07 12:04:00,2011-11-13 11:50:00,27,4,632.97,219,73.0
13893,2011-02-15 11:30:00,2011-02-15 11:30:00,298,1,821.1,0,0.0
13894,2011-02-02 12:54:00,2011-11-16 09:44:00,24,3,564.62,286,143.0
13895,2011-06-28 10:17:00,2011-11-11 16:57:00,28,4,2593.07,136,45.333333333333336
13897,2011-10-20 14:30:00,2011-10-20 14:30:00,50,1,311.16,0,0.0
13898,2011-01-18 10:28:00,2011-01-18 10:28:00,326,1,155.93,0,0.0
13899,2011-03-10 09:30:00,2011-11-23 13:40:00,16,2,388.52,258,258.0
13900,2011-03-22 10:13:00,2011-06-09 19:26:00,183,3,740.95,79,39.5
13901,2011-01-25 09:01:00,2011-09-28 14:48:00,72,5,2867.2000000000003,246,61.5
13904,2011-02-18 11:18:00,2011-11-02 13:41:00,37,2,332.64,257,257.0
13908,2011-03-08 12:04:00,2011-09-21 11:49:00,80,4,2369.55,196,65.33333333333333
13911,2011-02-04 14:46:00,2011-10-13 15:43:00,57,9,2580.91,251,31.375
13914,2011-11-03 16:28:00,2011-11-28 10:35:00,12,2,626.45,24,24.0
13917,2011-06-01 12:46:00,2011-10-21 09:56:00,50,2,272.04,141,141.0
13918,2011-03-31 18:05:00,2011-10-21 12:25:00,50,2,1212.8400000000001,203,203.0
13919,2011-08-10 10:15:00,2011-10-11 14:24:00,59,2,384.81,62,62.0
13922,2010-12-23 10:38:00,2010-12-23 10:38:00,352,1,172.25,0,0.0
13923,2011-10-17 12:33:00,2011-10-17 12:33:00,54,1,351.13,0,0.0
13924,2011-09-28 15:07:00,2011-12-08 09:39:00,2,6,1838.8500000000001,70,14.0
13925,2011-07-28 12:09:00,2011-09-08 12:47:00,93,4,678.25,42,14.0
13926,2011-11-16 13:16:00,2011-11-16 13:16:00,23,1,223.85000000000002,0,0.0
13927,2011-09-26 12:00:00,2011-09-26 12:00:00,75,1,348.99,0,0.0
13928,2011-07-29 15:59:00,2011-11-29 10:33:00,11,4,464.57,122,40.666666666666664
13929,2011-01-17 15:11:00,2011-06-23 15:26:00,169,2,842.65,157,157.0
13930,2011-07-26 11:00:00,2011-10-13 09:45:00,58,2,337.34,78,78.0
13931,2011-03-04 08:43:00,2011-09-05 10:12:00,96,2,1237.53,185,185.0
13932,2011-02-18 12:02:00,2011-02-18 12:02:00,295,1,307.4,0,0.0
13933,2011-07-14 13:35:00,2011-08-22 14:03:00,109,2,608.79,39,39.0
13934,2011-03-21 08:39:00,2011-03-21 08:39:00,264,1,922.1,0,0.0
13936,2011-06-13 08:47:00,2011-06-13 08:47:00,180,1,376.58,0,0.0
13937,2011-06-23 16:35:00,2011-06-23 16:35:00,169,1,158.85,0,0.0
13938,2011-11-04 14:37:00,2011-11-04 14:37:00,35,1,71.66,0,0.0
13939,2011-02-01 11:30:00,2011-11-16 13:33:00,23,3,568.55,288,144.0
13940,2011-07-18 16:05:00,2011-11-22 15:15:00,17,4,839.14,126,42.0
13941,2010-12-02 10:17:00,2011-11-18 09:43:00,22,5,5112.96,350,87.5
13946,2011-03-17 10:02:00,2011-09-21 13:33:00,79,3,561.57,188,94.0
13947,2011-10-05 14:42:00,2011-10-05 14:42:00,65,1,90.60000000000001,0,0.0
13948,2010-12-14 10:18:00,2010-12-14 10:18:00,361,1,102.0,0,0.0
13949,2011-09-06 11:55:00,2011-12-07 09:35:00,3,6,2427.32,91,18.2
13950,2011-04-07 11:29:00,2011-11-28 14:44:00,11,4,745.0600000000001,235,78.33333333333333
13951,2011-02-18 15:21:00,2011-06-16 16:43:00,176,3,674.45,118,59.0
13952,2011-04-15 09:27:00,2011-05-06 09:00:00,218,2,3251.071,20,20.0
13953,2010-12-22 10:29:00,2011-12-02 16:04:00,7,7,3515.68,345,57.5
13954,2011-09-30 10:52:00,2011-12-08 12:50:00,2,2,439.92,69,69.0
13955,2011-02-07 12:24:00,2011-07-08 17:19:00,154,2,322.96,151,151.0
13956,2011-03-13 12:51:00,2011-12-04 13:20:00,5,5,1026.42,266,66.5
13959,2010-12-12 13:56:00,2011-09-21 15:06:00,79,3,598.2,283,141.5
13960,2011-09-29 12:39:00,2011-11-18 15:27:00,21,2,230.22,50,50.0
13962,2011-04-08 11:21:00,2011-11-18 08:47:00,22,2,169.54999999999998,223,223.0
13963,2010-12-07 09:21:00,2011-02-04 14:43:00,308,4,664.54,59,19.666666666666668
13967,2011-07-17 12:02:00,2011-07-17 12:02:00,146,1,80.7,0,0.0
13969,2010-12-09 19:32:00,2011-12-02 15:11:00,7,18,9053.94,357,21.0
13971,2011-02-27 12:27:00,2011-11-21 12:06:00,19,8,2758.26,266,38.0
13972,2011-05-22 11:34:00,2011-09-30 11:54:00,71,2,190.25,131,131.0
13973,2011-02-25 15:21:00,2011-02-25 15:21:00,287,1,264.7,0,0.0
13974,2011-10-21 14:41:00,2011-10-21 14:41:00,49,1,413.59000000000003,0,0.0
13975,2011-03-08 12:19:00,2011-11-08 13:19:00,31,6,2526.28,245,49.0
13976,2011-05-17 09:13:00,2011-05-17 09:13:00,207,1,357.98,0,0.0
13978,2011-10-25 15:04:00,2011-11-25 11:36:00,15,2,196.79,30,30.0
13979,2011-09-27 13:32:00,2011-09-27 13:32:00,73,1,869.87,0,0.0
13980,2011-10-10 13:34:00,2011-10-10 13:34:00,60,1,200.14,0,0.0
13982,2010-12-09 13:57:00,2011-10-31 16:24:00,39,4,1871.81,326,108.66666666666667
13983,2010-12-08 10:38:00,2011-11-10 11:06:00,30,12,2603.43,337,30.636363636363637
13984,2010-12-08 15:58:00,2011-11-13 12:38:00,27,5,920.51,339,84.75
13985,2011-03-20 13:48:00,2011-12-05 17:06:00,4,15,7060.13,260,18.571428571428573
13986,2011-11-22 15:00:00,2011-11-22 15:00:00,17,1,320.46,0,0.0
13988,2011-03-30 11:48:00,2011-11-20 10:15:00,20,6,4147.96,234,46.8
13989,2011-04-14 15:39:00,2011-10-05 09:47:00,66,2,1266.08,173,173.0
13990,2011-05-10 15:19:00,2011-05-10 15:19:00,213,1,311.3,0,0.0
13991,2011-07-19 12:58:00,2011-11-27 16:18:00,12,6,855.97,131,26.2
13992,2011-11-09 15:23:00,2011-11-09 15:23:00,30,1,76.8,0,0.0
13993,2011-01-13 10:43:00,2011-10-28 09:06:00,43,9,3466.36,287,35.875
13994,2011-07-14 18:28:00,2011-12-06 11:05:00,4,6,2313.14,144,28.8
13995,2011-04-08 08:20:00,2011-11-24 14:22:00,15,5,1393.69,230,57.5
13999,2010-12-13 11:23:00,2011-11-29 13:40:00,10,12,3901.81,351,31.90909090909091
14000,2011-05-12 16:50:00,2011-05-12 16:50:00,211,1,635.66,0,0.0
14001,2010-12-01 12:58:00,2011-10-25 10:31:00,46,3,2043.0800000000002,327,163.5
14002,2011-07-06 14:59:00,2011-07-28 15:55:00,134,2,529.73,22,22.0
14004,2011-02-24 09:28:00,2011-10-27 14:40:00,43,7,4582.64,245,40.833333333333336
14005,2011-05-08 10:33:00,2011-11-30 12:41:00,10,5,2874.72,206,51.5
14006,2011-01-31 15:11:00,2011-08-16 09:39:00,116,3,962.19,196,98.0
14009,2011-05-18 13:00:00,2011-05-25 15:47:00,198,2,695.61,7,7.0
14012,2011-03-07 12:26:00,2011-03-07 12:26:00,278,1,328.8,0,0.0
14013,2011-03-09 08:59:00,2011-08-21 15:01:00,110,3,473.02,165,82.5
14014,2011-09-23 13:18:00,2011-09-23 13:18:00,77,1,505.18,0,0.0
14015,2011-10-18 10:02:00,2011-10-18 10:02:00,53,1,917.34,0,0.0
14016,2010-12-17 14:21:00,2011-07-01 11:29:00,162,4,4341.21,195,65.0
14019,2011-07-24 15:39:00,2011-10-24 10:13:00,47,3,1421.6100000000001,91,45.5
14020,2011-09-12 15:32:00,2011-11-23 09:22:00,17,2,642.8,71,71.0
14021,2011-03-28 15:10:00,2011-07-07 15:46:00,155,3,631.9,101,50.5
14022,2011-04-28 14:39:00,2011-04-28 14:39:00,225,1,440.0,0,0.0
14023,2011-04-03 15:50:00,2011-12-02 13:58:00,7,2,584.07,242,242.0
14024,2011-08-07 13:31:00,2011-08-10 11:30:00,122,2,327.7,2,2.0
14027,2011-10-10 09:01:00,2011-10-10 09:01:00,61,1,104.82,0,0.0
14029,2011-07-18 16:57:00,2011-10-07 14:46:00,63,2,467.66,80,80.0
14030,2010-12-08 16:11:00,2011-11-21 16:48:00,18,8,2360.09,348,49.714285714285715
14031,2010-12-02 16:34:00,2011-12-02 17:13:00,7,19,17286.86,365,20.27777777777778
14032,2010-12-08 10:53:00,2011-12-07 15:23:00,2,11,2975.59,364,36.4
14034,2011-07-05 13:06:00,2011-11-17 14:02:00,22,3,651.8199999999999,135,67.5
14035,2011-02-15 12:48:00,2011-11-11 10:03:00,29,5,1428.02,268,67.0
14036,2011-02-28 09:26:00,2011-02-28 09:26:00,285,1,626.65,0,0.0
14037,2010-12-10 11:39:00,2011-06-16 13:57:00,176,2,147.20000000000002,188,188.0
14038,2011-05-16 14:05:00,2011-09-22 13:37:00,78,3,1560.38,128,64.0
14039,2011-11-06 13:48:00,2011-11-06 13:48:00,33,1,152.2,0,0.0
14040,2011-01-12 14:57:00,2011-10-30 12:42:00,41,12,3614.92,290,26.363636363636363
14041,2011-03-18 13:25:00,2011-03-18 13:25:00,266,1,141.41,0,0.0
14044,2011-02-03 11:39:00,2011-11-13 12:05:00,27,4,652.82,283,94.33333333333333
14045,2010-12-01 11:32:00,2011-08-22 15:27:00,109,4,1659.75,264,88.0
14046,2011-02-28 14:48:00,2011-02-28 14:48:00,284,1,154.99,0,0.0
14047,2010-12-02 10:09:00,2011-12-01 11:43:00,9,5,1308.6100000000001,364,91.0
14048,2011-02-07 14:53:00,2011-02-07 14:53:00,305,1,409.93,0,0.0
14049,2011-01-26 11:27:00,2011-11-23 12:20:00,17,4,5681.72,301,100.33333333333333
14050,2011-08-25 13:46:00,2011-11-08 10:00:00,32,2,746.36,74,74.0
14051,2010-12-08 12:49:00,2011-12-09 10:20:00,1,23,15610.390000000001,365,16.59090909090909
14052,2011-11-20 12:30:00,2011-11-20 12:30:00,20,1,225.35999999999999,0,0.0
14053,2011-07-03 12:21:00,2011-08-07 14:27:00,124,2,260.25,35,35.0
14054,2011-10-05 15:49:00,2011-10-05 15:49:00,65,1,92.46000000000001,0,0.0
14055,2011-08-25 15:04:00,2011-08-25 15:04:00,106,1,725.6400000000001,0,0.0
14056,2011-02-28 15:19:00,2011-12-08 13:36:00,1,23,8214.65,282,12.818181818181818
14057,2010-12-14 12:11:00,2011-11-16 10:32:00,24,17,6217.96,336,21.0
14059,2011-03-18 10:06:00,2011-03-18 10:06:00,267,1,183.6,0,0.0
14060,2010-12-02 12:11:00,2011-12-05 12:29:00,5,19,6140.42,368,20.444444444444443
14062,2010-12-10 15:56:00,2011-11-30 10:04:00,10,12,10464.85,354,32.18181818181818
14064,2011-03-10 12:59:00,2011-11-10 13:14:00,29,5,1353.74,245,61.25
14066,2011-03-18 12:21:00,2011-03-18 12:21:00,267,1,152.55,0,0.0
14067,2011-09-04 12:00:00,2011-10-07 10:21:00,64,2,374.7,32,32.0
14068,2011-01-23 16:02:00,2011-01-23 16:02:00,320,1,265.85,0,0.0
14071,2011-03-20 11:33:00,2011-12-06 12:27:00,4,8,1438.82,261,37.285714285714285
14073,2011-11-07 15:49:00,2011-11-07 15:49:00,32,1,151.04,0,0.0
14075,2011-03-23 16:35:00,2011-12-05 08:38:00,5,3,942.26,256,128.0
14076,2011-08-02 15:19:00,2011-08-02 15:19:00,129,1,122.47,0,0.0
14077,2011-03-10 15:52:00,2011-10-30 12:35:00,41,5,499.42,233,58.25
14078,2010-12-01 12:54:00,2011-08-30 12:16:00,102,6,1049.37,271,54.2
14079,2011-08-07 12:10:00,2011-08-07 12:10:00,125,1,375.1,0,0.0
14080,2011-11-07 11:09:00,2011-11-07 11:09:00,33,1,45.599999999999994,0,0.0
14081,2010-12-05 15:47:00,2011-02-10 16:17:00,302,2,934.52,67,67.0
14082,2010-12-10 11:02:00,2010-12-10 11:02:00,365,1,182.25,0,0.0
14083,2010-12-03 12:24:00,2011-12-05 13:14:00,4,9,1018.43,367,45.875
14085,2010-12-06 12:39:00,2011-12-07 13:46:00,2,18,4448.54,366,21.529411764705884
14087,2011-12-07 12:41:00,2011-12-07 12:41:00,3,1,194.42,0,0.0
14088,2011-01-21 13:07:00,2011-11-29 16:16:00,10,13,50491.81,312,26.0
14089,2011-10-14 10:38:00,2011-10-14 10:38:00,57,1,161.0,0,0.0
14090,2011-01-19 10:51:00,2011-01-19 10:51:00,325,1,76.32000000000001,0,0.0
14092,2010-12-16 15:47:00,2011-12-02 12:13:00,8,14,4076.9100000000003,350,26.923076923076923
14093,2011-11-27 16:27:00,2011-11-27 16:27:00,12,1,442.85,0,0.0
14096,2011-08-30 10:49:00,2011-12-05 17:17:00,4,17,65164.79,97,6.0625
14098,2011-11-03 10:13:00,2011-11-03 10:13:00,37,1,147.35,0,0.0
14099,2010-12-20 11:14:00,2011-11-23 13:53:00,16,11,3104.17,338,33.8
14100,2011-07-25 11:01:00,2011-07-25 11:01:00,138,1,194.9,0,0.0
14101,2011-01-17 13:09:00,2011-09-27 12:28:00,74,6,5976.79,252,50.4
14102,2011-10-26 12:46:00,2011-12-04 15:38:00,5,5,1360.28,39,9.75
14104,2011-06-27 12:49:00,2011-07-08 12:50:00,155,2,216.21,11,11.0
14105,2011-04-14 17:58:00,2011-04-14 17:58:00,239,1,1266.23,0,0.0
14107,2010-12-10 13:29:00,2011-10-19 12:12:00,52,7,2703.23,312,52.0
14108,2011-08-30 11:32:00,2011-11-09 10:41:00,31,2,597.91,70,70.0
14109,2011-09-28 10:18:00,2011-09-28 10:18:00,73,1,144.2,0,0.0
14110,2011-03-18 09:59:00,2011-12-06 12:26:00,4,12,5683.15,263,23.90909090909091
14111,2011-04-12 11:36:00,2011-11-25 13:44:00,14,4,692.85,227,75.66666666666667
14112,2011-03-09 11:28:00,2011-11-17 12:30:00,23,7,2915.15,253,42.166666666666664
14113,2010-12-20 12:14:00,2011-12-06 12:18:00,4,4,1840.42,351,117.0
14114,2011-01-13 11:05:00,2011-03-11 09:42:00,274,2,386.53,56,56.0
14116,2011-08-10 12:44:00,2011-11-20 10:29:00,20,5,1382.74,101,25.25
14117,2011-07-19 09:49:00,2011-07-19 09:49:00,144,1,90.0,0,0.0
14121,2011-10-11 10:39:00,2011-12-06 12:19:00,4,4,2780.15,56,18.666666666666668
14124,2011-09-16 13:32:00,2011-09-16 13:32:00,84,1,419.58,0,0.0
14125,2011-09-22 15:40:00,2011-11-29 12:47:00,11,3,2740.43,67,33.5
14126,2011-11-29 12:21:00,2011-12-02 11:45:00,8,3,706.1300000000001,2,1.0
14127,2011-02-02 12:26:00,2011-08-09 10:49:00,123,3,709.71,187,93.5
14128,2011-03-29 10:49:00,2011-10-10 12:00:00,61,2,637.5,195,195.0
14129,2011-03-24 08:44:00,2011-12-08 11:02:00,2,5,1123.8600000000001,259,64.75
14130,2011-01-24 16:05:00,2011-01-24 16:05:00,319,1,483.86,0,0.0
14132,2011-06-09 12:04:00,2011-12-07 13:35:00,2,11,3586.03,181,18.1
14133,2011-01-28 11:27:00,2011-08-02 11:34:00,130,3,605.64,186,93.0
14135,2010-12-02 10:27:00,2011-12-08 11:38:00,2,15,4690.31,371,26.5
14138,2011-10-07 09:38:00,2011-12-08 12:44:00,2,2,982.38,62,62.0
14139,2011-10-24 13:34:00,2011-10-24 13:34:00,46,1,415.82,0,0.0
14140,2011-11-08 11:20:00,2011-12-06 09:05:00,4,2,935.05,27,27.0
14141,2011-08-26 14:40:00,2011-12-07 09:53:00,3,4,915.13,102,34.0
14142,2010-12-01 16:33:00,2010-12-01 16:33:00,373,1,311.81,0,0.0
14143,2011-07-29 09:48:00,2011-07-29 09:48:00,134,1,115.8,0,0.0
14145,2011-05-06 13:01:00,2011-10-24 12:10:00,47,4,3742.2,170,56.666666666666664
14146,2010-12-17 15:52:00,2011-12-01 10:18:00,9,5,4191.0,348,87.0
14147,2011-02-27 11:42:00,2011-09-22 18:10:00,78,2,483.4,207,207.0
14148,2011-04-20 12:02:00,2011-04-20 12:02:00,234,1,157.2,0,0.0
14149,2011-05-03 09:44:00,2011-05-03 09:44:00,221,1,446.62,0,0.0
14150,2010-12-15 10:04:00,2011-11-04 10:05:00,36,2,658.64,324,324.0
14152,2011-04-19 15:46:00,2011-09-25 12:54:00,75,2,621.29,158,158.0
14154,2011-04-14 15:58:00,2011-04-14 16:26:00,239,2,1345.62,0,0.0
14155,2011-03-18 14:13:00,2011-03-18 14:13:00,266,1,118.75,0,0.0
14156,2010-12-03 11:48:00,2011-11-30 10:54:00,10,55,117379.63,361,6.685185185185185
14157,2011-02-27 13:04:00,2011-11-20 11:32:00,20,2,432.88,265,265.0
14158,2011-10-30 15:08:00,2011-10-30 15:08:00,40,1,507.65999999999997,0,0.0
14159,2010-12-12 11:17:00,2011-11-20 12:36:00,20,11,4693.01,343,34.3
14161,2010-12-05 13:18:00,2011-05-08 11:41:00,216,3,1110.52,153,76.5
14162,2011-02-20 12:32:00,2011-06-19 11:36:00,174,2,289.36,118,118.0
14163,2011-04-14 17:33:00,2011-09-13 15:18:00,87,4,2445.91,151,50.333333333333336
14164,2011-09-20 12:18:00,2011-09-30 12:24:00,71,2,1631.77,10,10.0
14165,2011-03-09 12:39:00,2011-03-09 12:39:00,276,1,122.53999999999999,0,0.0
14167,2011-01-12 15:44:00,2011-10-31 14:29:00,39,4,574.84,291,97.0
14171,2011-09-02 16:43:00,2011-09-02 16:43:00,98,1,363.79,0,0.0
14173,2011-05-04 14:03:00,2011-11-29 11:54:00,11,4,450.84,208,69.33333333333333
14174,2011-11-06 13:17:00,2011-11-06 13:17:00,33,1,134.46,0,0.0
14175,2011-01-14 12:22:00,2011-10-11 11:55:00,60,3,3222.3,269,134.5
14176,2010-12-07 11:45:00,2011-02-15 13:12:00,297,4,576.9000000000001,70,23.333333333333332
14177,2011-06-13 11:10:00,2011-09-14 15:11:00,86,4,559.41,93,31.0
14178,2011-06-10 12:51:00,2011-12-01 12:01:00,9,7,1620.93,173,28.833333333333332
14179,2011-10-18 14:00:00,2011-10-30 12:07:00,41,2,719.78,11,11.0
14180,2010-12-02 13:08:00,2011-11-29 10:56:00,11,25,4748.52,361,15.041666666666666
14184,2011-10-04 12:43:00,2011-10-04 12:43:00,67,1,452.89,0,0.0
14185,2011-01-12 13:52:00,2011-01-12 13:52:00,331,1,197.65,0,0.0
14188,2011-02-02 13:46:00,2011-11-09 12:45:00,31,6,2054.36,279,55.8
14189,2010-12-06 11:42:00,2011-12-07 15:55:00,2,15,4654.08,366,26.142857142857142
14191,2011-05-03 10:30:00,2011-12-08 09:23:00,2,13,4684.76,218,18.166666666666668
14193,2011-03-15 11:38:00,2011-10-03 09:34:00,68,2,853.39,201,201.0
14194,2011-02-04 14:51:00,2011-12-05 10:38:00,5,21,11349.52,303,15.15
14195,2011-04-01 16:50:00,2011-05-22 10:29:00,202,2,1012.0,50,50.0
14196,2011-08-25 10:25:00,2011-08-25 10:25:00,107,1,335.52,0,0.0
14198,2011-04-14 14:54:00,2011-11-21 16:35:00,18,4,701.4,221,73.66666666666667
14199,2011-05-05 13:44:00,2011-05-05 13:44:00,218,1,185.39999999999998,0,0.0
14201,2010-12-15 13:25:00,2011-10-10 13:27:00,60,7,747.44,299,49.833333333333336
14204,2011-12-07 13:38:00,2011-12-07 13:38:00,2,1,161.03,0,0.0
14205,2011-03-20 15:07:00,2011-11-23 10:55:00,17,2,466.7,247,247.0
14206,2011-04-14 16:38:00,2011-04-14 16:38:00,239,1,328.15999999999997,0,0.0
14208,2011-09-06 12:48:00,2011-09-06 12:48:00,95,1,151.74,0,0.0
14209,2011-01-11 12:56:00,2011-11-29 10:18:00,11,6,2073.43,321,64.2
14210,2010-12-03 12:43:00,2011-08-26 12:36:00,106,6,1905.8400000000001,265,53.0
14211,2011-02-17 15:50:00,2011-10-17 13:23:00,53,9,2241.1,241,30.125
14212,2011-09-11 12:45:00,2011-09-11 12:45:00,90,1,1070.48,0,0.0
14214,2011-03-07 12:26:00,2011-11-09 10:31:00,31,5,1004.38,246,61.5
14215,2010-12-06 15:34:00,2011-11-28 12:19:00,12,6,1789.72,356,71.2
14216,2011-11-02 10:51:00,2011-12-06 14:56:00,3,4,1839.3,34,11.333333333333334
14217,2010-12-08 13:28:00,2011-12-08 11:53:00,2,17,2004.98,364,22.75
14218,2011-10-28 10:00:00,2011-10-28 10:00:00,43,1,169.48000000000002,0,0.0
14219,2011-12-05 16:23:00,2011-12-05 16:23:00,4,1,89.94,0,0.0
14220,2010-12-16 18:18:00,2011-04-06 13:23:00,247,2,632.4000000000001,110,110.0
14221,2011-01-04 15:33:00,2011-10-28 13:42:00,42,9,3432.8,296,37.0
14222,2011-06-15 16:42:00,2011-06-15 16:42:00,177,1,683.17,0,0.0
14223,2011-03-20 16:02:00,2011-09-08 13:38:00,92,3,991.13,171,85.5
14224,2011-01-23 13:58:00,2011-08-21 13:24:00,110,4,1050.1200000000001,209,69.66666666666667
14226,2011-03-15 15:36:00,2011-11-11 11:34:00,29,5,2232.19,240,60.0
14227,2011-02-28 12:27:00,2011-11-13 15:48:00,26,10,3350.96,258,28.666666666666668
14229,2011-01-10 12:03:00,2011-10-19 10:04:00,52,3,1547.2,281,140.5
14231,2011-02-24 11:55:00,2011-06-09 11:05:00,184,3,925.71,104,52.0
14232,2011-03-20 12:44:00,2011-10-28 11:09:00,43,5,2048.07,221,55.25
14233,2011-01-26 12:43:00,2011-10-21 15:54:00,49,4,1462.72,268,89.33333333333333
14234,2011-10-13 13:58:00,2011-11-17 17:53:00,22,4,775.46,35,11.666666666666666
14235,2011-03-24 13:23:00,2011-09-25 14:37:00,75,5,3144.86,185,46.25
14236,2010-12-02 18:49:00,2011-09-20 09:13:00,81,2,490.86,291,291.0
14237,2010-12-01 13:20:00,2010-12-01 13:20:00,373,1,161.0,0,0.0
14238,2011-01-17 14:40:00,2011-01-17 14:40:00,326,1,146.85,0,0.0
14239,2011-01-27 14:45:00,2011-10-27 14:40:00,43,11,2380.85,272,27.2
14240,2011-04-28 11:40:00,2011-11-09 13:45:00,30,2,890.34,195,195.0
14241,2011-06-09 11:46:00,2011-06-09 11:46:00,184,1,213.70000000000002,0,0.0
14242,2011-01-18 08:53:00,2011-04-19 11:46:00,235,2,280.55,91,91.0
14243,2010-12-09 08:34:00,2011-12-01 11:12:00,9,10,2588.77,357,39.666666666666664
14245,2011-03-21 10:41:00,2011-05-04 08:40:00,220,2,1693.45,43,43.0
14246,2011-04-08 08:25:00,2011-08-21 11:50:00,111,3,1474.06,135,67.5
14247,2011-03-06 15:21:00,2011-03-06 15:21:00,278,1,136.77,0,0.0
14248,2011-01-25 14:45:00,2011-01-25 14:45:00,318,1,302.58,0,0.0
14250,2011-09-11 13:44:00,2011-12-02 14:30:00,7,3,1904.05,82,41.0
14251,2011-10-13 12:46:00,2011-12-08 08:32:00,2,5,2879.7000000000003,55,13.75
14256,2010-12-10 11:44:00,2011-03-24 13:17:00,260,2,969.0600000000001,104,104.0
14257,2011-01-25 10:49:00,2011-10-06 16:54:00,64,5,3099.7200000000003,254,63.5
14258,2011-01-06 12:18:00,2011-11-30 15:27:00,9,9,12669.98,328,41.0
14259,2011-07-21 10:44:00,2011-07-21 10:44:00,142,1,120.0,0,0.0
14261,2011-09-22 10:47:00,2011-10-20 10:04:00,51,2,1163.45,27,27.0
14262,2011-04-13 12:23:00,2011-12-01 14:17:00,8,8,2618.23,232,33.142857142857146
14264,2011-04-08 12:20:00,2011-07-08 10:20:00,155,2,333.97,90,90.0
14265,2011-07-14 09:10:00,2011-08-22 13:32:00,109,2,530.18,39,39.0
14267,2011-03-24 11:38:00,2011-06-30 10:09:00,163,3,1516.24,97,48.5
14270,2011-01-12 09:33:00,2011-01-12 09:33:00,332,1,492.65000000000003,0,0.0
14271,2011-04-28 12:47:00,2011-04-28 12:47:00,226,1,112.32000000000001,0,0.0
14272,2011-03-30 13:57:00,2011-09-27 10:08:00,74,2,437.96,180,180.0
14273,2011-04-11 13:24:00,2011-10-19 13:20:00,51,4,559.97,190,63.333333333333336
14276,2011-02-23 09:38:00,2011-09-02 09:45:00,99,3,1119.74,191,95.5
14277,2011-05-11 13:20:00,2011-11-24 15:01:00,15,3,4216.2,197,98.5
14280,2011-05-27 10:37:00,2011-05-27 10:37:00,197,1,134.04,0,0.0
14282,2010-12-07 12:21:00,2011-12-06 17:04:00,3,15,3729.34,364,26.0
14284,2011-09-14 13:04:00,2011-11-09 08:11:00,31,2,595.25,55,55.0
14285,2011-06-16 12:36:00,2011-11-18 14:50:00,21,4,1910.01,155,51.666666666666664
14286,2011-04-11 08:16:00,2011-11-16 10:34:00,24,3,4628.75,219,109.5
14287,2011-05-25 11:41:00,2011-12-01 13:25:00,8,3,176.63,190,95.0
14288,2011-05-10 13:22:00,2011-05-10 13:22:00,213,1,426.6,0,0.0
14289,2011-02-23 12:33:00,2011-12-01 11:44:00,9,6,911.26,280,56.0
14290,2010-12-13 10:24:00,2011-11-28 14:02:00,11,5,2314.65,350,87.5
14291,2011-03-09 15:20:00,2011-12-08 10:26:00,2,11,3883.25,273,27.3
14292,2011-03-02 08:26:00,2011-12-02 11:50:00,8,9,4871.93,275,34.375
14293,2010-12-06 10:18:00,2011-12-06 15:17:00,3,4,1046.56,365,121.66666666666667
14295,2011-10-30 15:50:00,2011-10-30 15:50:00,40,1,166.20000000000002,0,0.0
14297,2011-03-10 08:31:00,2011-11-22 09:06:00,18,4,1305.33,257,85.66666666666667
14298,2010-12-14 12:59:00,2011-12-01 13:12:00,8,44,51527.3,352,8.186046511627907
14299,2010-12-09 10:30:00,2011-12-01 16:05:00,8,9,3965.62,357,44.625
14300,2011-11-21 08:57:00,2011-11-21 08:57:00,19,1,43.2,0,0.0
14301,2011-08-14 15:33:00,2011-08-14 15:33:00,117,1,640.14,0,0.0
14304,2011-05-01 11:50:00,2011-05-01 11:50:00,223,1,383.45,0,0.0
14305,2011-07-27 14:14:00,2011-09-29 15:29:00,71,3,1858.96,64,32.0
14306,2011-09-15 10:31:00,2011-10-19 13:23:00,51,2,2093.32,34,34.0
14307,2010-12-01 11:41:00,2011-09-12 09:38:00,89,6,2995.7200000000003,284,56.8
14309,2010-12-16 13:05:00,2011-12-01 13:33:00,8,9,2352.53,350,43.75
14311,2011-04-11 10:14:00,2011-04-11 10:14:00,243,1,310.26,0,0.0
14312,2011-01-06 16:35:00,2011-10-24 09:46:00,47,6,1611.5900000000001,290,58.0
14314,2011-08-25 10:39:00,2011-08-25 10:39:00,107,1,120.0,0,0.0
14315,2011-03-18 12:59:00,2011-10-26 12:06:00,45,6,2481.13,221,44.2
14317,2011-10-06 10:44:00,2011-10-06 10:44:00,65,1,508.58,0,0.0
14320,2011-01-11 09:12:00,2011-05-17 09:24:00,207,2,477.79,126,126.0
14321,2011-01-10 11:35:00,2011-11-29 09:47:00,11,5,1530.75,322,80.5
14323,2011-04-15 11:44:00,2011-08-17 11:37:00,115,2,605.0600000000001,123,123.0
14326,2011-04-11 15:04:00,2011-04-11 15:04:00,242,1,183.85,0,0.0
14327,2011-06-29 13:58:00,2011-06-29 13:58:00,163,1,311.65000000000003,0,0.0
14329,2011-01-14 13:42:00,2011-11-22 15:50:00,17,7,5014.84,312,52.0
14331,2011-07-27 15:14:00,2011-08-07 13:17:00,124,2,462.66,10,10.0
14332,2011-07-15 10:33:00,2011-11-17 11:54:00,23,3,866.3100000000001,125,62.5
14333,2011-10-03 10:38:00,2011-10-03 10:38:00,68,1,415.2,0,0.0
14334,2010-12-16 17:37:00,2011-11-23 10:01:00,17,8,2552.21,341,48.714285714285715
14335,2011-09-04 13:07:00,2011-11-23 13:41:00,16,2,468.26,80,80.0
14336,2011-03-08 16:48:00,2011-11-23 11:40:00,17,4,1614.91,259,86.33333333333333
14338,2011-05-27 13:30:00,2011-07-01 14:08:00,161,2,588.22,35,35.0
14339,2011-04-11 11:06:00,2011-04-11 11:06:00,243,1,309.52000000000004,0,0.0
14340,2011-05-05 09:44:00,2011-05-05 09:44:00,219,1,134.7,0,0.0
14341,2011-01-25 13:55:00,2011-10-25 15:48:00,45,8,2182.28,273,39.0
14342,2011-05-13 13:50:00,2011-11-18 13:21:00,21,4,668.5600000000001,188,62.666666666666664
14344,2010-12-06 11:58:00,2011-08-04 13:51:00,127,8,889.9300000000001,241,34.42857142857143
14345,2011-11-01 09:51:00,2011-11-01 09:51:00,39,1,108.98,0,0.0
14346,2011-02-15 13:52:00,2011-08-11 09:47:00,121,2,1021.58,176,176.0
14348,2011-03-24 16:23:00,2011-03-24 16:23:00,260,1,409.57,0,0.0
14349,2011-11-29 15:39:00,2011-11-29 15:39:00,10,1,133.5,0,0.0
14350,2011-03-10 14:14:00,2011-03-10 14:14:00,274,1,282.93,0,0.0
14351,2011-06-28 11:56:00,2011-06-28 11:56:00,165,1,51.0,0,0.0
14352,2011-03-11 14:58:00,2011-07-05 15:41:00,157,4,1078.96,116,38.666666666666664
14353,2011-05-08 16:06:00,2011-05-08 16:06:00,215,1,90.6,0,0.0
14354,2011-11-09 15:36:00,2011-12-04 11:32:00,6,2,163.62,24,24.0
14355,2010-12-09 12:16:00,2010-12-09 12:16:00,366,1,174.4,0,0.0
14356,2011-09-19 14:43:00,2011-09-21 09:18:00,80,2,701.23,1,1.0
14357,2011-10-27 16:23:00,2011-10-27 16:23:00,43,1,225.77,0,0.0
14359,2011-09-13 09:03:00,2011-11-20 13:17:00,19,3,912.1800000000001,68,34.0
14360,2011-09-06 11:58:00,2011-11-08 09:12:00,32,4,2128.23,62,20.666666666666668
14362,2011-11-17 15:08:00,2011-11-17 15:08:00,22,1,161.2,0,0.0
14364,2011-05-12 12:56:00,2011-08-23 11:01:00,109,8,3717.35,102,14.571428571428571
14367,2011-03-08 14:12:00,2011-12-01 13:19:00,8,16,9261.52,267,17.8
14368,2011-01-24 09:52:00,2011-01-24 09:52:00,320,1,155.0,0,0.0
14371,2011-02-17 16:35:00,2011-02-17 16:35:00,295,1,100.5,0,0.0
14373,2010-12-16 15:40:00,2010-12-16 15:40:00,358,1,76.55,0,0.0
14375,2011-06-07 13:44:00,2011-06-07 13:44:00,185,1,257.68,0,0.0
14377,2011-03-22 13:38:00,2011-06-01 13:32:00,191,2,617.05,70,70.0
14379,2011-02-17 15:03:00,2011-10-26 16:43:00,44,2,348.1,251,251.0
14381,2011-10-18 17:10:00,2011-10-18 17:10:00,52,1,202.68,0,0.0
14382,2011-11-13 16:18:00,2011-11-13 16:18:00,26,1,626.07,0,0.0
14383,2011-06-29 10:18:00,2011-11-01 15:53:00,38,3,1247.69,125,62.5
14385,2011-11-16 11:55:00,2011-11-30 15:36:00,9,3,202.10999999999999,14,7.0
14386,2011-02-16 09:45:00,2011-02-16 09:45:00,297,1,142.4,0,0.0
14387,2011-08-22 14:13:00,2011-11-07 12:29:00,33,3,1770.56,76,38.0
14388,2010-12-02 11:02:00,2011-11-29 13:32:00,10,8,3212.84,362,51.714285714285715
14389,2011-06-02 12:04:00,2011-10-05 15:17:00,65,2,1043.46,125,125.0
14390,2010-12-02 11:57:00,2011-11-29 13:49:00,10,9,4652.82,362,45.25
14393,2011-05-05 18:16:00,2011-05-05 18:16:00,218,1,67.95,0,0.0
14395,2010-12-02 18:15:00,2011-12-07 14:34:00,2,9,3507.71,369,46.125
14396,2010-12-03 15:19:00,2011-10-05 16:09:00,65,2,487.99,306,306.0
14397,2011-05-10 12:25:00,2011-12-07 09:22:00,3,19,2612.96,210,11.666666666666666
14400,2011-07-13 15:50:00,2011-07-13 15:50:00,149,1,574.7,0,0.0
14401,2010-12-15 09:07:00,2011-12-05 13:30:00,4,13,4051.48,355,29.583333333333332
14403,2011-04-06 14:23:00,2011-08-01 12:57:00,130,4,1475.81,116,38.666666666666664
14404,2010-12-05 16:00:00,2011-11-06 12:30:00,34,6,1474.32,335,67.0
14406,2011-08-12 16:54:00,2011-08-12 16:54:00,119,1,156.75,0,0.0
14407,2011-03-08 11:59:00,2011-08-24 14:02:00,107,6,2157.73,169,33.8
14408,2011-03-20 14:41:00,2011-11-29 11:41:00,11,7,2606.53,253,42.166666666666664
14409,2010-12-06 15:03:00,2011-09-29 18:18:00,71,6,2059.4500000000003,297,59.4
14410,2011-02-07 09:36:00,2011-09-08 15:08:00,92,9,1105.07,213,26.625
14411,2011-02-02 10:56:00,2011-02-02 10:56:00,311,1,1063.0,0,0.0
14412,2011-09-28 08:48:00,2011-10-28 10:45:00,43,2,770.03,30,30.0
14413,2010-12-12 13:37:00,2010-12-12 13:37:00,362,1,122.7,0,0.0
14414,2010-12-16 11:11:00,2011-09-09 12:09:00,92,7,1496.98,267,44.5
14415,2010-12-14 13:31:00,2011-12-08 14:38:00,1,13,5900.28,359,29.916666666666668
14416,2011-10-28 15:10:00,2011-11-17 15:22:00,22,2,490.22,20,20.0
14418,2011-08-23 17:18:00,2011-12-06 11:39:00,4,3,1937.25,104,52.0
14419,2010-12-10 10:56:00,2011-11-29 11:22:00,11,6,1058.06,354,70.8
14420,2011-09-01 18:07:00,2011-09-01 18:07:00,99,1,387.52,0,0.0
14421,2011-05-12 10:49:00,2011-10-13 13:24:00,57,2,813.11,154,154.0
14422,2011-03-17 17:26:00,2011-12-09 11:26:00,1,6,4263.64,266,53.2
14423,2011-05-05 15:12:00,2011-05-05 15:12:00,218,1,265.2,0,0.0
14424,2011-11-22 11:48:00,2011-11-22 11:48:00,18,1,322.08,0,0.0
14426,2011-01-31 09:51:00,2011-11-16 12:25:00,24,10,4481.67,289,32.111111111111114
14427,2011-10-07 09:10:00,2011-10-20 14:23:00,50,2,363.34000000000003,13,13.0
14428,2011-01-18 16:39:00,2011-12-02 13:17:00,7,5,1244.83,317,79.25
14431,2011-02-10 10:40:00,2011-02-10 10:40:00,303,1,470.36,0,0.0
14432,2011-09-11 14:09:00,2011-11-30 08:04:00,10,6,2255.51,79,15.8
14434,2011-09-28 15:31:00,2011-11-18 08:56:00,22,6,1372.8,50,10.0
14436,2011-09-02 10:13:00,2011-09-02 10:13:00,99,1,89.06,0,0.0
14437,2010-12-09 09:27:00,2010-12-09 09:27:00,366,1,63.0,0,0.0
14438,2011-02-06 14:56:00,2011-02-06 14:56:00,306,1,131.9,0,0.0
14439,2011-01-24 11:39:00,2011-01-24 11:39:00,320,1,2661.24,0,0.0
14440,2010-12-09 12:49:00,2011-12-01 15:42:00,8,5,2357.68,357,89.25
14441,2011-03-29 12:01:00,2011-12-09 09:07:00,1,4,1712.89,254,84.66666666666667
14442,2011-01-27 09:33:00,2011-05-19 11:36:00,205,2,1589.82,112,112.0
14443,2010-12-06 11:03:00,2011-10-17 10:10:00,54,4,1420.2,314,104.66666666666667
14446,2011-04-07 12:10:00,2011-12-09 11:34:00,1,4,1039.58,245,81.66666666666667
14447,2011-03-04 10:49:00,2011-11-21 08:28:00,19,5,1163.23,261,65.25
14448,2010-12-10 17:26:00,2011-11-30 13:50:00,9,2,375.35,354,354.0
14449,2010-12-02 14:09:00,2011-11-21 12:06:00,19,4,907.1,353,117.66666666666667
14450,2011-01-23 11:53:00,2011-06-12 10:46:00,181,3,483.25,139,69.5
14451,2011-05-29 12:35:00,2011-10-10 13:38:00,60,2,662.59,134,134.0
14452,2011-09-07 11:32:00,2011-11-29 12:06:00,11,2,264.44,83,83.0
14453,2011-06-02 14:15:00,2011-06-02 14:15:00,190,1,119.93,0,0.0
14456,2011-07-20 13:06:00,2011-12-04 13:59:00,5,9,3062.4,137,17.125
14457,2011-02-02 09:39:00,2011-02-02 09:39:00,311,1,113.64,0,0.0
14459,2011-07-07 13:35:00,2011-07-07 13:35:00,155,1,1837.92,0,0.0
14460,2011-02-02 11:55:00,2011-08-21 14:19:00,110,3,434.34,200,100.0
14461,2011-03-23 12:15:00,2011-07-14 17:11:00,148,3,2103.06,113,56.5
14462,2011-01-04 12:45:00,2011-10-04 15:55:00,66,11,2004.02,273,27.3
14463,2011-05-18 14:42:00,2011-09-02 15:20:00,98,3,529.62,107,53.5
14465,2011-02-10 12:13:00,2011-04-07 12:38:00,247,3,1058.6200000000001,56,28.0
14466,2010-12-02 13:36:00,2011-11-10 14:07:00,29,7,2272.4,343,57.166666666666664
14467,2011-01-31 12:35:00,2011-11-22 12:48:00,18,4,598.76,295,98.33333333333333
14470,2011-02-25 11:56:00,2011-11-28 10:31:00,12,2,461.19,275,275.0
14472,2010-12-19 14:03:00,2011-08-28 11:01:00,104,8,1936.84,251,35.857142857142854
14473,2011-03-02 13:56:00,2011-09-26 15:10:00,74,2,234.34,208,208.0
14474,2011-10-24 13:26:00,2011-10-24 13:26:00,46,1,547.66,0,0.0
14475,2011-02-08 10:12:00,2011-09-29 10:46:00,72,3,925.85,233,116.5
14476,2011-03-27 15:39:00,2011-03-27 15:39:00,257,1,215.7,0,0.0
14477,2011-02-15 15:44:00,2011-11-20 11:11:00,20,4,1309.6,277,92.33333333333333
14479,2010-12-09 12:59:00,2011-03-31 09:07:00,254,2,316.25,111,111.0
14480,2011-11-28 16:35:00,2011-11-28 16:35:00,11,1,279.05,0,0.0
14481,2011-02-25 13:53:00,2011-06-28 10:38:00,165,2,636.51,122,122.0
14482,2011-04-14 16:41:00,2011-11-21 13:14:00,18,6,2068.15,220,44.0
14483,2011-03-03 10:26:00,2011-03-03 10:26:00,282,1,137.1,0,0.0
14484,2011-10-20 14:11:00,2011-10-20 14:11:00,50,1,321.92,0,0.0
14485,2011-11-01 12:25:00,2011-11-01 12:25:00,39,1,165.75,0,0.0
14487,2010-12-06 13:22:00,2011-11-13 12:17:00,27,6,1196.33,341,68.2
14488,2011-10-03 09:30:00,2011-10-03 09:30:00,68,1,1064.28,0,0.0
14489,2011-05-16 14:51:00,2011-05-16 14:51:00,207,1,463.38,0,0.0
14491,2010-12-02 12:10:00,2011-06-17 15:22:00,175,2,340.93,197,197.0
14493,2011-07-07 16:59:00,2011-12-02 16:14:00,7,5,2383.2400000000002,147,36.75
14494,2011-11-14 09:21:00,2011-11-14 09:21:00,26,1,139.56,0,0.0
14495,2011-08-10 14:13:00,2011-10-20 12:28:00,51,2,123.80000000000001,70,70.0
14496,2010-12-01 15:35:00,2011-02-01 09:01:00,312,2,538.8100000000001,61,61.0
14497,2011-02-03 17:01:00,2011-02-03 17:01:00,309,1,475.37,0,0.0
14498,2010-12-13 11:29:00,2011-10-28 12:09:00,43,5,1957.32,319,79.75
14499,2011-03-06 11:55:00,2011-11-13 13:01:00,26,3,815.32,252,126.0
14500,2011-06-03 10:08:00,2011-09-12 16:45:00,88,3,356.85,101,50.5
14501,2011-01-24 10:43:00,2011-06-09 12:02:00,184,2,251.21,136,136.0
14502,2011-01-30 15:52:00,2011-11-20 11:50:00,20,11,2470.67,293,29.3
14503,2011-06-14 10:00:00,2011-12-06 13:30:00,3,6,3543.26,175,35.0
14504,2011-03-06 14:38:00,2011-10-23 16:00:00,47,4,673.26,231,77.0
14505,2010-12-12 16:14:00,2011-11-22 15:45:00,17,8,5905.64,344,49.142857142857146
14506,2010-12-05 14:25:00,2011-11-22 13:02:00,17,5,2012.17,351,87.75
14507,2011-03-08 17:23:00,2011-11-16 12:21:00,24,6,1383.18,252,50.4
14508,2011-09-11 11:29:00,2011-11-17 19:48:00,22,2,276.42,67,67.0
14511,2011-07-29 12:13:00,2011-11-28 17:05:00,11,5,1314.81,122,30.5
14512,2011-04-21 19:05:00,2011-06-05 12:39:00,188,2,275.28,44,44.0
14513,2011-02-24 09:36:00,2011-08-31 11:25:00,101,3,455.59000000000003,188,94.0
14514,2011-01-12 15:22:00,2011-10-09 16:05:00,61,3,1055.35,270,135.0
14515,2011-05-05 12:13:00,2011-11-22 11:37:00,18,6,2102.09,200,40.0
14517,2011-07-21 11:42:00,2011-11-06 14:20:00,33,2,330.45,108,108.0
14518,2011-10-06 14:43:00,2011-10-06 14:43:00,64,1,174.37,0,0.0
14520,2011-02-22 09:15:00,2011-12-08 09:46:00,2,2,270.6,289,289.0
14522,2011-05-25 16:01:00,2011-11-15 13:24:00,24,4,974.54,173,57.666666666666664
14523,2011-08-23 13:13:00,2011-08-23 13:13:00,108,1,241.09,0,0.0
14524,2010-12-14 11:01:00,2011-11-08 12:29:00,32,9,1867.68,329,41.125
14525,2010-12-13 17:40:00,2011-11-20 11:37:00,20,9,4332.2,341,42.625
14527,2010-12-05 13:17:00,2011-12-07 12:19:00,3,55,8508.82,366,6.777777777777778
14528,2011-11-02 17:09:00,2011-11-02 17:09:00,37,1,364.21999999999997,0,0.0
14529,2011-08-21 14:10:00,2011-10-10 15:27:00,60,3,620.04,50,25.0
14530,2011-02-16 10:47:00,2011-11-14 10:38:00,26,6,2925.91,270,54.0
14532,2010-12-22 13:48:00,2011-04-17 13:05:00,236,4,932.85,115,38.333333333333336
14533,2010-12-22 11:07:00,2011-11-15 12:05:00,25,7,1949.72,328,54.666666666666664
14534,2011-01-25 12:33:00,2011-12-07 12:19:00,3,18,4447.05,315,18.529411764705884
14535,2011-04-05 12:50:00,2011-10-10 15:39:00,60,3,2864.19,188,94.0
14536,2011-03-25 12:21:00,2011-03-25 12:21:00,260,1,171.8,0,0.0
14537,2011-10-13 10:54:00,2011-10-13 10:54:00,58,1,355.56,0,0.0
14538,2011-03-28 14:57:00,2011-10-06 10:31:00,65,2,388.25,191,191.0
14539,2011-10-26 12:03:00,2011-11-24 09:50:00,16,2,537.48,28,28.0
14540,2011-02-03 15:02:00,2011-11-30 10:15:00,10,3,996.26,299,149.5
14541,2011-01-24 14:16:00,2011-10-12 10:08:00,59,8,1461.65,260,37.142857142857146
14542,2011-06-07 08:19:00,2011-06-07 08:19:00,186,1,103.25,0,0.0
14543,2010-12-10 11:51:00,2011-11-11 12:45:00,29,16,3630.33,336,22.4
14544,2010-12-13 12:50:00,2011-11-15 15:06:00,24,2,2024.45,337,337.0
14546,2011-04-05 12:37:00,2011-12-04 13:00:00,5,5,2578.09,243,60.75
14547,2011-10-16 14:35:00,2011-12-06 11:06:00,4,8,4007.54,50,7.142857142857143
14548,2011-01-26 08:38:00,2011-07-12 12:19:00,151,2,652.8,167,167.0
14549,2011-02-01 13:47:00,2011-02-01 13:47:00,311,1,289.24,0,0.0
14550,2011-10-26 12:14:00,2011-11-29 12:12:00,11,2,765.62,33,33.0
14551,2011-05-19 18:21:00,2011-11-21 13:36:00,18,2,186.23,185,185.0
14552,2011-07-11 12:49:00,2011-07-11 12:49:00,152,1,165.07,0,0.0
14553,2011-01-04 15:40:00,2011-11-20 13:20:00,19,5,859.27,319,79.75
14554,2011-10-18 13:04:00,2011-11-29 16:44:00,10,4,2381.04,42,14.0
14555,2011-02-10 17:19:00,2011-10-13 16:24:00,57,2,324.14,244,244.0
14557,2011-09-15 15:48:00,2011-09-15 15:48:00,85,1,788.38,0,0.0
14560,2010-12-17 09:22:00,2011-12-02 15:22:00,7,22,2237.77,350,16.666666666666668
14561,2011-06-08 13:26:00,2011-09-25 12:39:00,76,3,1080.76,108,54.0
14562,2011-02-08 14:45:00,2011-12-06 11:05:00,4,18,5074.77,300,17.647058823529413
14565,2010-12-13 13:25:00,2011-09-05 09:07:00,96,4,3099.12,265,88.33333333333333
14566,2011-08-21 11:05:00,2011-08-21 11:05:00,111,1,1432.0,0,0.0
14567,2011-08-01 13:48:00,2011-10-14 10:21:00,57,2,1530.3600000000001,73,73.0
14569,2011-12-08 14:58:00,2011-12-08 14:58:00,1,1,227.39,0,0.0
14570,2011-03-04 10:39:00,2011-03-04 10:58:00,281,2,218.06,0,0.0
14572,2011-01-19 17:23:00,2011-12-06 14:40:00,3,7,2832.84,320,53.333333333333336
14573,2010-12-02 19:59:00,2011-06-13 11:15:00,180,9,1653.42,192,24.0
14576,2010-12-02 17:51:00,2010-12-02 17:51:00,372,1,35.400000000000006,0,0.0
14577,2010-12-12 11:26:00,2011-11-27 12:47:00,13,4,859.71,350,116.66666666666667
14578,2011-12-06 17:18:00,2011-12-06 17:18:00,3,1,168.63,0,0.0
14581,2011-11-23 12:39:00,2011-11-23 12:39:00,17,1,138.6,0,0.0
14582,2011-10-30 11:56:00,2011-10-30 11:56:00,41,1,114.11,0,0.0
14583,2011-05-18 11:28:00,2011-12-04 12:32:00,6,5,1052.55,200,50.0
14584,2011-05-25 17:31:00,2011-06-23 18:33:00,169,4,1042.26,29,9.666666666666666
14585,2011-10-20 14:33:00,2011-10-20 14:33:00,50,1,157.05,0,0.0
14586,2011-03-08 10:04:00,2011-03-08 10:04:00,277,1,237.35999999999999,0,0.0
14587,2011-01-12 13:16:00,2011-11-21 11:34:00,19,9,1601.14,312,39.0
14589,2010-12-03 11:42:00,2010-12-03 11:42:00,372,1,39.75,0,0.0
14591,2011-05-10 14:09:00,2011-11-24 13:57:00,15,4,1447.14,197,65.66666666666667
14592,2011-10-06 18:08:00,2011-11-04 16:35:00,35,3,570.46,28,14.0
14593,2011-05-25 11:14:00,2011-11-18 12:48:00,22,3,617.99,177,88.5
14594,2010-12-01 13:54:00,2011-12-02 13:28:00,7,2,379.83,365,365.0
14595,2011-01-30 13:36:00,2011-11-20 12:12:00,20,6,1740.6000000000001,293,58.6
14597,2011-06-01 12:33:00,2011-11-28 13:13:00,11,2,883.15,180,180.0
14598,2011-10-26 13:19:00,2011-10-26 13:19:00,44,1,221.97,0,0.0
14600,2011-02-07 09:48:00,2011-02-07 09:48:00,306,1,393.33000000000004,0,0.0
14601,2011-11-29 09:48:00,2011-11-29 09:48:00,11,1,213.96,0,0.0
14603,2011-03-10 10:27:00,2011-03-10 10:27:00,275,1,660.0,0,0.0
14606,2010-12-01 16:57:00,2011-12-08 19:28:00,1,93,12156.65,372,4.043478260869565
14607,2011-03-23 15:22:00,2011-11-24 10:35:00,16,14,16569.5,245,18.846153846153847
14608,2010-12-12 14:49:00,2011-12-05 16:52:00,4,4,1785.15,358,119.33333333333333
14609,2011-02-16 12:10:00,2011-09-28 12:54:00,72,4,601.56,224,74.66666666666667
14616,2011-01-26 12:42:00,2011-04-11 09:54:00,243,3,406.08000000000004,74,37.0
14618,2011-01-06 11:59:00,2011-11-30 13:45:00,9,3,553.44,328,164.0
14619,2011-04-08 07:37:00,2011-04-08 07:37:00,246,1,394.44,0,0.0
14620,2011-03-01 08:30:00,2011-05-18 11:58:00,206,2,412.78000000000003,78,78.0
14621,2010-12-16 13:00:00,2011-12-08 16:22:00,1,5,1788.3600000000001,357,89.25
14622,2011-06-08 12:42:00,2011-06-08 12:42:00,185,1,320.58000000000004,0,0.0
14623,2011-04-18 13:54:00,2011-11-07 13:56:00,32,5,889.25,203,50.75
14624,2011-10-11 14:39:00,2011-10-13 13:44:00,57,2,225.85,1,1.0
14625,2010-12-13 15:36:00,2011-05-27 15:32:00,196,2,899.63,164,164.0
14626,2011-04-20 13:18:00,2011-11-16 10:37:00,24,4,2791.27,209,69.66666666666667
14628,2011-04-11 14:43:00,2011-09-09 14:58:00,91,2,671.96,151,151.0
14629,2011-10-23 16:13:00,2011-12-05 16:55:00,4,2,959.01,43,43.0
14631,2011-02-14 09:31:00,2011-10-20 11:17:00,51,3,1006.98,248,124.0
14632,2011-03-22 08:49:00,2011-03-22 08:49:00,263,1,114.56,0,0.0
14633,2011-03-18 17:07:00,2011-03-18 17:07:00,266,1,344.90000000000003,0,0.0
14636,2011-03-16 09:52:00,2011-11-03 16:12:00,36,2,609.85,232,232.0
14638,2011-10-20 10:10:00,2011-10-20 10:10:00,51,1,443.6,0,0.0
14639,2010-12-13 13:50:00,2011-10-18 15:06:00,52,6,2984.4900000000002,309,61.8
14640,2011-04-26 12:31:00,2011-11-15 13:07:00,24,6,2125.08,203,40.6
14641,2011-11-18 10:42:00,2011-11-18 10:42:00,22,1,110.46000000000001,0,0.0
14642,2011-10-12 11:08:00,2011-10-12 11:08:00,59,1,96.12,0,0.0
14643,2010-12-16 17:53:00,2011-06-22 14:41:00,170,2,693.8100000000001,187,187.0
14644,2011-02-14 14:14:00,2011-10-03 08:30:00,68,2,830.76,230,230.0
14645,2011-03-09 09:52:00,2011-07-06 09:15:00,157,2,597.09,118,118.0
14646,2010-12-20 10:09:00,2011-12-08 12:12:00,2,73,280206.02,353,4.902777777777778
14647,2011-05-22 13:40:00,2011-05-22 13:40:00,201,1,243.22,0,0.0
14649,2011-05-11 14:37:00,2011-12-05 12:30:00,5,4,1417.29,207,69.0
14651,2011-05-12 16:29:00,2011-10-03 15:52:00,67,2,654.6,143,143.0
14652,2011-09-23 14:21:00,2011-09-23 14:21:00,77,1,114.18,0,0.0
14653,2011-01-05 13:40:00,2011-12-08 13:45:00,1,7,1947.55,337,56.166666666666664
14655,2011-05-01 14:59:00,2011-12-01 16:28:00,8,4,1932.23,214,71.33333333333333
14656,2011-03-01 13:19:00,2011-06-23 13:51:00,169,2,291.05,114,114.0
14657,2011-01-17 15:19:00,2011-11-22 12:47:00,18,4,848.22,308,102.66666666666667
14658,2011-08-14 15:42:00,2011-12-04 15:35:00,5,2,247.15,111,111.0
14659,2011-01-28 12:43:00,2011-12-01 12:17:00,9,9,2529.93,306,38.25
14660,2011-08-31 10:40:00,2011-09-14 11:34:00,87,2,285.74,14,14.0
14661,2011-11-13 11:51:00,2011-11-13 11:51:00,27,1,107.95,0,0.0
14662,2011-01-27 17:41:00,2011-11-11 12:13:00,29,4,771.17,287,95.66666666666667
14664,2011-11-06 14:56:00,2011-11-20 10:59:00,20,2,637.89,13,13.0
14665,2011-02-02 09:08:00,2011-10-10 09:14:00,61,5,1835.7,250,62.5
14666,2011-11-15 12:57:00,2011-11-15 12:57:00,24,1,195.25,0,0.0
14667,2010-12-06 13:13:00,2011-11-29 11:30:00,11,25,9241.2,357,14.875
14669,2011-01-11 12:30:00,2011-04-12 11:43:00,242,3,1269.99,90,45.0
14670,2011-03-04 13:58:00,2011-03-04 14:13:00,280,2,411.53,0,0.0
14672,2011-01-07 15:48:00,2011-04-19 10:19:00,235,2,765.5500000000001,101,101.0
14673,2010-12-07 12:49:00,2011-12-06 14:31:00,3,5,1736.4,364,91.0
14675,2011-11-23 12:58:00,2011-11-23 12:58:00,16,1,604.75,0,0.0
14676,2011-03-01 14:26:00,2011-11-08 13:29:00,31,6,2548.2400000000002,251,50.2
14680,2010-12-03 12:05:00,2011-11-14 16:59:00,25,16,28754.11,346,23.066666666666666
14681,2011-05-12 10:45:00,2011-09-29 15:52:00,71,3,498.95,140,70.0
14682,2011-05-22 12:51:00,2011-06-05 12:12:00,188,2,52.0,13,13.0
14684,2010-12-12 12:44:00,2011-11-14 11:33:00,26,5,1236.28,336,84.0
14687,2011-08-25 11:59:00,2011-08-25 11:59:00,107,1,628.38,0,0.0
14688,2010-12-01 09:37:00,2011-12-02 12:26:00,8,21,5630.87,366,18.3
14689,2011-05-15 11:22:00,2011-05-15 11:22:00,209,1,112.80000000000001,0,0.0
14690,2011-07-11 11:58:00,2011-10-26 15:39:00,44,2,371.7,107,107.0
14691,2011-05-11 09:55:00,2011-11-09 12:30:00,31,5,2114.33,182,45.5
14692,2011-01-21 13:47:00,2011-07-25 15:08:00,137,4,591.55,185,61.666666666666664
14693,2011-03-20 12:50:00,2011-03-20 12:50:00,265,1,172.9,0,0.0
14696,2010-12-01 15:37:00,2011-12-05 13:43:00,4,7,2078.95,368,61.333333333333336
14697,2011-05-05 15:29:00,2011-05-05 15:39:00,218,2,188.61,0,0.0
14698,2011-10-19 12:54:00,2011-12-08 12:26:00,2,5,1250.76,49,12.25
14699,2011-05-09 14:54:00,2011-05-09 14:54:00,214,1,109.13000000000001,0,0.0
14700,2011-04-15 13:16:00,2011-11-07 14:40:00,32,3,2235.3,206,103.0
14701,2011-01-27 12:40:00,2011-11-29 12:38:00,11,9,2549.37,305,38.125
14702,2010-12-09 19:23:00,2011-12-08 19:29:00,1,17,3292.14,364,22.75
14703,2011-11-25 09:23:00,2011-11-25 09:23:00,15,1,318.17,0,0.0
14704,2011-06-12 13:59:00,2011-11-28 12:51:00,11,9,1546.91,168,21.0
14705,2011-05-25 12:39:00,2011-05-25 12:39:00,199,1,179.0,0,0.0
14708,2010-12-06 12:23:00,2011-12-07 08:21:00,3,3,1126.3700000000001,365,182.5
14709,2010-12-16 13:43:00,2011-11-24 15:41:00,15,13,4921.04,343,28.583333333333332
14710,2011-10-11 13:49:00,2011-11-25 14:53:00,14,4,606.13,45,15.0
14711,2011-03-22 13:32:00,2011-11-29 14:58:00,10,11,2868.8,252,25.2
14712,2011-08-19 13:33:00,2011-11-10 12:59:00,29,3,917.07,82,41.0
14713,2010-12-09 18:58:00,2011-11-30 16:26:00,9,11,2666.36,355,35.5
14714,2011-11-15 13:07:00,2011-11-15 13:07:00,24,1,160.19,0,0.0
14715,2011-01-12 13:27:00,2011-11-15 12:10:00,25,4,867.38,306,102.0
14716,2011-07-14 12:42:00,2011-10-27 17:29:00,43,2,329.68,105,105.0
14719,2011-04-04 14:17:00,2011-12-08 12:43:00,2,5,1602.13,247,61.75
14720,2011-08-05 12:06:00,2011-12-04 12:02:00,6,3,663.81,120,60.0
14722,2011-07-15 14:58:00,2011-07-15 14:58:00,147,1,187.92,0,0.0
14723,2010-12-03 14:18:00,2011-11-29 15:23:00,10,6,1158.3,361,72.2
14725,2011-11-15 12:42:00,2011-11-15 12:42:00,25,1,718.08,0,0.0
14727,2011-03-10 14:45:00,2011-03-10 14:45:00,274,1,268.58,0,0.0
14729,2010-12-01 12:43:00,2010-12-01 12:43:00,374,1,313.49,0,0.0
14730,2011-03-08 12:49:00,2011-12-08 14:39:00,1,8,2005.06,275,39.285714285714285
14731,2011-05-11 13:06:00,2011-10-23 15:54:00,47,3,380.02,165,82.5
14732,2011-01-04 14:40:00,2011-12-01 14:34:00,8,8,2702.4900000000002,330,47.142857142857146
14733,2010-12-07 11:30:00,2011-11-23 15:39:00,16,12,9585.91,351,31.90909090909091
14735,2010-12-16 16:05:00,2011-12-06 12:09:00,4,32,6065.6900000000005,354,11.419354838709678
14737,2010-12-21 13:49:00,2011-12-06 10:16:00,4,3,1164.55,349,174.5
14738,2011-01-27 14:10:00,2011-10-28 08:56:00,43,7,1314.45,273,45.5
14739,2010-12-07 14:58:00,2011-12-05 16:54:00,4,7,3902.28,363,60.5
14740,2011-03-01 08:35:00,2011-05-26 18:17:00,197,3,1448.21,86,43.0
14741,2010-12-02 08:43:00,2011-11-28 08:48:00,12,6,1400.3400000000001,361,72.2
14744,2010-12-08 10:21:00,2011-11-23 12:51:00,16,7,1099.98,350,58.333333333333336
14745,2011-02-27 15:25:00,2011-08-19 10:05:00,113,5,1220.26,172,43.0
14747,2011-04-04 14:09:00,2011-04-04 14:09:00,249,1,328.2,0,0.0
14748,2010-12-06 10:19:00,2011-11-10 18:33:00,29,5,1415.75,339,84.75
14752,2011-10-27 11:55:00,2011-10-27 11:55:00,44,1,389.64000000000004,0,0.0
14753,2011-09-13 14:50:00,2011-09-13 14:50:00,87,1,563.15,0,0.0
14754,2011-02-17 12:21:00,2011-10-26 12:01:00,45,2,638.05,250,250.0
14755,2011-01-09 14:02:00,2011-11-30 11:24:00,10,11,5010.28,324,32.4
14756,2011-11-24 18:13:00,2011-11-24 18:13:00,15,1,738.96,0,0.0
14757,2011-09-25 14:36:00,2011-09-25 14:36:00,75,1,420.5,0,0.0
14758,2011-03-25 12:10:00,2011-07-18 08:21:00,145,4,1484.06,114,38.0
14759,2011-04-21 10:55:00,2011-12-05 12:03:00,5,3,1625.97,228,114.0
14760,2011-02-15 16:27:00,2011-02-15 16:27:00,297,1,89.2,0,0.0
14761,2011-01-09 12:03:00,2011-10-12 12:10:00,59,2,255.9,276,276.0
14762,2011-03-21 08:20:00,2011-03-21 08:20:00,264,1,300.52,0,0.0
14764,2011-10-24 11:54:00,2011-10-24 11:54:00,47,1,278.3,0,0.0
14765,2011-06-16 19:49:00,2011-11-10 19:53:00,29,3,254.11,147,73.5
14766,2010-12-08 15:33:00,2011-12-01 16:05:00,8,6,2473.37,358,71.6
14768,2011-08-04 13:25:00,2011-11-22 12:54:00,17,2,192.60000000000002,109,109.0
14769,2010-12-17 11:40:00,2011-12-07 10:24:00,3,8,10674.75,354,50.57142857142857
14770,2011-01-20 15:00:00,2011-04-21 14:21:00,232,2,876.4200000000001,90,90.0
14772,2011-08-19 15:04:00,2011-08-19 15:04:00,112,1,139.26,0,0.0
14775,2010-12-02 16:38:00,2011-10-12 15:27:00,58,3,1011.9,313,156.5
14776,2011-01-31 13:17:00,2011-10-19 15:34:00,51,11,2538.2999999999997,261,26.1
14778,2011-02-04 11:43:00,2011-08-04 15:23:00,127,2,730.86,181,181.0
14779,2011-01-20 12:04:00,2011-03-04 12:42:00,281,3,386.15,43,21.5
14780,2011-09-21 15:15:00,2011-10-16 12:46:00,55,2,447.68,24,24.0
14782,2011-01-24 11:12:00,2011-01-24 11:12:00,320,1,200.10000000000002,0,0.0
14784,2011-01-20 09:25:00,2011-11-13 13:30:00,26,2,289.99,297,297.0
14785,2011-11-24 13:40:00,2011-11-29 13:21:00,10,2,77.4,4,4.0
14788,2011-11-13 15:52:00,2011-12-02 17:06:00,7,2,679.44,19,19.0
14789,2011-11-11 08:59:00,2011-11-11 08:59:00,29,1,197.64,0,0.0
14790,2011-03-31 11:49:00,2011-11-23 09:28:00,17,4,745.06,236,78.66666666666667
14792,2011-10-07 09:19:00,2011-10-07 09:19:00,64,1,6.2,0,0.0
14793,2011-11-18 14:50:00,2011-11-18 14:50:00,21,1,228.99,0,0.0
14794,2011-01-09 16:11:00,2011-12-07 10:11:00,3,7,1319.91,331,55.166666666666664
14795,2011-06-26 13:04:00,2011-06-26 13:04:00,166,1,131.45000000000002,0,0.0
14796,2010-12-08 10:40:00,2011-12-08 15:31:00,1,17,8022.49,365,22.8125
14798,2011-02-02 15:26:00,2011-10-18 10:58:00,53,3,173.74,257,128.5
14799,2011-10-19 16:16:00,2011-10-19 16:16:00,51,1,157.7,0,0.0
14800,2010-12-05 11:10:00,2011-10-23 12:46:00,48,12,4339.74,322,29.272727272727273
14801,2011-10-09 15:24:00,2011-10-09 15:24:00,61,1,193.14,0,0.0
14803,2011-02-20 13:21:00,2011-06-30 13:58:00,162,3,845.5500000000001,130,65.0
14804,2011-12-01 11:20:00,2011-12-01 11:20:00,9,1,353.27,0,0.0
14805,2011-01-30 10:43:00,2011-11-24 16:20:00,15,4,554.65,298,99.33333333333333
14806,2011-09-25 15:32:00,2011-09-25 15:32:00,75,1,193.39000000000001,0,0.0
14808,2011-06-20 12:53:00,2011-10-31 12:21:00,40,8,2741.17,132,18.857142857142858
14810,2010-12-05 12:08:00,2011-10-30 11:19:00,41,11,2087.88,328,32.8
14813,2010-12-05 11:54:00,2010-12-05 11:57:00,370,2,155.43,0,0.0
14815,2011-10-03 11:36:00,2011-11-03 11:36:00,37,2,778.5,31,31.0
14816,2011-05-26 13:16:00,2011-05-26 13:16:00,197,1,271.85,0,0.0
14817,2011-03-07 13:51:00,2011-05-23 13:35:00,200,2,1110.34,76,76.0
14818,2011-03-31 12:28:00,2011-09-27 11:01:00,74,3,657.8,179,89.5
14819,2011-05-31 13:50:00,2011-10-06 13:41:00,64,2,272.07,127,127.0
14820,2011-06-19 14:56:00,2011-11-18 15:41:00,21,4,507.29,152,50.666666666666664
14821,2010-12-08 08:43:00,2010-12-08 08:43:00,367,1,48.800000000000004,0,0.0
14823,2011-05-29 12:48:00,2011-06-12 13:12:00,180,3,321.43,14,7.0
14824,2011-09-09 14:12:00,2011-11-29 14:20:00,10,4,1127.71,81,27.0
14825,2010-12-06 12:30:00,2011-12-06 11:38:00,4,12,2226.9100000000003,364,33.09090909090909
14828,2011-01-07 09:50:00,2011-05-27 10:16:00,197,3,2139.76,140,70.0
14829,2010-12-02 16:12:00,2011-11-10 16:16:00,29,4,697.55,343,114.33333333333333
14830,2011-10-17 14:29:00,2011-10-17 14:29:00,53,1,197.13,0,0.0
14834,2011-04-13 15:00:00,2011-11-22 10:30:00,18,6,1720.3,222,44.4
14836,2011-11-09 13:26:00,2011-11-29 16:45:00,10,3,102.45,20,10.0
14837,2011-05-22 12:49:00,2011-09-11 10:58:00,90,4,1649.5,111,37.0
14840,2011-03-17 12:00:00,2011-03-17 12:00:00,268,1,62.85,0,0.0
14841,2010-12-16 10:28:00,2011-10-17 15:03:00,53,6,3295.76,305,61.0
14842,2011-02-04 15:32:00,2011-10-27 12:37:00,44,4,2824.69,264,88.0
14844,2011-04-12 13:10:00,2011-10-07 10:41:00,64,4,3189.81,177,59.0
14847,2011-07-14 10:52:00,2011-07-14 10:52:00,149,1,309.40000000000003,0,0.0
14849,2010-12-01 12:22:00,2011-11-18 10:58:00,22,25,7930.54,351,14.625
14850,2011-02-01 11:21:00,2011-02-01 11:21:00,312,1,325.75,0,0.0
14851,2011-03-28 14:59:00,2011-11-16 14:20:00,23,2,511.35,232,232.0
14852,2011-04-01 13:22:00,2011-10-12 13:20:00,58,6,2836.69,193,38.6
14853,2011-05-12 15:17:00,2011-11-15 16:56:00,24,2,475.8,187,187.0
14854,2011-03-10 12:22:00,2011-09-22 17:00:00,78,7,2759.83,196,32.666666666666664
14855,2011-07-28 12:06:00,2011-08-12 14:02:00,119,2,645.65,15,15.0
14856,2011-10-14 09:35:00,2011-11-03 14:53:00,36,3,1311.38,20,10.0
14857,2011-07-14 15:03:00,2011-10-11 09:23:00,60,2,1173.1200000000001,88,88.0
14859,2011-05-19 14:42:00,2011-11-27 11:18:00,13,4,1353.74,191,63.666666666666664
14860,2011-11-20 14:17:00,2011-11-20 14:17:00,19,1,170.32,0,0.0
14861,2011-10-18 12:54:00,2011-10-18 12:54:00,52,1,125.79,0,0.0
14862,2011-07-14 11:20:00,2011-11-14 10:01:00,26,2,841.2,122,122.0
14863,2011-11-10 15:04:00,2011-11-10 15:04:00,29,1,266.76,0,0.0
14865,2010-12-02 18:23:00,2011-12-02 16:25:00,7,2,52.2,364,364.0
14866,2010-12-08 14:58:00,2011-11-29 11:45:00,11,12,14389.9,355,32.27272727272727
14867,2011-01-07 16:34:00,2011-06-07 11:39:00,186,3,710.28,150,75.0
14868,2011-04-20 13:36:00,2011-12-06 14:49:00,3,8,2953.59,230,32.857142857142854
14869,2011-08-28 16:09:00,2011-12-01 12:36:00,9,2,725.7,94,94.0
14870,2011-03-23 10:51:00,2011-03-23 10:51:00,262,1,327.25,0,0.0
14871,2010-12-14 12:18:00,2011-12-06 13:42:00,3,4,522.38,357,119.0
14873,2011-05-13 13:52:00,2011-05-13 13:52:00,210,1,519.68,0,0.0
14875,2011-03-22 11:53:00,2011-08-24 12:20:00,108,2,1465.32,155,155.0
14878,2010-12-16 12:11:00,2011-11-27 11:15:00,13,9,1485.54,345,43.125
14880,2011-02-24 12:27:00,2011-09-23 13:42:00,77,3,706.19,211,105.5
14881,2011-11-20 11:06:00,2011-11-20 11:06:00,20,1,255.4,0,0.0
14882,2011-11-06 10:15:00,2011-11-13 12:47:00,27,2,589.7,7,7.0
14883,2011-05-12 09:49:00,2011-11-21 10:23:00,19,6,761.59,193,38.6
14885,2011-07-31 12:05:00,2011-07-31 12:05:00,132,1,765.3199999999999,0,0.0
14886,2011-04-01 08:56:00,2011-04-01 08:56:00,253,1,364.8,0,0.0
14887,2011-09-21 15:32:00,2011-09-21 15:32:00,79,1,1862.0,0,0.0
14888,2011-05-16 14:58:00,2011-05-16 14:58:00,207,1,369.2,0,0.0
14889,2011-01-07 15:19:00,2011-01-07 15:19:00,336,1,135.9,0,0.0
14890,2011-03-31 11:57:00,2011-03-31 11:57:00,254,1,125.65,0,0.0
14891,2011-06-05 10:58:00,2011-07-14 18:08:00,148,2,554.38,39,39.0
14893,2011-11-28 10:49:00,2011-11-30 12:31:00,10,2,1237.8500000000001,2,2.0
14894,2011-09-15 13:51:00,2011-09-15 13:51:00,85,1,655.75,0,0.0
14895,2011-02-22 13:08:00,2011-12-02 09:23:00,8,20,11138.710000000001,282,14.842105263157896
14896,2010-12-09 12:24:00,2011-05-19 10:20:00,205,2,468.77000000000004,160,160.0
14897,2011-02-16 08:37:00,2011-12-02 10:32:00,8,4,1366.38,289,96.33333333333333
14898,2010-12-03 15:25:00,2011-11-16 14:54:00,23,6,1303.52,347,69.4
14901,2010-12-02 11:20:00,2011-11-28 17:09:00,11,9,1421.29,361,45.125
14902,2011-11-14 10:34:00,2011-11-14 10:34:00,26,1,332.66,0,0.0
14903,2011-03-06 11:50:00,2011-11-18 16:07:00,21,5,2810.63,257,64.25
14904,2011-11-14 09:13:00,2011-12-07 12:55:00,2,2,1025.44,23,23.0
14905,2011-04-20 10:48:00,2011-07-05 12:41:00,158,2,616.15,76,76.0
14907,2010-12-07 10:14:00,2011-12-06 14:14:00,3,7,3501.1,364,60.666666666666664
14908,2011-09-26 12:56:00,2011-09-26 12:56:00,74,1,277.8,0,0.0
14910,2011-10-16 11:06:00,2011-12-07 10:06:00,3,4,434.35,51,17.0
14911,2010-12-01 14:05:00,2011-12-08 15:54:00,1,201,143825.06,372,1.86
14912,2011-04-07 11:06:00,2011-11-23 09:20:00,17,2,867.85,229,229.0
14913,2010-12-15 14:35:00,2011-11-04 08:29:00,36,4,1227.43,323,107.66666666666667
14915,2011-03-07 09:39:00,2011-09-09 13:34:00,91,2,307.48,186,186.0
14916,2011-01-19 15:30:00,2011-09-30 09:20:00,71,4,1268.98,253,84.33333333333333
14918,2011-07-08 12:50:00,2011-08-16 11:50:00,116,2,1610.15,38,38.0
14920,2011-05-11 10:31:00,2011-05-11 10:32:00,213,2,977.77,0,0.0
14921,2011-05-22 12:51:00,2011-11-09 13:17:00,30,2,1316.07,171,171.0
14923,2011-10-20 11:51:00,2011-10-20 11:51:00,51,1,749.1,0,0.0
14924,2011-04-08 09:25:00,2011-04-08 09:25:00,246,1,310.05,0,0.0
14929,2011-11-07 17:21:00,2011-11-07 17:21:00,32,1,223.88,0,0.0
14930,2011-03-10 14:42:00,2011-08-23 10:31:00,109,3,2372.86,165,82.5
14931,2011-04-13 09:32:00,2011-12-05 10:19:00,5,5,1257.68,236,59.0
14932,2010-12-09 11:48:00,2010-12-09 11:48:00,366,1,363.53,0,0.0
14934,2011-03-02 11:48:00,2011-09-19 10:10:00,82,2,1890.94,200,200.0
14935,2011-02-15 14:44:00,2011-02-15 14:44:00,297,1,1784.71,0,0.0
14936,2011-03-09 11:53:00,2011-11-06 10:30:00,34,8,8137.02,241,34.42857142857143
14937,2011-08-01 14:16:00,2011-10-14 12:29:00,57,3,1621.88,73,36.5
14944,2011-02-16 12:47:00,2011-11-10 09:10:00,30,12,5900.25,266,24.181818181818183
14946,2011-11-25 13:33:00,2011-11-25 13:33:00,14,1,100.9,0,0.0
14947,2011-08-01 09:31:00,2011-09-28 15:48:00,72,2,290.82,58,58.0
14948,2011-05-04 14:52:00,2011-11-16 17:16:00,23,6,1101.97,196,39.2
14950,2011-11-20 13:48:00,2011-11-20 13:48:00,19,1,371.2,0,0.0
14951,2011-09-21 15:15:00,2011-09-21 15:15:00,79,1,311.69,0,0.0
14952,2010-12-10 12:48:00,2011-10-11 10:33:00,60,11,8099.49,304,30.4
14953,2011-11-14 14:59:00,2011-11-14 14:59:00,25,1,289.82,0,0.0
14954,2011-11-27 14:30:00,2011-11-27 14:30:00,12,1,336.17,0,0.0
14957,2011-03-31 17:59:00,2011-03-31 17:59:00,253,1,58.49,0,0.0
14958,2011-04-08 11:28:00,2011-07-15 14:20:00,147,3,499.68,98,49.0
14959,2011-02-16 13:00:00,2011-10-06 18:23:00,64,4,695.42,232,77.33333333333333
14960,2011-06-21 13:38:00,2011-12-01 12:54:00,8,2,221.27,162,162.0
14961,2010-12-14 11:38:00,2011-11-29 09:42:00,11,9,7044.68,349,43.625
14962,2011-03-14 09:42:00,2011-03-14 09:42:00,271,1,126.7,0,0.0
14963,2011-06-09 12:30:00,2011-11-30 12:16:00,10,5,1487.8,173,43.25
14964,2011-04-06 14:13:00,2011-04-06 14:13:00,247,1,206.21,0,0.0
14965,2011-09-04 13:15:00,2011-09-04 13:20:00,96,2,599.0,0,0.0
14966,2011-11-25 12:20:00,2011-11-25 12:20:00,15,1,191.32,0,0.0
14967,2011-10-21 11:06:00,2011-10-21 11:06:00,50,1,463.8,0,0.0
14968,2011-11-09 13:58:00,2011-11-09 13:58:00,30,1,147.59,0,0.0
14970,2011-01-27 12:23:00,2011-10-02 13:44:00,68,4,1592.06,248,82.66666666666667
14971,2011-10-27 13:33:00,2011-11-04 17:07:00,35,3,1116.57,8,4.0
14972,2011-08-03 14:54:00,2011-08-03 14:54:00,128,1,114.77,0,0.0
14973,2011-04-28 12:22:00,2011-08-24 15:51:00,107,3,1314.45,118,59.0
14974,2011-11-02 13:01:00,2011-11-02 13:01:00,37,1,114.39,0,0.0
14975,2011-10-13 14:08:00,2011-10-13 14:08:00,57,1,279.94,0,0.0
14976,2011-01-17 11:09:00,2011-10-13 16:37:00,57,7,790.86,269,44.833333333333336
14978,2011-01-13 12:03:00,2011-09-28 13:07:00,72,5,1931.42,258,64.5
14981,2011-04-07 13:45:00,2011-04-07 13:45:00,246,1,102.12,0,0.0
14984,2011-06-12 11:04:00,2011-11-20 14:28:00,19,2,213.27,161,161.0
14985,2010-12-16 19:51:00,2011-05-25 14:29:00,198,2,296.75,159,159.0
14987,2010-12-09 12:13:00,2011-11-24 09:59:00,16,2,326.4,349,349.0
14988,2011-05-12 12:05:00,2011-05-12 12:05:00,212,1,334.54,0,0.0
14995,2011-03-04 13:14:00,2011-11-01 11:39:00,39,2,233.23000000000002,241,241.0
14997,2011-06-14 16:52:00,2011-10-24 13:28:00,46,3,546.1999999999999,131,65.5
14998,2011-04-12 16:28:00,2011-06-22 17:30:00,170,2,429.87,71,71.0
15000,2011-10-23 11:42:00,2011-10-23 11:42:00,48,1,490.52,0,0.0
15002,2010-12-07 13:16:00,2011-08-16 10:44:00,116,4,1641.76,251,83.66666666666667
15004,2011-07-15 14:05:00,2011-07-15 14:05:00,147,1,1246.32,0,0.0
15005,2010-12-08 14:36:00,2011-11-24 12:25:00,16,28,6316.57,350,12.962962962962964
15006,2011-10-19 15:08:00,2011-10-19 15:08:00,51,1,502.09,0,0.0
15007,2011-07-03 16:00:00,2011-07-03 16:00:00,159,1,156.91,0,0.0
15009,2011-11-14 17:40:00,2011-11-27 13:35:00,12,3,1261.78,12,6.0
15010,2011-11-04 12:42:00,2011-11-04 12:42:00,36,1,308.94,0,0.0
15012,2010-12-01 12:49:00,2011-10-17 12:22:00,54,2,423.04,319,319.0
15014,2011-06-16 19:40:00,2011-10-27 20:07:00,43,2,260.17,133,133.0
15016,2011-06-20 12:06:00,2011-06-20 12:06:00,173,1,170.04,0,0.0
15017,2011-11-06 10:33:00,2011-11-06 10:33:00,34,1,125.58,0,0.0
15018,2010-12-07 10:47:00,2011-11-01 12:47:00,39,3,496.21,329,164.5
15019,2011-03-18 12:35:00,2011-03-18 12:35:00,267,1,266.0,0,0.0
15021,2010-12-08 12:17:00,2011-12-01 11:53:00,9,9,1914.82,357,44.625
15022,2011-10-23 15:47:00,2011-11-28 12:35:00,12,4,905.04,35,11.666666666666666
15023,2010-12-05 13:49:00,2011-12-06 17:23:00,3,11,6802.76,366,36.6
15024,2010-12-07 13:20:00,2011-11-30 12:06:00,10,10,1661.33,357,39.666666666666664
15025,2011-11-06 15:20:00,2011-11-06 15:20:00,33,1,377.01,0,0.0
15026,2011-03-07 13:45:00,2011-09-20 13:52:00,80,3,469.0,197,98.5
15027,2011-04-15 14:14:00,2011-11-09 10:16:00,31,4,1066.15,207,69.0
15028,2010-12-06 12:47:00,2011-12-01 14:06:00,8,4,627.13,360,120.0
15030,2011-03-16 15:34:00,2011-09-29 10:50:00,72,2,518.28,196,196.0
15031,2011-03-02 14:46:00,2011-12-05 14:19:00,4,4,668.14,277,92.33333333333333
15032,2010-12-08 12:57:00,2011-03-28 15:03:00,256,3,4959.1,110,55.0
15033,2011-01-14 13:28:00,2011-12-05 12:40:00,5,10,2586.67,324,36.0
15034,2010-12-21 09:47:00,2011-11-24 12:11:00,16,8,4308.61,338,48.285714285714285
15035,2011-09-11 11:08:00,2011-09-11 11:08:00,90,1,252.73000000000002,0,0.0
15036,2011-06-13 12:19:00,2011-09-28 15:42:00,72,3,465.55,107,53.5
15038,2010-12-05 10:54:00,2011-10-12 11:33:00,59,6,705.49,311,62.2
15039,2010-12-06 11:26:00,2011-11-30 11:31:00,10,47,19914.44,359,7.804347826086956
15041,2011-06-22 16:16:00,2011-06-22 16:16:00,170,1,180.35,0,0.0
15042,2011-05-24 16:25:00,2011-05-24 16:25:00,199,1,135.93,0,0.0
15043,2011-11-08 14:26:00,2011-11-08 14:26:00,31,1,537.0,0,0.0
15044,2010-12-12 14:27:00,2011-11-20 13:20:00,19,17,7700.2300000000005,342,21.375
15045,2011-03-27 11:44:00,2011-07-11 11:33:00,152,2,735.66,105,105.0
15046,2011-01-05 15:30:00,2011-11-30 15:50:00,9,15,5213.7699999999995,329,23.5
15047,2011-03-15 10:49:00,2011-03-15 10:49:00,270,1,343.62,0,0.0
15048,2010-12-06 12:15:00,2011-10-05 14:55:00,65,4,384.05,303,101.0
15049,2011-03-11 12:13:00,2011-03-11 12:13:00,274,1,121.17000000000002,0,0.0
15050,2011-09-29 13:22:00,2011-11-14 16:17:00,25,3,1782.09,46,23.0
15051,2011-07-12 15:29:00,2011-11-16 15:38:00,23,3,1391.61,127,63.5
15052,2011-01-24 15:52:00,2011-01-24 15:52:00,319,1,215.78,0,0.0
15053,2011-03-03 12:06:00,2011-12-05 12:08:00,5,3,697.79,277,138.5
15054,2011-10-30 14:33:00,2011-11-27 15:02:00,12,2,302.1,28,28.0
15057,2011-01-28 09:09:00,2011-03-09 15:17:00,275,2,1489.5,40,40.0
15058,2011-01-31 15:35:00,2011-11-14 14:57:00,25,11,2124.99,286,28.6
15059,2011-01-09 11:54:00,2011-10-30 11:35:00,41,9,1337.72,293,36.625
15060,2011-11-30 14:03:00,2011-12-01 13:47:00,8,4,303.09000000000003,0,0.0
15061,2010-12-02 15:19:00,2011-12-06 12:06:00,4,48,54534.14,368,7.829787234042553
15062,2010-12-15 15:37:00,2011-09-29 16:51:00,71,4,987.86,288,96.0
15063,2011-05-10 13:25:00,2011-05-10 13:25:00,213,1,370.79999999999995,0,0.0
15065,2011-02-21 12:54:00,2011-11-02 09:45:00,38,4,3158.13,253,84.33333333333333
15066,2011-10-17 13:25:00,2011-10-17 13:25:00,53,1,893.59,0,0.0
15067,2011-03-02 12:10:00,2011-09-22 13:20:00,78,3,1744.76,204,102.0
15068,2011-03-28 14:27:00,2011-10-24 14:47:00,46,2,553.36,210,210.0
15069,2011-06-13 14:16:00,2011-06-13 14:16:00,179,1,1109.53,0,0.0
15070,2010-12-02 11:23:00,2010-12-02 11:23:00,373,1,106.2,0,0.0
15071,2011-03-09 10:19:00,2011-09-07 11:43:00,94,2,982.07,182,182.0
15073,2011-06-06 09:59:00,2011-11-30 10:44:00,10,3,1043.41,177,88.5
15074,2011-08-26 14:45:00,2011-08-26 14:45:00,105,1,748.87,0,0.0
15075,2011-09-23 12:27:00,2011-09-23 12:27:00,78,1,773.03,0,0.0
15076,2011-06-20 08:23:00,2011-06-20 08:23:00,173,1,880.85,0,0.0
15078,2010-12-06 12:38:00,2011-12-02 15:41:00,7,32,9743.11,361,11.64516129032258
15079,2010-12-09 09:25:00,2011-05-11 12:45:00,213,4,895.61,153,51.0
15081,2010-12-07 16:20:00,2011-11-17 17:08:00,22,5,504.8,345,86.25
15083,2011-03-28 12:18:00,2011-03-28 12:18:00,257,1,88.2,0,0.0
15087,2011-03-03 10:34:00,2011-03-03 10:34:00,282,1,306.94,0,0.0
15088,2011-10-03 14:05:00,2011-11-18 13:14:00,21,2,1160.07,45,45.0
15089,2011-08-03 14:14:00,2011-11-29 16:31:00,10,6,2420.84,118,23.6
15090,2011-02-04 14:03:00,2011-02-04 14:03:00,308,1,381.32,0,0.0
15091,2011-10-03 12:47:00,2011-10-03 12:47:00,68,1,480.71,0,0.0
15092,2011-03-01 12:24:00,2011-05-08 14:10:00,215,2,457.81,68,68.0
15093,2010-12-02 18:25:00,2011-11-21 13:09:00,18,6,4597.02,353,70.6
15095,2011-05-20 14:27:00,2011-08-28 12:01:00,104,4,1370.6000000000001,99,33.0
15096,2011-10-28 10:27:00,2011-10-28 10:27:00,43,1,219.39000000000001,0,0.0
15097,2011-12-05 14:03:00,2011-12-05 14:03:00,4,1,248.08,0,0.0
15098,2011-06-10 15:22:00,2011-06-10 15:33:00,182,3,39916.5,0,0.0
15099,2011-09-16 13:13:00,2011-09-16 13:13:00,84,1,410.48,0,0.0
15100,2010-12-01 09:09:00,2011-01-10 10:35:00,334,3,876.0,40,20.0
15101,2010-12-15 12:54:00,2011-12-01 10:18:00,9,2,317.53000000000003,350,350.0
15103,2011-09-14 13:54:00,2011-11-08 14:53:00,31,2,703.36,55,55.0
15104,2011-03-02 14:16:00,2011-05-27 12:29:00,197,2,1027.44,85,85.0
15105,2011-07-28 10:09:00,2011-11-21 16:54:00,18,7,2298.93,116,19.333333333333332
15106,2011-03-15 12:52:00,2011-11-22 09:16:00,18,5,1422.52,251,62.75
15107,2010-12-02 13:45:00,2011-02-01 14:46:00,311,6,319.5,61,12.2
15108,2011-04-26 10:54:00,2011-07-21 10:24:00,142,4,1300.25,85,28.333333333333332
15109,2011-04-08 09:58:00,2011-04-08 09:58:00,246,1,484.95,0,0.0
15110,2011-01-25 11:41:00,2011-11-16 11:16:00,24,4,996.1,294,98.0
15111,2010-12-02 11:45:00,2011-11-10 16:58:00,29,3,1567.48,343,171.5
15113,2011-10-16 15:27:00,2011-11-30 08:23:00,10,3,3609.33,44,22.0
15114,2011-02-11 08:45:00,2011-11-09 15:05:00,30,10,2760.56,271,30.11111111111111
15115,2011-11-21 14:59:00,2011-11-21 14:59:00,18,1,340.11,0,0.0
15116,2011-05-19 08:50:00,2011-11-22 12:25:00,18,4,1352.75,187,62.333333333333336
15117,2011-05-08 12:38:00,2011-11-25 08:12:00,15,5,1551.78,200,50.0
15118,2011-07-28 14:54:00,2011-07-28 14:54:00,134,1,244.8,0,0.0
15119,2011-04-08 09:08:00,2011-04-08 09:08:00,246,1,266.4,0,0.0
15120,2011-07-29 09:48:00,2011-07-29 09:48:00,134,1,358.82,0,0.0
15121,2011-02-24 12:41:00,2011-10-20 14:51:00,50,2,457.72,238,238.0
15122,2011-02-15 09:59:00,2011-08-17 16:48:00,114,3,1633.78,183,91.5
15123,2011-05-17 14:57:00,2011-12-02 13:12:00,7,2,2199.31,198,198.0
15124,2011-06-01 09:06:00,2011-11-17 10:09:00,23,2,184.19,169,169.0
15125,2011-03-14 09:59:00,2011-11-14 13:57:00,25,15,11528.48,245,17.5
15127,2011-10-05 10:30:00,2011-10-05 10:30:00,66,1,406.53000000000003,0,0.0
15128,2011-05-04 12:32:00,2011-10-10 13:54:00,60,4,1471.0,159,53.0
15129,2011-02-21 09:09:00,2011-10-20 14:40:00,50,11,3447.4,241,24.1
15130,2011-06-23 10:15:00,2011-06-23 10:15:00,170,1,330.11,0,0.0
15132,2011-03-22 12:02:00,2011-11-21 17:10:00,18,5,977.9300000000001,244,61.0
15133,2011-02-11 10:38:00,2011-08-04 10:44:00,128,3,982.42,174,87.0
15134,2011-04-13 11:05:00,2011-11-25 08:55:00,15,8,1387.99,225,32.142857142857146
15135,2011-04-14 19:16:00,2011-04-14 19:16:00,239,1,139.05,0,0.0
15136,2011-09-04 16:05:00,2011-12-07 12:26:00,3,4,1286.7,93,31.0
15139,2011-01-07 12:44:00,2011-04-14 11:39:00,240,2,178.96,96,96.0
15140,2011-03-20 14:37:00,2011-10-18 14:07:00,52,7,2354.25,211,35.166666666666664
15142,2011-10-24 12:51:00,2011-10-24 12:51:00,46,1,498.74,0,0.0
15143,2011-04-28 12:03:00,2011-04-28 12:03:00,226,1,259.45,0,0.0
15144,2011-01-31 13:17:00,2011-12-01 15:12:00,8,17,6580.4400000000005,304,19.0
15145,2011-04-05 15:20:00,2011-12-05 17:21:00,4,4,1194.73,244,81.33333333333333
15146,2011-02-21 13:07:00,2011-06-28 12:09:00,165,2,1327.16,126,126.0
15147,2011-04-13 15:57:00,2011-04-13 15:57:00,240,1,623.5,0,0.0
15148,2011-11-29 08:21:00,2011-11-29 08:21:00,11,1,301.29,0,0.0
15149,2011-07-29 10:58:00,2011-07-29 10:58:00,134,1,520.8000000000001,0,0.0
15150,2011-03-15 14:21:00,2011-11-22 12:52:00,17,10,5314.47,251,27.88888888888889
15152,2011-06-05 15:36:00,2011-11-30 12:32:00,10,13,4745.69,177,14.75
15153,2011-11-08 17:09:00,2011-11-08 17:09:00,31,1,329.25,0,0.0
15154,2011-09-25 16:05:00,2011-09-25 16:05:00,75,1,296.42,0,0.0
15156,2011-11-06 12:41:00,2011-12-08 18:22:00,1,3,961.49,32,16.0
15157,2010-12-16 13:44:00,2011-12-06 11:28:00,4,3,1936.07,354,177.0
15158,2011-10-25 13:53:00,2011-10-25 13:53:00,45,1,401.40000000000003,0,0.0
15159,2010-12-13 15:44:00,2011-12-08 12:05:00,2,30,18641.010000000002,359,12.379310344827585
15160,2010-12-17 14:15:00,2010-12-17 14:15:00,357,1,158.16,0,0.0
15163,2011-05-31 15:22:00,2011-11-21 13:10:00,18,2,304.47,173,173.0
15164,2011-01-04 14:21:00,2011-10-02 12:05:00,69,3,843.05,270,135.0
15165,2010-12-01 14:03:00,2010-12-01 14:03:00,373,1,487.75,0,0.0
15167,2011-01-23 12:41:00,2011-01-23 12:41:00,321,1,163.0,0,0.0
15168,2011-11-14 11:26:00,2011-11-14 11:26:00,26,1,106.56,0,0.0
15171,2011-01-12 15:36:00,2011-01-12 15:36:00,331,1,1289.5,0,0.0
15172,2011-04-17 11:56:00,2011-12-01 11:51:00,9,5,1624.05,227,56.75
15174,2011-01-21 09:06:00,2011-01-21 09:06:00,323,1,135.75,0,0.0
15175,2011-09-29 11:31:00,2011-09-29 11:31:00,72,1,224.14,0,0.0
15178,2011-03-24 15:12:00,2011-03-24 15:12:00,260,1,40.5,0,0.0
15179,2011-01-24 13:48:00,2011-11-21 12:53:00,18,5,2206.9500000000003,300,75.0
15180,2010-12-07 14:57:00,2010-12-07 14:57:00,367,1,87.5,0,0.0
15181,2011-03-15 12:03:00,2011-10-04 13:58:00,66,3,689.48,203,101.5
15182,2011-03-16 12:42:00,2011-07-08 13:37:00,154,2,622.85,114,114.0
15184,2011-06-02 12:06:00,2011-11-10 13:41:00,29,2,406.76,161,161.0
15185,2011-09-30 14:06:00,2011-09-30 14:06:00,70,1,310.62,0,0.0
15186,2011-06-24 14:54:00,2011-11-25 14:58:00,14,2,411.41,154,154.0
15187,2011-05-11 13:49:00,2011-12-08 11:56:00,2,16,4777.18,210,14.0
15189,2011-01-11 12:29:00,2011-12-08 13:22:00,1,41,16225.39,331,8.275
15192,2010-12-09 14:56:00,2011-08-12 11:41:00,120,3,1044.32,245,122.5
15193,2011-10-10 08:23:00,2011-10-10 08:23:00,61,1,499.32,0,0.0
15194,2010-12-06 15:00:00,2011-12-06 15:10:00,3,15,7616.53,365,26.071428571428573
15195,2011-12-07 12:20:00,2011-12-07 12:20:00,3,1,3861.0,0,0.0
15197,2010-12-16 18:01:00,2011-11-29 10:00:00,11,3,1079.61,347,173.5
15198,2011-08-07 15:16:00,2011-09-08 14:42:00,92,2,193.64,31,31.0
15199,2011-02-04 14:04:00,2011-10-11 15:12:00,59,4,1268.7,249,83.0
15201,2011-04-06 14:02:00,2011-09-13 14:53:00,87,5,1236.54,160,40.0
15203,2011-02-01 12:29:00,2011-11-14 08:16:00,26,6,1827.8,285,57.0
15204,2010-12-17 13:49:00,2010-12-17 13:49:00,357,1,316.58,0,0.0
15205,2011-08-04 16:07:00,2011-09-15 19:36:00,85,2,653.24,42,42.0
15206,2011-03-09 08:59:00,2011-11-29 13:41:00,10,4,420.3,265,88.33333333333333
15208,2010-12-21 13:03:00,2011-12-08 17:24:00,1,5,870.12,352,88.0
15210,2011-04-28 16:11:00,2011-04-28 16:11:00,225,1,331.18,0,0.0
15211,2010-12-09 16:08:00,2011-10-10 13:31:00,60,2,894.4100000000001,304,304.0
15212,2011-04-12 13:45:00,2011-04-12 13:45:00,241,1,101.8,0,0.0
15213,2011-01-14 11:05:00,2011-01-25 12:21:00,319,2,328.35,11,11.0
15214,2011-04-11 09:46:00,2011-12-08 12:07:00,2,8,1661.44,241,34.42857142857143
15215,2011-09-04 12:24:00,2011-10-24 11:41:00,47,3,734.94,49,24.5
15216,2011-09-13 11:41:00,2011-09-13 11:41:00,88,1,96.6,0,0.0
15218,2011-01-25 11:20:00,2011-11-29 11:48:00,11,11,5756.89,308,30.8
15219,2011-06-16 16:57:00,2011-06-16 16:57:00,176,1,305.75,0,0.0
15220,2011-03-04 10:24:00,2011-10-19 12:39:00,52,6,1778.96,229,45.8
15221,2010-12-08 13:08:00,2010-12-08 13:08:00,366,1,403.25,0,0.0
15222,2011-01-25 08:03:00,2011-01-25 08:03:00,319,1,585.0,0,0.0
15223,2011-04-04 12:17:00,2011-04-28 11:31:00,226,2,755.75,23,23.0
15224,2010-12-12 12:34:00,2010-12-16 15:02:00,358,2,322.08,4,4.0
15225,2011-04-19 14:51:00,2011-04-19 14:51:00,234,1,409.40000000000003,0,0.0
15226,2011-02-02 11:41:00,2011-02-02 11:41:00,311,1,154.41,0,0.0
15227,2011-01-26 15:31:00,2011-11-03 11:59:00,37,5,1219.4,280,70.0
15228,2011-02-18 09:04:00,2011-10-04 13:56:00,66,4,3386.71,228,76.0
15230,2011-04-13 11:04:00,2011-04-14 14:39:00,239,2,429.6,1,1.0
15232,2011-07-22 12:21:00,2011-08-18 16:27:00,113,2,612.06,27,27.0
15234,2011-03-08 08:53:00,2011-03-08 08:53:00,277,1,197.0,0,0.0
15235,2010-12-01 17:22:00,2011-05-06 09:44:00,218,12,2247.51,155,14.090909090909092
15236,2011-02-14 10:52:00,2011-02-14 10:52:00,299,1,321.05,0,0.0
15237,2011-04-26 15:04:00,2011-12-08 09:46:00,2,4,1412.32,225,75.0
15238,2011-06-08 16:00:00,2011-11-10 14:28:00,29,3,1071.99,154,77.0
15239,2011-09-22 09:53:00,2011-11-29 14:14:00,10,2,780.59,68,68.0
15240,2011-02-01 08:23:00,2011-10-26 09:50:00,45,5,1706.57,267,66.75
15241,2011-03-01 11:02:00,2011-10-04 09:05:00,67,8,1756.44,216,30.857142857142858
15243,2011-09-26 14:12:00,2011-09-26 14:12:00,74,1,316.68,0,0.0
15244,2011-04-05 15:12:00,2011-10-05 13:19:00,65,2,631.57,182,182.0
15245,2011-03-23 13:42:00,2011-07-28 18:56:00,134,3,2515.84,127,63.5
15246,2010-12-16 09:46:00,2011-04-15 14:45:00,238,2,514.15,120,120.0
15247,2011-08-09 12:52:00,2011-08-09 12:52:00,122,1,356.0,0,0.0
15249,2011-03-28 12:49:00,2011-11-08 11:45:00,32,13,6688.46,224,18.666666666666668
15251,2011-04-12 10:38:00,2011-11-30 15:02:00,9,11,10484.99,232,23.2
15252,2011-06-09 14:15:00,2011-11-03 13:30:00,36,2,740.78,146,146.0
15253,2011-06-23 12:19:00,2011-11-23 16:22:00,16,5,918.2,153,38.25
15254,2011-08-04 15:04:00,2011-08-04 15:04:00,127,1,300.36,0,0.0
15255,2011-10-04 12:43:00,2011-10-04 12:43:00,67,1,890.85,0,0.0
15256,2011-07-14 11:47:00,2011-07-14 11:47:00,149,1,98.45,0,0.0
15257,2011-03-01 12:58:00,2011-03-01 12:58:00,283,1,317.15,0,0.0
15258,2011-05-06 14:16:00,2011-06-24 12:30:00,169,2,623.16,48,48.0
15260,2010-12-02 12:09:00,2011-08-31 13:55:00,100,7,1810.77,272,45.333333333333336
15261,2011-07-27 15:20:00,2011-07-27 15:20:00,135,1,254.82,0,0.0
15262,2011-01-20 12:16:00,2011-01-20 12:16:00,324,1,178.95000000000002,0,0.0
15263,2011-08-25 10:26:00,2011-08-25 10:26:00,107,1,156.51,0,0.0
15264,2011-10-06 13:49:00,2011-10-06 13:49:00,64,1,393.74,0,0.0
15265,2011-04-18 12:16:00,2011-07-11 14:46:00,151,2,1506.1200000000001,84,84.0
15266,2011-01-05 13:40:00,2011-01-05 13:40:00,338,1,119.3,0,0.0
15267,2011-06-10 10:24:00,2011-11-17 15:59:00,22,5,1717.36,160,40.0
15269,2011-11-16 09:32:00,2011-11-16 09:32:00,24,1,408.8,0,0.0
15270,2011-02-02 13:25:00,2011-11-24 09:24:00,16,7,2379.49,294,49.0
15271,2010-12-09 13:47:00,2011-12-02 14:11:00,7,15,2507.07,358,25.571428571428573
15272,2011-09-14 16:36:00,2011-10-13 12:59:00,57,2,721.94,28,28.0
15274,2011-11-21 14:17:00,2011-12-05 16:57:00,4,2,716.57,14,14.0
15275,2011-11-02 11:20:00,2011-11-02 11:20:00,38,1,615.14,0,0.0
15276,2011-10-04 16:39:00,2011-10-04 16:39:00,66,1,135.31,0,0.0
15277,2011-10-24 10:08:00,2011-10-24 10:08:00,47,1,255.89999999999998,0,0.0
15279,2010-12-20 10:48:00,2010-12-20 10:48:00,355,1,290.51,0,0.0
15280,2011-06-20 17:14:00,2011-06-20 17:14:00,172,1,113.12,0,0.0
15281,2011-01-10 15:51:00,2011-10-12 09:10:00,59,9,2332.15,274,34.25
15286,2011-10-21 11:08:00,2011-10-21 11:08:00,50,1,240.55,0,0.0
15287,2011-09-30 12:30:00,2011-11-17 15:34:00,22,2,486.69,48,48.0
15288,2010-12-09 13:59:00,2011-10-27 16:58:00,43,5,2306.52,322,80.5
15289,2011-04-04 12:44:00,2011-11-10 13:49:00,29,3,939.78,220,110.0
15290,2010-12-15 16:03:00,2011-12-05 11:39:00,5,18,7943.22,354,20.823529411764707
15291,2010-12-01 09:32:00,2011-11-14 11:02:00,26,15,4668.3,348,24.857142857142858
15292,2011-05-22 15:00:00,2011-05-22 15:00:00,201,1,180.94,0,0.0
15296,2011-01-17 11:57:00,2011-10-20 11:47:00,51,6,3672.86,275,55.0
15297,2011-10-07 09:42:00,2011-11-29 16:32:00,10,3,641.94,53,26.5
15298,2010-12-08 13:55:00,2011-12-07 17:17:00,2,12,4799.9,364,33.09090909090909
15299,2010-12-02 16:48:00,2011-10-03 14:19:00,67,7,4507.01,304,50.666666666666664
15300,2011-10-06 17:08:00,2011-10-06 17:08:00,64,1,496.44,0,0.0
15301,2010-12-06 12:21:00,2011-10-20 09:57:00,51,12,5070.35,317,28.818181818181817
15303,2011-02-22 13:59:00,2011-02-22 13:59:00,290,1,574.02,0,0.0
15304,2010-12-06 11:42:00,2011-10-10 10:23:00,61,8,694.4,307,43.857142857142854
15306,2011-07-14 15:22:00,2011-10-06 12:56:00,64,3,1174.3500000000001,83,41.5
15307,2011-09-05 11:38:00,2011-09-05 11:38:00,96,1,205.3,0,0.0
15308,2011-03-10 13:08:00,2011-03-10 13:08:00,274,1,310.47,0,0.0
15311,2010-12-01 09:41:00,2011-12-09 12:00:00,1,91,60767.9,373,4.144444444444445
15312,2010-12-20 12:51:00,2011-09-25 13:10:00,75,4,924.85,279,93.0
15313,2011-08-21 16:02:00,2011-08-21 16:02:00,110,1,52.0,0,0.0
15314,2011-05-24 14:39:00,2011-05-24 14:39:00,199,1,327.97,0,0.0
15315,2011-08-15 15:17:00,2011-10-06 12:51:00,64,2,570.5,51,51.0
15316,2011-01-17 11:34:00,2011-01-17 11:34:00,327,1,165.0,0,0.0
15318,2011-12-06 11:30:00,2011-12-06 11:30:00,4,1,312.62,0,0.0
15319,2011-03-01 12:48:00,2011-03-01 12:48:00,284,1,204.5,0,0.0
15320,2011-10-26 13:27:00,2011-10-26 13:27:00,44,1,267.13,0,0.0
15321,2011-02-21 11:10:00,2011-09-30 09:40:00,71,3,2748.31,220,110.0
15322,2011-09-15 09:34:00,2011-09-15 09:34:00,86,1,679.68,0,0.0
15325,2011-08-28 11:55:00,2011-08-28 11:55:00,104,1,162.29,0,0.0
15326,2011-01-10 11:38:00,2011-01-10 11:38:00,334,1,311.71,0,0.0
15327,2011-10-18 11:55:00,2011-10-18 11:55:00,53,1,208.75,0,0.0
15329,2011-06-21 10:37:00,2011-10-31 15:36:00,39,3,1049.7,132,66.0
15330,2011-10-10 12:30:00,2011-11-07 17:50:00,32,2,714.9599999999999,28,28.0
15332,2010-12-05 12:00:00,2010-12-08 14:43:00,366,4,1661.06,3,1.0
15333,2011-05-15 13:27:00,2011-05-15 13:27:00,208,1,1028.56,0,0.0
15334,2011-06-19 13:51:00,2011-07-06 11:22:00,157,3,351.67,16,8.0
15335,2011-10-17 12:50:00,2011-10-17 12:50:00,54,1,173.97,0,0.0
15339,2011-01-25 13:15:00,2011-10-04 12:51:00,66,2,574.07,251,251.0
15341,2011-09-20 09:40:00,2011-09-20 09:40:00,81,1,2020.52,0,0.0
15342,2011-08-02 10:19:00,2011-08-02 10:19:00,130,1,406.09000000000003,0,0.0
15343,2011-09-13 13:55:00,2011-09-13 13:55:00,87,1,364.5,0,0.0
15344,2011-09-26 14:48:00,2011-12-09 10:45:00,1,3,563.94,73,36.5
15345,2011-10-25 11:28:00,2011-10-25 11:28:00,46,1,393.54,0,0.0
15346,2011-01-11 11:18:00,2011-01-11 11:18:00,333,1,252.42000000000002,0,0.0
15347,2010-12-08 15:25:00,2010-12-08 15:25:00,366,1,201.60000000000002,0,0.0
15348,2011-09-28 13:17:00,2011-09-28 13:17:00,72,1,158.04,0,0.0
15349,2011-06-05 15:46:00,2011-07-04 16:06:00,158,2,473.81,29,29.0
15350,2010-12-01 13:33:00,2010-12-01 13:33:00,373,1,115.65,0,0.0
15351,2010-12-05 11:49:00,2011-11-27 12:52:00,12,7,1960.11,357,59.5
15353,2010-12-07 11:49:00,2011-03-30 12:15:00,255,2,777.02,113,113.0
15355,2011-10-17 15:22:00,2011-11-10 13:44:00,29,2,277.05,23,23.0
15356,2010-12-06 14:05:00,2011-11-08 13:11:00,31,10,2766.5,336,37.333333333333336
15358,2010-12-09 10:04:00,2011-12-05 09:04:00,5,22,8347.2,360,17.142857142857142
15360,2011-10-31 09:35:00,2011-10-31 09:35:00,40,1,427.93,0,0.0
15361,2010-12-13 09:52:00,2010-12-13 09:52:00,362,1,418.92,0,0.0
15363,2010-12-02 12:28:00,2010-12-02 12:28:00,373,1,326.0,0,0.0
15364,2011-03-30 13:39:00,2011-09-05 09:46:00,96,2,913.19,158,158.0
15365,2011-01-28 13:08:00,2011-11-14 08:29:00,26,7,2314.32,289,48.166666666666664
15366,2010-12-16 15:59:00,2011-09-25 15:01:00,75,2,602.51,282,282.0
15367,2011-03-09 13:53:00,2011-10-13 14:13:00,57,4,1877.5900000000001,218,72.66666666666667
15368,2011-11-18 14:42:00,2011-11-18 14:42:00,21,1,446.94000000000005,0,0.0
15370,2011-01-11 11:32:00,2011-10-30 10:58:00,41,7,2386.05,291,48.5
15372,2011-07-25 16:39:00,2011-07-25 16:39:00,137,1,2007.4,0,0.0
15373,2010-12-03 14:40:00,2011-12-01 15:05:00,8,12,2415.91,363,33.0
15374,2011-08-03 09:59:00,2011-08-03 09:59:00,129,1,168.0,0,0.0
15376,2011-05-01 13:45:00,2011-10-30 15:04:00,40,3,1233.3600000000001,182,91.0
15379,2010-12-16 13:02:00,2011-06-23 13:13:00,169,7,3703.29,189,31.5
15380,2010-12-09 15:01:00,2011-12-01 12:13:00,9,5,1690.26,356,89.0
15381,2011-03-16 13:44:00,2011-05-10 11:55:00,214,2,596.85,54,54.0
15382,2011-02-17 12:01:00,2011-11-25 10:58:00,15,6,5955.71,280,56.0
15384,2010-12-15 11:34:00,2011-06-23 10:57:00,170,2,642.41,189,189.0
15385,2011-10-30 15:11:00,2011-10-30 15:11:00,40,1,316.88,0,0.0
15386,2011-06-06 13:47:00,2011-06-06 13:47:00,186,1,394.14,0,0.0
15388,2011-03-14 13:53:00,2011-03-14 13:53:00,270,1,140.54,0,0.0
15389,2011-06-20 16:18:00,2011-06-20 16:18:00,172,1,500.0,0,0.0
15392,2010-12-14 15:50:00,2011-12-05 11:01:00,5,4,1535.53,355,118.33333333333333
15393,2011-03-03 16:58:00,2011-11-23 16:48:00,16,2,231.86,264,264.0
15394,2010-12-16 12:46:00,2011-11-30 11:49:00,10,4,2183.54,348,116.0
15395,2011-01-18 12:40:00,2011-01-18 12:40:00,326,1,107.45,0,0.0
15396,2011-08-19 10:56:00,2011-08-19 10:56:00,113,1,288.18,0,0.0
15397,2011-02-23 09:25:00,2011-02-23 09:25:00,290,1,94.0,0,0.0
15398,2011-09-22 14:56:00,2011-11-23 16:47:00,16,2,1345.53,62,62.0
15399,2011-09-21 15:57:00,2011-12-08 13:04:00,1,3,815.77,77,38.5
15400,2011-03-06 11:27:00,2011-09-08 13:57:00,92,5,716.2,186,46.5
15402,2011-05-27 13:32:00,2011-07-14 12:17:00,149,2,626.77,47,47.0
15405,2011-06-03 14:44:00,2011-06-03 14:44:00,189,1,349.1,0,0.0
15406,2011-02-11 16:19:00,2011-11-08 13:22:00,31,2,510.71000000000004,269,269.0
15407,2011-02-07 13:18:00,2011-11-06 11:55:00,34,4,1056.44,271,90.33333333333333
15408,2011-03-20 15:02:00,2011-03-20 15:02:00,264,1,267.18,0,0.0
15410,2011-03-23 10:15:00,2011-09-16 14:47:00,84,8,3450.84,177,25.285714285714285
15411,2011-06-10 12:30:00,2011-11-13 15:19:00,26,4,1358.88,156,52.0
15412,2011-06-21 15:24:00,2011-06-21 15:24:00,171,1,190.53,0,0.0
15414,2011-04-11 13:45:00,2011-11-30 09:50:00,10,3,774.9000000000001,232,116.0
15415,2011-01-30 14:13:00,2011-01-30 14:13:00,313,1,572.8100000000001,0,0.0
15416,2011-03-02 08:41:00,2011-10-06 09:38:00,65,4,3984.32,218,72.66666666666667
15417,2011-09-15 15:26:00,2011-09-15 15:26:00,85,1,508.8,0,0.0
15419,2011-11-15 09:23:00,2011-11-15 09:23:00,25,1,135.86,0,0.0
15421,2011-02-02 14:36:00,2011-10-12 09:20:00,59,4,950.36,251,83.66666666666667
15422,2011-01-20 14:17:00,2011-01-20 16:17:00,323,2,97.7,0,0.0
15423,2011-11-01 14:01:00,2011-11-01 14:01:00,38,1,43.5,0,0.0
15424,2011-03-30 13:00:00,2011-03-30 13:02:00,254,2,383.34,0,0.0
15426,2010-12-05 13:55:00,2011-11-20 15:36:00,19,5,1447.39,350,87.5
15427,2011-10-23 14:47:00,2011-11-06 14:29:00,33,3,1483.14,13,6.5
15428,2011-11-24 16:54:00,2011-11-24 16:54:00,15,1,93.78,0,0.0
15429,2011-09-25 13:42:00,2011-11-13 12:28:00,27,2,397.35,48,48.0
15432,2011-11-16 16:30:00,2011-11-16 16:30:00,23,1,171.19000000000003,0,0.0
15433,2011-03-17 14:12:00,2011-05-10 10:45:00,214,2,533.3,53,53.0
15434,2011-05-23 14:18:00,2011-12-01 13:33:00,8,5,1041.48,191,47.75
15435,2011-11-17 16:39:00,2011-11-17 16:39:00,22,1,149.29,0,0.0
15436,2011-04-19 16:52:00,2011-11-27 16:05:00,12,3,1122.53,221,110.5
15437,2011-03-22 13:11:00,2011-03-22 13:11:00,262,1,200.16,0,0.0
15438,2011-07-31 14:19:00,2011-07-31 14:19:00,131,1,156.57999999999998,0,0.0
15440,2011-05-15 11:30:00,2011-10-16 12:16:00,55,3,383.68,154,77.0
15442,2011-04-05 12:24:00,2011-04-05 12:24:00,249,1,594.0,0,0.0
15443,2011-01-23 13:25:00,2011-12-08 10:40:00,2,7,3236.91,318,53.0
15444,2011-10-30 16:12:00,2011-11-30 17:37:00,9,2,1418.26,31,31.0
15445,2011-03-20 15:06:00,2011-03-20 15:06:00,264,1,113.5,0,0.0
15447,2011-01-13 11:26:00,2011-01-13 11:26:00,331,1,155.17000000000002,0,0.0
15448,2011-01-31 10:42:00,2011-01-31 10:42:00,313,1,494.64,0,0.0
15449,2011-03-23 10:43:00,2011-11-13 15:02:00,26,3,974.52,235,117.5
15450,2011-11-09 17:11:00,2011-11-09 17:11:00,30,1,429.84,0,0.0
15452,2011-03-20 15:21:00,2011-11-10 12:13:00,30,3,538.73,234,117.0
15453,2011-06-05 12:37:00,2011-12-08 10:59:00,2,7,1388.37,185,30.833333333333332
15454,2010-12-12 14:21:00,2010-12-12 14:21:00,362,1,179.1,0,0.0
15456,2010-12-15 15:34:00,2011-03-01 13:51:00,283,3,447.22,75,37.5
15457,2011-03-22 15:31:00,2011-03-22 15:31:00,262,1,237.07,0,0.0
15458,2011-11-14 13:08:00,2011-11-14 13:08:00,25,1,161.64,0,0.0
15460,2010-12-20 16:08:00,2010-12-20 16:08:00,354,1,216.76,0,0.0
15462,2011-06-05 15:36:00,2011-09-06 13:11:00,94,3,234.6,92,46.0
15463,2011-11-10 12:57:00,2011-11-10 12:57:00,29,1,126.14,0,0.0
15464,2011-01-05 15:56:00,2011-01-05 15:56:00,338,1,1048.85,0,0.0
15465,2010-12-05 10:12:00,2011-11-20 10:11:00,20,18,7354.62,349,20.529411764705884
15466,2011-09-15 14:08:00,2011-09-15 14:08:00,85,1,334.53,0,0.0
15467,2011-07-10 14:42:00,2011-11-30 14:17:00,9,3,524.88,142,71.0
15468,2011-10-19 13:38:00,2011-10-19 13:49:00,51,2,467.51,0,0.0
15469,2011-08-11 16:54:00,2011-10-20 16:21:00,50,2,538.55,69,69.0
15471,2011-12-07 14:12:00,2011-12-07 14:12:00,2,1,469.48,0,0.0
15472,2011-08-18 15:17:00,2011-08-18 15:17:00,113,1,371.56,0,0.0
15473,2011-10-10 11:12:00,2011-11-25 15:15:00,14,7,1771.2,46,7.666666666666667
15475,2011-09-23 15:20:00,2011-09-23 15:20:00,77,1,454.11,0,0.0
15478,2011-10-14 11:09:00,2011-10-30 14:19:00,40,2,1441.42,16,16.0
15480,2011-08-15 14:32:00,2011-08-15 14:32:00,116,1,905.5,0,0.0
15482,2010-12-16 10:08:00,2011-11-24 10:46:00,16,12,11054.96,343,31.181818181818183
15483,2011-03-18 12:26:00,2011-07-01 13:07:00,161,4,233.81,105,35.0
15484,2011-09-22 13:31:00,2011-12-08 15:03:00,1,4,3594.31,77,25.666666666666668
15485,2010-12-01 13:23:00,2011-11-09 14:31:00,30,3,2575.0,343,171.5
15488,2011-09-08 10:11:00,2011-09-08 10:11:00,93,1,91.32000000000001,0,0.0
15489,2011-05-12 12:54:00,2011-11-17 08:53:00,23,3,1134.28,188,94.0
15491,2011-04-18 10:04:00,2011-09-05 15:56:00,95,6,3100.09,140,28.0
15492,2011-09-26 14:02:00,2011-11-11 14:53:00,28,2,659.46,46,46.0
15493,2011-03-14 11:44:00,2011-11-07 12:04:00,33,5,2001.8,238,59.5
15494,2011-08-10 15:29:00,2011-11-18 14:51:00,21,2,1299.23,99,99.0
15497,2011-01-24 10:01:00,2011-11-22 11:51:00,18,2,1262.2,302,302.0
15498,2010-12-08 12:29:00,2011-12-07 12:48:00,3,27,13316.4,364,14.0
15500,2011-09-19 13:47:00,2011-12-01 13:47:00,8,4,1131.56,73,24.333333333333332
15502,2010-12-05 15:40:00,2011-11-24 12:48:00,16,12,10384.93,353,32.09090909090909
15503,2010-12-12 10:57:00,2010-12-12 10:57:00,363,1,147.09,0,0.0
15504,2011-09-19 13:45:00,2011-09-19 13:45:00,81,1,52.83,0,0.0
15505,2011-07-07 13:33:00,2011-10-18 07:56:00,53,5,3610.96,102,25.5
15506,2011-07-24 11:45:00,2011-11-17 12:11:00,23,3,979.26,116,58.0
15507,2011-06-21 11:19:00,2011-06-21 11:19:00,172,1,492.36,0,0.0
15508,2011-04-18 15:31:00,2011-06-03 15:43:00,189,6,1000.27,46,9.2
15510,2011-01-13 12:10:00,2011-01-13 12:10:00,331,1,250.0,0,0.0
15511,2011-09-15 15:05:00,2011-11-28 09:43:00,12,5,909.23,73,18.25
15512,2010-12-15 12:01:00,2011-07-07 10:20:00,156,2,121.0,203,203.0
15513,2010-12-01 11:22:00,2011-11-06 14:36:00,33,19,14758.22,340,18.88888888888889
15514,2010-12-10 13:50:00,2011-11-27 14:40:00,12,11,4139.46,352,35.2
15516,2011-10-24 11:33:00,2011-10-26 10:51:00,45,3,62.43,1,0.5
15517,2011-04-20 14:02:00,2011-04-20 14:02:00,233,1,267.03,0,0.0
15518,2011-01-11 12:55:00,2011-10-06 13:05:00,64,8,1942.45,268,38.285714285714285
15520,2011-12-08 10:58:00,2011-12-08 10:58:00,2,1,343.5,0,0.0
15521,2011-03-30 09:15:00,2011-10-30 13:42:00,40,8,3000.2,214,30.571428571428573
15522,2011-09-13 12:26:00,2011-11-07 11:26:00,33,2,398.84,54,54.0
15523,2011-09-16 16:29:00,2011-09-16 16:29:00,84,1,412.01000000000005,0,0.0
15524,2011-11-15 12:09:00,2011-11-15 12:09:00,25,1,440.0,0,0.0
15525,2010-12-01 13:17:00,2011-12-07 14:43:00,2,3,825.92,371,185.5
15526,2011-11-06 15:01:00,2011-11-06 15:04:00,33,2,148.44,0,0.0
15527,2010-12-20 14:15:00,2011-11-21 12:17:00,19,8,2429.78,335,47.857142857142854
15528,2011-03-30 16:14:00,2011-03-30 16:14:00,254,1,229.33,0,0.0
15529,2010-12-08 12:24:00,2011-11-17 11:29:00,23,11,3995.23,343,34.3
15530,2011-04-07 11:16:00,2011-11-18 12:25:00,22,4,1502.3500000000001,225,75.0
15531,2011-11-09 17:47:00,2011-12-01 18:43:00,8,2,2007.44,22,22.0
15532,2010-12-16 16:45:00,2011-11-14 14:51:00,25,4,1580.93,332,110.66666666666667
15533,2011-09-11 15:41:00,2011-11-20 15:35:00,19,3,807.57,69,34.5
15535,2011-01-16 12:35:00,2011-06-19 16:02:00,173,4,536.4,154,51.333333333333336
15537,2011-06-29 13:10:00,2011-06-29 13:10:00,163,1,110.92,0,0.0
15539,2011-12-02 13:36:00,2011-12-02 13:36:00,7,1,538.46,0,0.0
15540,2011-11-28 13:51:00,2011-11-28 13:51:00,11,1,213.3,0,0.0
15541,2011-08-17 14:58:00,2011-08-17 14:58:00,114,1,85.13000000000001,0,0.0
15543,2011-02-24 15:26:00,2011-02-24 15:26:00,288,1,127.86,0,0.0
15544,2010-12-02 12:47:00,2011-11-30 16:43:00,9,9,3546.71,363,45.375
15545,2010-12-03 17:28:00,2011-10-16 13:24:00,54,2,292.71999999999997,316,316.0
15547,2010-12-12 13:26:00,2011-12-02 12:52:00,7,14,4954.84,354,27.23076923076923
15549,2011-01-27 15:38:00,2011-09-23 16:22:00,77,3,1693.26,239,119.5
15550,2011-02-11 12:49:00,2011-12-05 15:38:00,4,4,575.63,297,99.0
15551,2011-11-03 12:37:00,2011-11-03 12:37:00,37,1,436.06,0,0.0
15552,2011-05-06 14:47:00,2011-05-06 14:47:00,217,1,90.12,0,0.0
15553,2011-10-10 14:02:00,2011-10-10 14:02:00,60,1,437.23,0,0.0
15554,2011-03-07 09:00:00,2011-03-07 09:00:00,278,1,217.2,0,0.0
15555,2010-12-05 14:45:00,2011-11-27 16:19:00,12,16,4805.17,357,23.8
15556,2011-11-15 16:08:00,2011-11-15 16:08:00,24,1,279.77,0,0.0
15557,2011-11-11 12:46:00,2011-11-11 12:46:00,29,1,473.65000000000003,0,0.0
15561,2011-05-08 11:38:00,2011-11-28 11:07:00,12,4,800.5899999999999,203,67.66666666666667
15562,2010-12-23 09:55:00,2010-12-23 09:55:00,352,1,134.55,0,0.0
15563,2010-12-16 11:27:00,2011-11-17 14:50:00,22,4,1400.44,336,112.0
15565,2011-09-30 10:44:00,2011-10-20 14:33:00,50,2,173.16000000000003,20,20.0
15567,2011-11-21 10:48:00,2011-11-21 10:48:00,19,1,186.01,0,0.0
15568,2011-09-27 14:37:00,2011-12-07 11:27:00,3,3,758.29,70,35.0
15569,2011-01-11 13:26:00,2011-08-28 10:15:00,104,5,1375.71,228,57.0
15570,2010-12-05 12:57:00,2011-12-02 14:47:00,7,12,4165.52,362,32.90909090909091
15571,2011-09-22 13:15:00,2011-11-28 10:02:00,12,4,650.4300000000001,66,22.0
15572,2011-03-06 14:44:00,2011-12-05 10:09:00,5,7,2552.86,273,45.5
15573,2011-09-15 12:16:00,2011-11-08 11:38:00,32,2,607.45,53,53.0
15574,2010-12-02 15:46:00,2011-06-15 12:01:00,178,4,702.25,194,64.66666666666667
15576,2011-11-02 12:03:00,2011-11-02 12:03:00,38,1,940.67,0,0.0
15577,2011-02-07 13:32:00,2011-07-11 17:03:00,151,3,258.88,154,77.0
15578,2011-06-30 13:03:00,2011-06-30 13:03:00,162,1,127.1,0,0.0
15579,2011-01-30 12:09:00,2011-10-02 12:45:00,69,2,348.6,245,245.0
15581,2010-12-08 14:38:00,2011-08-11 09:38:00,121,13,3679.9700000000003,245,20.416666666666668
15582,2011-05-03 13:36:00,2011-11-15 09:55:00,25,3,682.9100000000001,195,97.5
15584,2011-06-30 16:39:00,2011-11-16 10:55:00,24,4,725.11,138,46.0
15585,2011-06-16 08:38:00,2011-06-16 08:38:00,177,1,455.3,0,0.0
15587,2010-12-23 09:59:00,2011-10-20 13:37:00,50,4,913.68,301,100.33333333333333
15589,2011-02-02 10:46:00,2011-03-29 09:54:00,256,3,478.53,54,27.0
15592,2011-10-24 08:59:00,2011-10-24 08:59:00,47,1,388.58,0,0.0
15593,2011-09-30 11:46:00,2011-09-30 11:46:00,71,1,199.8,0,0.0
15594,2011-04-19 10:08:00,2011-11-24 08:53:00,16,5,1771.78,218,54.5
15596,2010-12-09 16:10:00,2011-08-31 10:55:00,101,5,1406.59,264,66.0
15597,2011-11-04 13:26:00,2011-11-04 13:26:00,35,1,324.57,0,0.0
15598,2011-10-17 16:04:00,2011-10-17 16:04:00,53,1,240.68,0,0.0
15599,2011-05-19 13:05:00,2011-11-13 11:44:00,27,2,761.74,177,177.0
15601,2010-12-02 10:39:00,2011-11-28 15:15:00,11,14,6776.56,361,27.76923076923077
15602,2010-12-06 15:35:00,2011-12-01 14:14:00,8,9,1297.8700000000001,359,44.875
15603,2011-09-22 10:04:00,2011-09-22 10:04:00,79,1,48.480000000000004,0,0.0
15604,2011-10-18 14:47:00,2011-10-18 14:47:00,52,1,216.39000000000001,0,0.0
15605,2010-12-01 13:38:00,2011-11-03 14:17:00,36,5,1198.23,337,84.25
15606,2011-01-19 12:07:00,2011-10-09 15:47:00,61,9,2920.16,263,32.875
15607,2011-01-07 12:44:00,2011-01-07 12:44:00,337,1,104.76,0,0.0
15608,2011-08-11 09:56:00,2011-11-11 13:20:00,28,4,1093.68,92,30.666666666666668
15609,2011-06-08 13:00:00,2011-06-08 13:00:00,184,1,298.48,0,0.0
15610,2011-10-19 10:36:00,2011-10-19 10:36:00,52,1,112.46000000000001,0,0.0
15611,2011-01-09 11:32:00,2011-11-30 12:36:00,10,13,1591.45,325,27.083333333333332
15612,2011-10-09 12:49:00,2011-11-03 14:52:00,36,2,195.15,25,25.0
15615,2010-12-15 16:21:00,2011-11-29 14:42:00,10,23,10399.74,348,15.818181818181818
15618,2011-07-26 10:13:00,2011-11-07 08:34:00,33,4,776.851,103,34.333333333333336
15619,2011-11-29 08:14:00,2011-11-29 08:14:00,11,1,336.4,0,0.0
15620,2010-12-16 14:34:00,2011-10-14 12:41:00,57,3,1553.18,301,150.5
15621,2011-11-18 11:49:00,2011-12-05 14:01:00,4,4,1293.03,17,5.666666666666667
15622,2011-03-02 13:42:00,2011-10-27 16:44:00,43,9,3709.56,239,29.875
15623,2011-07-21 17:26:00,2011-07-21 17:26:00,141,1,301.03000000000003,0,0.0
15624,2011-03-28 13:32:00,2011-08-15 11:38:00,117,4,588.13,139,46.333333333333336
15625,2011-04-18 14:01:00,2011-08-28 10:21:00,104,4,1534.26,131,43.666666666666664
15626,2011-01-14 10:10:00,2011-09-26 10:03:00,75,2,675.8,254,254.0
15628,2010-12-08 09:51:00,2011-12-05 10:24:00,5,9,2870.2400000000002,362,45.25
15630,2011-05-19 10:16:00,2011-10-25 15:36:00,45,2,1186.35,159,159.0
15632,2011-03-10 08:29:00,2011-11-24 09:51:00,16,8,3285.31,259,37.0
15634,2011-11-22 16:28:00,2011-11-22 16:28:00,17,1,243.55,0,0.0
15636,2011-03-02 14:50:00,2011-09-11 11:17:00,90,2,724.76,192,192.0
15637,2011-10-18 08:28:00,2011-10-18 08:28:00,53,1,223.36,0,0.0
15639,2011-07-28 14:30:00,2011-07-28 14:30:00,134,1,425.32,0,0.0
15640,2010-12-02 15:40:00,2011-12-05 14:35:00,4,15,12515.66,367,26.214285714285715
15641,2010-12-15 14:45:00,2011-08-26 14:04:00,105,4,1887.2,253,84.33333333333333
15643,2011-03-02 14:34:00,2011-06-01 07:38:00,192,3,664.0,90,45.0
15644,2011-03-23 15:37:00,2011-06-26 14:54:00,166,4,813.0,94,31.333333333333332
15645,2011-11-21 11:55:00,2011-11-21 11:55:00,19,1,612.01,0,0.0
15646,2010-12-02 16:59:00,2011-07-05 09:53:00,158,3,447.64000000000004,214,107.0
15648,2011-03-17 18:59:00,2011-05-19 15:53:00,204,2,657.35,62,62.0
15649,2010-12-07 10:06:00,2011-01-07 13:34:00,336,2,816.0,31,31.0
15651,2011-03-24 08:56:00,2011-11-03 08:41:00,37,3,646.3,223,111.5
15652,2011-09-09 14:22:00,2011-09-09 14:22:00,91,1,337.74,0,0.0
15653,2011-08-16 09:50:00,2011-09-08 10:49:00,93,2,877.44,23,23.0
15654,2011-11-13 15:15:00,2011-11-30 13:08:00,9,2,922.53,16,16.0
15655,2011-04-10 15:25:00,2011-04-10 15:25:00,243,1,560.6700000000001,0,0.0
15656,2011-02-28 15:32:00,2011-10-25 14:56:00,45,4,748.5,238,79.33333333333333
15657,2011-11-17 12:19:00,2011-11-17 12:19:00,23,1,30.0,0,0.0
15658,2010-12-02 10:53:00,2011-06-02 15:22:00,190,5,1024.1000000000001,182,45.5
15659,2011-10-27 09:23:00,2011-10-27 09:23:00,44,1,306.45,0,0.0
15660,2010-12-09 09:49:00,2011-11-14 16:58:00,25,9,1600.86,340,42.5
15661,2011-01-05 12:32:00,2011-01-26 13:56:00,317,2,309.8,21,21.0
15663,2011-08-25 15:50:00,2011-08-25 15:50:00,106,1,138.14,0,0.0
15664,2011-10-20 10:57:00,2011-10-20 10:57:00,51,1,386.43,0,0.0
15665,2011-04-10 15:09:00,2011-06-24 14:57:00,168,2,2242.01,74,74.0
15667,2011-10-31 10:56:00,2011-10-31 10:56:00,40,1,301.32000000000005,0,0.0
15668,2011-05-06 10:39:00,2011-05-06 10:39:00,218,1,76.32000000000001,0,0.0
15669,2011-03-21 09:13:00,2011-10-30 16:03:00,40,4,684.34,223,74.33333333333333
15670,2011-02-16 10:50:00,2011-02-16 10:50:00,297,1,173.05,0,0.0
15671,2011-03-14 09:37:00,2011-11-21 12:43:00,19,7,2657.13,252,42.0
15673,2011-01-16 16:25:00,2011-09-12 16:12:00,88,4,2881.02,238,79.33333333333333
15674,2011-03-30 09:19:00,2011-09-27 15:17:00,73,5,2446.6,181,45.25
15675,2011-03-04 14:21:00,2011-09-19 13:48:00,81,3,323.69,198,99.0
15676,2011-03-01 10:19:00,2011-11-21 12:40:00,19,3,3435.76,265,132.5
15677,2011-10-21 15:36:00,2011-10-21 15:36:00,49,1,657.23,0,0.0
15678,2011-10-18 09:25:00,2011-10-18 09:25:00,53,1,352.7,0,0.0
15679,2011-06-10 08:24:00,2011-11-15 16:19:00,24,4,781.28,158,52.666666666666664
15680,2010-12-08 14:43:00,2011-11-30 13:46:00,9,3,1333.68,356,178.0
15681,2011-03-04 13:46:00,2011-11-14 16:30:00,25,5,1426.16,255,63.75
15683,2011-08-14 12:56:00,2011-08-14 12:56:00,117,1,193.75,0,0.0
15687,2011-01-13 15:13:00,2011-12-01 08:33:00,9,9,2993.1,321,40.125
15689,2010-12-13 09:57:00,2011-08-12 09:37:00,120,2,254.1,241,241.0
15690,2011-08-31 11:40:00,2011-12-05 15:59:00,4,2,239.76,96,96.0
15691,2011-04-01 15:13:00,2011-04-01 15:13:00,252,1,136.8,0,0.0
15692,2011-11-11 14:12:00,2011-11-11 14:12:00,28,1,191.04,0,0.0
15694,2010-12-02 07:49:00,2011-12-09 09:44:00,1,14,6479.4,372,28.615384615384617
15695,2011-03-18 08:31:00,2011-03-18 08:32:00,267,2,409.98,0,0.0
15696,2011-01-17 11:24:00,2011-11-06 14:02:00,33,8,2736.46,293,41.857142857142854
15699,2011-11-22 08:26:00,2011-11-22 08:26:00,18,1,309.65,0,0.0
15700,2011-06-19 15:36:00,2011-06-20 16:53:00,172,2,696.68,1,1.0
15701,2011-08-21 12:36:00,2011-12-07 14:39:00,2,4,1542.14,108,36.0
15703,2011-03-20 10:51:00,2011-03-20 10:51:00,265,1,211.5,0,0.0
15704,2011-05-08 12:42:00,2011-07-22 13:35:00,140,4,2293.62,75,25.0
15705,2011-05-22 15:37:00,2011-05-22 15:37:00,201,1,143.1,0,0.0
15706,2011-08-15 14:32:00,2011-10-07 10:09:00,64,4,1060.56,52,17.333333333333332
15707,2011-09-14 14:19:00,2011-11-04 14:35:00,35,4,945.58,51,17.0
15708,2010-12-05 11:12:00,2011-10-30 10:54:00,41,7,3364.2400000000002,328,54.666666666666664
15709,2011-03-01 10:38:00,2011-03-01 10:38:00,284,1,133.25,0,0.0
15712,2011-02-25 11:32:00,2011-11-30 14:09:00,9,5,1072.3600000000001,278,69.5
15713,2010-12-08 15:16:00,2011-07-19 13:34:00,143,2,356.7,222,222.0
15714,2011-09-23 11:25:00,2011-11-28 11:26:00,12,2,330.88,66,66.0
15716,2010-12-05 12:26:00,2011-07-17 11:59:00,146,4,1118.81,223,74.33333333333333
15717,2011-04-19 13:21:00,2011-04-19 13:21:00,234,1,150.3,0,0.0
15719,2011-01-06 12:31:00,2011-11-07 12:29:00,33,13,5045.61,304,25.333333333333332
15720,2011-11-15 14:48:00,2011-11-15 14:48:00,24,1,598.73,0,0.0
15721,2011-11-28 12:14:00,2011-11-28 12:14:00,12,1,507.08000000000004,0,0.0
15722,2011-02-22 12:24:00,2011-11-04 11:43:00,36,5,2222.56,254,63.5
15723,2010-12-10 11:12:00,2010-12-10 11:12:00,365,1,203.10000000000002,0,0.0
15724,2011-02-28 10:40:00,2011-05-22 14:40:00,201,2,218.25,83,83.0
15725,2011-11-24 14:51:00,2011-11-24 14:51:00,15,1,415.25,0,0.0
15727,2010-12-15 15:47:00,2011-11-23 12:36:00,17,7,5178.96,342,57.0
15729,2011-05-11 12:36:00,2011-05-11 12:36:00,213,1,85.0,0,0.0
15730,2011-05-17 12:43:00,2011-10-05 12:31:00,66,3,1120.88,140,70.0
15732,2010-12-02 15:00:00,2011-05-11 14:24:00,212,2,294.12,159,159.0
15733,2011-03-02 09:05:00,2011-03-02 09:05:00,283,1,162.3,0,0.0
15734,2011-05-23 14:59:00,2011-08-17 10:50:00,115,2,1339.45,85,85.0
15737,2011-04-11 10:01:00,2011-11-25 11:21:00,15,8,1205.1200000000001,228,32.57142857142857
15738,2010-12-02 12:50:00,2011-11-21 08:26:00,19,16,4812.42,353,23.533333333333335
15739,2011-10-04 13:42:00,2011-10-04 13:42:00,66,1,449.12,0,0.0
15740,2011-10-21 14:29:00,2011-10-21 14:29:00,49,1,154.88,0,0.0
15743,2011-06-08 10:14:00,2011-11-23 17:19:00,16,4,784.46,168,56.0
15744,2011-09-23 09:52:00,2011-09-23 09:52:00,78,1,34.8,0,0.0
15745,2011-04-17 13:04:00,2011-11-20 13:45:00,19,4,1094.5900000000001,217,72.33333333333333
15746,2011-07-28 15:21:00,2011-07-28 15:21:00,134,1,196.88,0,0.0
15747,2011-06-20 11:30:00,2011-11-27 12:26:00,13,3,974.04,160,80.0
15748,2011-10-30 12:51:00,2011-10-30 12:51:00,40,1,149.31,0,0.0
15749,2011-01-11 12:55:00,2011-04-18 13:20:00,235,3,44534.3,97,48.5
15750,2010-12-08 10:36:00,2011-12-07 12:34:00,3,8,2465.48,364,52.0
15752,2010-12-02 09:43:00,2011-10-31 11:37:00,40,7,2637.38,333,55.5
15753,2011-02-08 12:41:00,2011-02-08 12:41:00,305,1,79.2,0,0.0
15754,2011-04-07 12:24:00,2011-10-19 14:40:00,51,3,458.57,195,97.5
15755,2011-02-18 11:53:00,2011-11-29 14:57:00,10,6,2364.25,284,56.8
15756,2011-04-04 14:00:00,2011-10-09 13:30:00,61,4,532.96,187,62.333333333333336
15757,2011-05-06 11:40:00,2011-10-05 12:14:00,66,2,714.42,152,152.0
15758,2011-11-15 10:48:00,2011-11-15 10:48:00,25,1,205.25,0,0.0
15759,2010-12-16 15:29:00,2011-05-05 15:13:00,218,3,253.04000000000002,139,69.5
15762,2011-09-23 15:17:00,2011-10-05 16:15:00,65,2,583.75,12,12.0
15763,2011-09-23 12:10:00,2011-11-08 09:44:00,32,2,1086.92,45,45.0
15764,2011-03-08 09:23:00,2011-09-12 17:58:00,88,6,3279.9700000000003,188,37.6
15766,2011-10-06 17:03:00,2011-10-06 17:03:00,64,1,315.06,0,0.0
15768,2011-04-28 09:20:00,2011-08-16 10:48:00,116,3,621.83,110,55.0
15769,2010-12-03 15:16:00,2011-12-02 13:52:00,7,26,56252.72,363,14.52
15773,2011-12-04 12:48:00,2011-12-04 12:48:00,6,1,635.6800000000001,0,0.0
15774,2011-10-02 12:04:00,2011-10-02 12:04:00,69,1,270.8,0,0.0
15775,2011-04-08 12:56:00,2011-04-08 12:56:00,245,1,104.9,0,0.0
15776,2011-07-29 13:46:00,2011-07-29 13:46:00,133,1,241.62,0,0.0
15777,2010-12-13 16:38:00,2011-04-12 16:43:00,241,4,1047.1100000000001,120,40.0
15780,2010-12-17 11:43:00,2011-06-09 12:01:00,184,3,475.28000000000003,174,87.0
15781,2011-02-07 09:15:00,2011-11-14 14:57:00,25,3,345.46000000000004,280,140.0
15782,2011-09-11 14:29:00,2011-11-30 10:49:00,10,3,2614.74,79,39.5
15783,2011-11-29 09:50:00,2011-11-29 09:50:00,11,1,246.3,0,0.0
15785,2011-02-17 14:17:00,2011-11-07 11:33:00,33,5,2328.9700000000003,262,65.5
15786,2011-08-17 13:33:00,2011-10-24 14:13:00,46,3,4932.2,68,34.0
15787,2011-10-09 13:11:00,2011-11-13 14:55:00,26,3,948.05,35,17.5
15789,2010-12-16 14:35:00,2010-12-16 14:35:00,358,1,351.3,0,0.0
15790,2011-11-29 14:53:00,2011-11-29 14:53:00,10,1,220.85,0,0.0
15791,2011-05-19 15:15:00,2011-10-27 10:14:00,44,2,1612.69,160,160.0
15793,2011-03-16 10:45:00,2011-11-25 09:31:00,15,3,965.61,253,126.5
15795,2011-07-13 10:43:00,2011-07-13 10:43:00,150,1,610.01,0,0.0
15796,2011-02-10 15:40:00,2011-12-08 19:55:00,1,8,2711.56,301,43.0
15797,2011-01-24 15:47:00,2011-08-18 17:04:00,113,4,2207.4,206,68.66666666666667
15799,2011-01-09 15:13:00,2011-09-25 12:46:00,76,3,884.14,258,129.0
15800,2011-04-07 12:39:00,2011-08-24 14:23:00,107,2,699.08,139,139.0
15801,2011-08-22 09:53:00,2011-10-24 13:52:00,46,3,1063.95,63,31.5
15802,2011-07-20 11:38:00,2011-07-20 11:38:00,143,1,451.42,0,0.0
15803,2011-10-19 14:56:00,2011-10-19 14:56:00,51,1,415.82000000000005,0,0.0
15804,2011-05-25 10:12:00,2011-12-09 12:31:00,1,13,4206.39,198,16.5
15805,2010-12-10 09:33:00,2011-11-16 16:32:00,23,17,5528.4800000000005,341,21.3125
15806,2011-03-08 09:24:00,2011-10-24 14:35:00,46,3,784.58,230,115.0
15807,2011-09-23 14:43:00,2011-10-20 14:10:00,50,3,903.9,26,13.0
15808,2010-12-05 13:05:00,2011-02-06 14:33:00,306,4,3734.9700000000003,63,21.0
15809,2011-02-10 11:16:00,2011-11-03 16:40:00,36,5,515.77,266,66.5
15810,2011-02-16 09:11:00,2011-09-22 09:38:00,79,4,1391.98,218,72.66666666666667
15811,2010-12-09 15:29:00,2011-11-17 15:31:00,22,6,2218.62,343,68.6
15812,2011-01-26 12:12:00,2011-08-24 14:19:00,107,5,1801.14,210,52.5
15813,2011-04-14 09:09:00,2011-05-16 08:13:00,208,2,1303.9099999999999,31,31.0
15814,2011-10-20 09:04:00,2011-11-23 08:17:00,17,4,1945.3300000000002,33,11.0
15815,2011-03-25 08:43:00,2011-10-07 12:42:00,64,5,2100.6,196,49.0
15819,2011-03-08 09:45:00,2011-10-21 14:50:00,49,4,1905.45,227,75.66666666666667
15820,2011-01-24 12:00:00,2011-01-24 12:00:00,320,1,206.98,0,0.0
15821,2011-10-09 13:28:00,2011-10-26 15:48:00,44,2,570.96,17,17.0
15822,2010-12-15 13:38:00,2011-12-06 14:50:00,3,2,885.47,356,356.0
15823,2010-12-02 15:08:00,2010-12-02 15:08:00,372,1,15.0,0,0.0
15825,2011-06-20 13:27:00,2011-06-20 13:27:00,172,1,532.94,0,0.0
15826,2011-05-13 10:44:00,2011-10-14 16:05:00,56,3,1654.31,154,77.0
15827,2010-12-02 13:06:00,2011-09-27 15:35:00,73,14,1836.09,299,23.0
15829,2011-07-22 10:23:00,2011-09-01 16:45:00,99,2,636.14,41,41.0
15830,2011-11-02 10:40:00,2011-11-02 10:40:00,38,1,576.0,0,0.0
15831,2011-01-19 14:52:00,2011-10-12 13:14:00,58,3,801.76,265,132.5
15832,2011-03-30 15:29:00,2011-03-30 15:29:00,254,1,836.79,0,0.0
15834,2011-03-07 17:52:00,2011-09-30 14:41:00,70,4,2233.75,206,68.66666666666667
15835,2011-01-13 10:35:00,2011-10-26 15:47:00,44,4,954.09,286,95.33333333333333
15836,2011-10-20 17:13:00,2011-10-20 17:13:00,50,1,137.37,0,0.0
15837,2011-10-06 09:01:00,2011-10-06 09:01:00,65,1,391.98,0,0.0
15838,2010-12-07 11:26:00,2011-11-28 14:00:00,11,19,33643.08,356,19.77777777777778
15839,2011-07-14 16:35:00,2011-11-06 13:54:00,33,3,1048.49,114,57.0
15840,2011-06-20 11:42:00,2011-10-12 09:08:00,59,2,355.56,113,113.0
15841,2011-01-05 11:25:00,2011-09-28 12:15:00,73,4,1224.06,266,88.66666666666667
15843,2011-02-09 10:19:00,2011-02-09 10:19:00,304,1,118.95,0,0.0
15844,2011-10-24 15:19:00,2011-10-24 15:19:00,46,1,130.73999999999998,0,0.0
15845,2011-01-06 17:19:00,2011-11-22 09:42:00,18,8,3711.77,319,45.57142857142857
15847,2011-02-24 16:46:00,2011-11-01 14:41:00,38,2,389.27,249,249.0
15850,2011-06-24 14:16:00,2011-11-20 14:14:00,19,2,238.85,148,148.0
15852,2011-05-26 13:26:00,2011-06-06 11:22:00,187,2,160.71,10,10.0
15853,2011-10-19 10:38:00,2011-10-19 10:38:00,52,1,110.8,0,0.0
15854,2010-12-13 11:47:00,2011-12-05 13:39:00,4,12,2974.65,357,32.45454545454545
15855,2011-03-21 12:32:00,2011-07-26 10:20:00,137,5,712.24,126,31.5
15856,2010-12-09 13:34:00,2011-12-05 17:09:00,4,27,16387.57,361,13.884615384615385
15857,2011-11-21 12:18:00,2011-11-21 12:18:00,19,1,297.0,0,0.0
15858,2010-12-07 14:31:00,2011-11-24 12:48:00,16,5,1438.85,351,87.75
15860,2010-12-06 11:38:00,2011-10-30 11:25:00,41,8,977.21,327,46.714285714285715
15861,2011-03-17 20:12:00,2011-11-27 15:59:00,12,8,3165.36,254,36.285714285714285
15862,2010-12-01 11:21:00,2011-12-01 13:28:00,8,4,832.88,365,121.66666666666667
15863,2011-05-31 11:36:00,2011-11-14 12:49:00,26,2,68.84,167,167.0
15864,2011-01-27 16:43:00,2011-11-17 13:32:00,22,6,1936.32,293,58.6
15865,2011-05-10 11:44:00,2011-10-30 12:43:00,41,3,895.13,173,86.5
15866,2011-08-30 14:09:00,2011-08-30 14:09:00,101,1,230.53,0,0.0
15867,2010-12-05 14:17:00,2011-12-04 13:32:00,5,15,3812.64,363,25.928571428571427
15869,2011-03-07 17:19:00,2011-03-07 17:23:00,277,2,149.64,0,0.0
15870,2011-11-07 10:58:00,2011-11-07 10:58:00,33,1,354.09000000000003,0,0.0
15872,2011-11-25 11:54:00,2011-11-25 11:55:00,15,2,360.93,0,0.0
15874,2011-02-28 13:28:00,2011-10-07 12:31:00,64,7,4405.88,220,36.666666666666664
15877,2011-11-22 11:18:00,2011-12-08 11:53:00,2,2,493.28,16,16.0
15880,2010-12-05 13:00:00,2010-12-05 13:00:00,369,1,343.28,0,0.0
15881,2010-12-10 13:32:00,2011-01-31 16:59:00,312,5,501.39,52,13.0
15882,2010-12-06 13:01:00,2011-05-25 11:35:00,199,4,516.36,169,56.333333333333336
15883,2011-11-06 14:50:00,2011-12-07 17:05:00,2,2,396.48,31,31.0
15885,2011-02-03 15:28:00,2011-09-08 10:43:00,93,3,379.35,216,108.0
15886,2011-10-10 14:25:00,2011-10-10 14:25:00,60,1,181.09,0,0.0
15888,2011-09-20 12:30:00,2011-09-20 12:30:00,81,1,168.31,0,0.0
15889,2010-12-05 15:12:00,2011-07-06 11:10:00,157,2,446.87,212,212.0
15891,2011-04-27 12:35:00,2011-04-27 12:35:00,227,1,524.52,0,0.0
15894,2010-12-05 14:06:00,2011-03-31 13:50:00,253,2,263.55,115,115.0
15895,2011-07-13 10:27:00,2011-07-13 10:27:00,150,1,179.17,0,0.0
15897,2011-05-29 13:32:00,2011-05-29 13:50:00,194,2,222.05,0,0.0
15898,2010-12-06 11:01:00,2011-12-08 15:23:00,1,5,1388.88,367,91.75
15899,2010-12-06 10:36:00,2010-12-06 10:36:00,369,1,56.25,0,0.0
15900,2011-11-16 12:19:00,2011-11-16 12:19:00,24,1,351.11,0,0.0
15901,2011-07-08 12:18:00,2011-11-23 12:43:00,17,3,363.88,138,69.0
15903,2011-02-17 14:04:00,2011-11-30 08:08:00,10,7,5126.76,285,47.5
15904,2011-12-01 14:50:00,2011-12-01 14:50:00,8,1,164.68,0,0.0
15906,2011-03-29 13:28:00,2011-11-20 12:24:00,20,7,1567.69,235,39.166666666666664
15907,2011-05-13 13:01:00,2011-12-06 12:21:00,4,3,967.45,206,103.0
15909,2011-06-19 10:38:00,2011-06-19 10:38:00,174,1,191.94,0,0.0
15910,2011-01-27 11:55:00,2011-12-09 10:51:00,1,8,1232.18,315,45.0
15912,2011-04-20 17:10:00,2011-06-14 14:29:00,178,2,264.62,54,54.0
15916,2010-12-08 13:07:00,2011-11-23 13:46:00,16,8,1528.09,350,50.0
15917,2011-04-06 10:40:00,2011-04-06 10:40:00,248,1,123.1,0,0.0
15918,2011-03-13 15:55:00,2011-06-02 11:42:00,191,2,334.23,80,80.0
15919,2010-12-06 11:26:00,2011-11-20 11:28:00,20,2,639.89,349,349.0
15920,2011-07-08 15:16:00,2011-07-08 15:31:00,154,4,167.5,0,0.0
15921,2011-06-20 11:03:00,2011-06-20 11:03:00,173,1,336.03000000000003,0,0.0
15922,2010-12-01 13:51:00,2010-12-01 13:51:00,373,1,369.5,0,0.0
15923,2010-12-02 12:16:00,2010-12-02 12:16:00,373,1,127.08,0,0.0
15925,2011-05-29 15:35:00,2011-05-29 15:35:00,194,1,207.15,0,0.0
15930,2011-10-03 14:52:00,2011-10-03 14:52:00,67,1,426.63,0,0.0
15932,2011-02-23 14:50:00,2011-12-05 17:13:00,4,8,2495.87,285,40.714285714285715
15933,2011-09-14 12:05:00,2011-11-18 13:14:00,21,3,1107.46,65,32.5
15935,2011-04-12 09:35:00,2011-04-14 13:27:00,239,2,416.86,2,2.0
15937,2011-10-06 15:48:00,2011-10-06 15:48:00,64,1,145.35000000000002,0,0.0
15938,2011-01-20 10:11:00,2011-08-19 12:56:00,112,5,404.58000000000004,211,52.75
15939,2011-01-12 12:43:00,2011-09-11 11:30:00,90,15,6115.01,241,17.214285714285715
15940,2011-02-01 16:18:00,2011-02-01 16:18:00,311,1,35.8,0,0.0
15942,2011-07-29 09:01:00,2011-07-29 09:01:00,134,1,337.44,0,0.0
15944,2011-03-08 10:33:00,2011-03-08 10:33:00,277,1,325.1,0,0.0
15945,2010-12-09 13:14:00,2010-12-09 13:14:00,365,1,181.0,0,0.0
15947,2011-09-18 10:46:00,2011-09-18 10:46:00,83,1,1708.24,0,0.0
15948,2011-10-27 08:35:00,2011-12-01 15:32:00,8,2,955.24,35,35.0
15949,2011-09-29 17:34:00,2011-11-23 09:09:00,17,2,364.72,54,54.0
15950,2010-12-15 11:56:00,2011-11-08 11:09:00,32,4,1765.51,327,109.0
15951,2011-02-27 11:57:00,2011-12-01 08:34:00,9,2,708.22,276,276.0
15952,2011-04-28 12:55:00,2011-11-06 11:18:00,34,4,806.57,191,63.666666666666664
15953,2010-12-05 15:15:00,2011-11-24 15:32:00,15,8,1659.3799999999999,354,50.57142857142857
15955,2010-12-02 11:22:00,2011-11-15 14:15:00,24,14,4416.26,348,26.76923076923077
15957,2011-11-08 12:14:00,2011-11-08 12:14:00,32,1,428.89,0,0.0
15958,2011-09-26 13:41:00,2011-09-26 13:41:00,74,1,104.35,0,0.0
15963,2011-10-25 13:05:00,2011-11-20 11:33:00,20,2,470.76,25,25.0
15965,2010-12-07 13:18:00,2011-11-22 16:44:00,17,4,845.64,350,116.66666666666667
15967,2011-01-25 11:57:00,2011-11-16 15:41:00,23,2,418.83,295,295.0
15969,2011-06-07 12:19:00,2011-12-07 11:06:00,3,3,666.1,182,91.0
15970,2011-02-09 12:08:00,2011-02-09 12:08:00,304,1,314.09999999999997,0,0.0
15971,2011-02-01 16:47:00,2011-11-22 12:50:00,18,12,4199.85,293,26.636363636363637
15973,2010-12-08 11:42:00,2010-12-08 11:42:00,367,1,307.82000000000005,0,0.0
15974,2011-02-24 10:10:00,2011-10-31 13:13:00,39,7,3442.15,249,41.5
15975,2011-09-16 13:33:00,2011-09-16 13:33:00,84,1,371.01,0,0.0
15976,2011-05-03 17:12:00,2011-06-27 13:00:00,165,2,430.94,54,54.0
15977,2011-10-31 16:24:00,2011-11-22 13:29:00,17,2,1054.73,21,21.0
15978,2011-09-23 15:21:00,2011-09-23 15:21:00,77,1,1098.78,0,0.0
15980,2011-03-30 15:05:00,2011-09-12 09:41:00,89,3,2398.86,165,82.5
15981,2011-02-01 13:50:00,2011-11-15 08:00:00,25,8,3408.48,286,40.857142857142854
15983,2010-12-01 12:15:00,2011-11-17 17:34:00,22,4,1475.02,351,117.0
15984,2010-12-06 13:21:00,2011-12-07 12:16:00,3,10,2837.67,365,40.55555555555556
15985,2011-04-17 11:04:00,2011-08-08 16:31:00,123,2,1142.42,113,113.0
15986,2011-11-09 15:17:00,2011-11-09 15:17:00,30,1,168.12,0,0.0
15987,2010-12-06 08:34:00,2011-11-27 15:38:00,12,7,1451.28,356,59.333333333333336
15988,2011-11-20 13:23:00,2011-11-20 13:23:00,19,1,158.03,0,0.0
15990,2011-02-25 15:35:00,2011-10-26 15:58:00,44,2,792.11,243,243.0
15992,2011-12-06 11:00:00,2011-12-06 11:00:00,4,1,41.989999999999995,0,0.0
15993,2011-10-26 16:21:00,2011-12-01 10:45:00,9,7,2797.57,35,5.833333333333333
15994,2011-10-16 12:28:00,2011-10-16 12:28:00,55,1,427.07,0,0.0
15996,2010-12-08 15:59:00,2011-09-12 15:14:00,88,6,1060.68,277,55.4
15998,2010-12-12 13:32:00,2011-11-03 12:45:00,37,5,3089.97,325,81.25
16000,2011-12-07 12:14:00,2011-12-07 12:17:00,3,3,12393.7,0,0.0
16003,2010-12-15 12:09:00,2011-11-10 09:57:00,30,5,2735.37,329,82.25
16005,2011-03-14 11:46:00,2011-11-27 13:47:00,12,4,615.39,258,86.0
16006,2011-05-12 13:12:00,2011-05-12 13:12:00,211,1,101.4,0,0.0
16007,2011-05-08 13:32:00,2011-10-23 11:05:00,48,4,1701.94,167,55.666666666666664
16008,2011-05-19 10:54:00,2011-11-16 10:32:00,24,3,478.78,180,90.0
16009,2011-07-03 11:26:00,2011-11-17 16:51:00,22,4,992.71,137,45.666666666666664
16010,2010-12-12 12:18:00,2011-04-08 10:14:00,246,3,407.5,116,58.0
16011,2010-12-08 16:34:00,2011-12-01 16:31:00,8,16,3362.71,357,23.8
16012,2011-07-07 18:02:00,2011-11-04 13:25:00,35,3,1415.29,119,59.5
16013,2010-12-03 13:09:00,2011-12-06 10:36:00,4,47,37130.6,367,7.978260869565218
16014,2011-02-21 17:42:00,2011-11-02 12:04:00,38,3,662.38,253,126.5
16015,2011-10-21 12:56:00,2011-12-06 10:58:00,4,3,705.39,45,22.5
16016,2010-12-08 12:36:00,2011-12-06 14:35:00,3,8,1508.76,363,51.857142857142854
16017,2011-10-23 12:56:00,2011-10-23 12:56:00,47,1,211.88,0,0.0
16018,2011-06-12 13:52:00,2011-10-31 14:13:00,39,2,408.9,141,141.0
16019,2010-12-10 12:29:00,2011-10-24 11:51:00,47,9,3786.24,317,39.625
16020,2011-10-05 13:54:00,2011-11-23 11:18:00,17,3,851.01,48,24.0
16022,2011-03-24 13:16:00,2011-03-24 13:16:00,260,1,628.28,0,0.0
16023,2011-03-18 13:32:00,2011-10-24 16:34:00,46,3,719.81,220,110.0
16024,2011-11-27 13:26:00,2011-11-27 13:26:00,12,1,251.24,0,0.0
16025,2011-11-10 11:45:00,2011-11-10 11:45:00,30,1,439.65999999999997,0,0.0
16026,2011-10-27 13:53:00,2011-10-27 13:53:00,43,1,236.09,0,0.0
16027,2011-02-10 12:19:00,2011-09-09 10:47:00,92,6,934.62,210,42.0
16029,2010-12-01 09:57:00,2011-11-01 10:27:00,39,63,81024.84,335,5.403225806451613
16030,2011-02-03 11:28:00,2011-02-03 11:28:00,310,1,331.24,0,0.0
16031,2011-04-06 14:23:00,2011-09-08 13:07:00,92,2,548.94,154,154.0
16033,2010-12-05 10:36:00,2011-12-04 12:44:00,6,20,8816.4,364,19.157894736842106
16034,2011-01-11 11:54:00,2011-05-27 16:17:00,196,3,437.70000000000005,136,68.0
16036,2011-03-21 13:01:00,2011-09-13 14:53:00,87,2,758.9200000000001,176,176.0
16037,2010-12-16 10:18:00,2011-03-15 09:13:00,270,3,855.02,88,44.0
16038,2011-05-22 11:29:00,2011-12-02 12:40:00,8,3,471.78,194,97.0
16040,2011-03-16 09:58:00,2011-10-05 13:47:00,65,3,1313.55,203,101.5
16041,2011-07-21 16:27:00,2011-11-09 12:25:00,31,3,3166.4,110,55.0
16042,2011-01-11 13:25:00,2011-11-17 17:50:00,22,5,1197.27,310,77.5
16043,2011-01-26 11:14:00,2011-11-02 12:50:00,38,4,773.99,280,93.33333333333333
16045,2011-02-22 14:55:00,2011-08-12 12:41:00,120,4,1340.7,170,56.666666666666664
16048,2010-12-01 15:27:00,2010-12-01 15:28:00,373,2,256.44,0,0.0
16049,2011-09-25 14:33:00,2011-10-30 13:19:00,40,3,1111.79,34,17.0
16050,2011-06-19 11:44:00,2011-06-19 11:44:00,174,1,137.9,0,0.0
16052,2011-10-16 15:13:00,2011-10-16 15:13:00,54,1,362.06,0,0.0
16053,2011-08-09 14:57:00,2011-11-07 11:21:00,33,2,1511.95,89,89.0
16054,2011-07-17 13:08:00,2011-07-17 13:08:00,145,1,783.9,0,0.0
16055,2011-05-03 09:26:00,2011-05-03 09:26:00,221,1,134.8,0,0.0
16056,2011-10-25 15:19:00,2011-10-25 15:19:00,45,1,664.85,0,0.0
16057,2011-02-28 10:35:00,2011-11-23 15:23:00,16,7,2263.12,268,44.666666666666664
16059,2010-12-07 10:36:00,2011-10-05 09:56:00,66,6,1459.8600000000001,301,60.2
16062,2010-12-10 12:00:00,2011-11-30 12:15:00,10,4,1153.62,355,118.33333333333333
16063,2011-03-24 14:55:00,2011-03-24 14:56:00,260,1,335.32,0,0.0
16065,2010-12-09 13:03:00,2010-12-09 13:03:00,365,1,372.09,0,0.0
16066,2011-08-07 14:33:00,2011-11-23 11:54:00,17,5,1521.87,107,26.75
16070,2011-11-07 16:36:00,2011-11-17 15:50:00,22,2,852.15,9,9.0
16071,2011-10-26 11:14:00,2011-10-26 11:14:00,45,1,326.24,0,0.0
16072,2011-02-24 14:32:00,2011-02-24 14:32:00,288,1,584.3199999999999,0,0.0
16073,2011-02-15 15:41:00,2011-02-15 15:41:00,297,1,122.4,0,0.0
16076,2011-05-15 12:31:00,2011-12-06 14:59:00,3,10,2234.73,205,22.77777777777778
16078,2011-03-01 09:47:00,2011-03-01 09:47:00,284,1,79.2,0,0.0
16079,2011-10-30 13:06:00,2011-11-23 12:48:00,17,3,1352.0,23,11.5
16080,2011-03-10 14:44:00,2011-09-19 10:42:00,82,2,217.16,192,192.0
16081,2010-12-08 11:16:00,2011-10-14 13:06:00,56,5,2806.9,310,77.5
16083,2010-12-14 11:51:00,2011-08-31 10:47:00,101,2,1317.62,259,259.0
16084,2011-02-13 16:05:00,2011-02-13 16:05:00,299,1,436.18,0,0.0
16085,2011-01-23 12:07:00,2011-11-16 13:24:00,23,5,981.51,297,74.25
16086,2010-12-07 13:45:00,2011-10-11 13:09:00,59,5,1121.39,307,76.75
16091,2011-05-25 09:18:00,2011-07-08 08:45:00,155,2,315.06,43,43.0
16092,2011-03-30 15:38:00,2011-08-17 10:46:00,115,3,817.86,139,69.5
16093,2011-08-25 11:09:00,2011-08-25 11:09:00,107,1,17.0,0,0.0
16094,2011-05-04 13:57:00,2011-11-28 12:45:00,12,4,1078.23,207,69.0
16096,2011-03-20 13:38:00,2011-03-20 13:38:00,264,1,320.62,0,0.0
16097,2011-04-13 13:47:00,2011-04-13 13:47:00,240,1,185.04999999999998,0,0.0
16098,2010-12-01 09:45:00,2011-09-13 09:59:00,88,7,2005.63,286,47.666666666666664
16099,2011-04-28 08:34:00,2011-10-20 13:13:00,50,3,731.9,175,87.5
16101,2011-09-30 10:18:00,2011-09-30 10:18:00,71,1,1290.7,0,0.0
16102,2011-08-03 12:50:00,2011-10-28 13:19:00,42,3,1842.14,86,43.0
16103,2011-04-20 12:28:00,2011-12-02 14:16:00,7,6,1429.64,226,45.2
16104,2011-10-09 10:23:00,2011-10-09 10:23:00,62,1,302.36,0,0.0
16105,2011-04-05 10:13:00,2011-04-05 10:13:00,249,1,336.96,0,0.0
16106,2011-10-05 10:37:00,2011-10-05 10:37:00,66,1,108.38,0,0.0
16107,2011-06-09 18:42:00,2011-11-22 09:40:00,18,7,3204.1600000000003,165,27.5
16108,2011-09-16 11:48:00,2011-09-16 11:48:00,85,1,842.5,0,0.0
16109,2011-02-04 12:37:00,2011-05-05 09:17:00,219,2,611.88,89,89.0
16110,2011-02-01 14:01:00,2011-10-25 14:35:00,45,3,1337.48,266,133.0
16112,2011-01-05 11:47:00,2011-07-19 14:28:00,143,4,195.74,195,65.0
16113,2011-06-09 16:16:00,2011-06-09 16:16:00,183,1,161.38,0,0.0
16114,2011-06-22 10:13:00,2011-06-22 10:13:00,171,1,135.75000000000003,0,0.0
16115,2011-02-20 12:14:00,2011-11-30 11:32:00,10,8,1667.97,282,40.285714285714285
16116,2011-05-12 12:01:00,2011-05-12 12:01:00,212,1,612.78,0,0.0
16117,2011-06-03 11:42:00,2011-06-03 11:42:00,190,1,232.21,0,0.0
16119,2011-09-28 10:15:00,2011-12-01 15:11:00,8,2,423.36,64,64.0
16120,2011-10-11 14:10:00,2011-10-11 14:22:00,59,4,1309.14,0,0.0
16121,2011-05-08 11:52:00,2011-10-13 12:59:00,57,2,867.11,158,158.0
16122,2010-12-08 11:41:00,2011-09-27 15:34:00,73,4,684.42,293,97.66666666666667
16123,2011-10-19 09:18:00,2011-10-19 09:18:00,52,1,307.78000000000003,0,0.0
16124,2011-01-26 14:45:00,2011-01-26 14:45:00,317,1,249.0,0,0.0
16125,2010-12-07 15:48:00,2010-12-07 15:48:00,367,1,289.35,0,0.0
16126,2011-02-16 11:18:00,2011-11-10 16:03:00,29,4,6287.77,267,89.0
16127,2011-10-31 13:58:00,2011-10-31 13:58:00,39,1,656.25,0,0.0
16128,2011-03-02 12:21:00,2011-11-22 11:14:00,18,5,1880.22,264,66.0
16131,2011-04-14 08:32:00,2011-10-19 11:53:00,52,6,3506.54,188,37.6
16133,2011-01-25 15:55:00,2011-12-06 11:24:00,4,33,14589.04,314,9.8125
16134,2010-12-15 14:00:00,2011-11-18 10:05:00,22,2,618.09,337,337.0
16135,2011-03-22 12:30:00,2011-03-22 12:30:00,263,1,517.55,0,0.0
16136,2011-03-07 09:52:00,2011-10-11 09:10:00,60,3,709.38,217,108.5
16139,2011-05-17 10:23:00,2011-11-21 08:37:00,19,3,635.4100000000001,187,93.5
16140,2010-12-03 14:40:00,2011-10-05 12:15:00,66,2,725.1800000000001,305,305.0
16141,2011-09-12 13:11:00,2011-09-12 13:11:00,88,1,620.4,0,0.0
16142,2011-04-04 10:16:00,2011-04-04 10:16:00,250,1,535.34,0,0.0
16143,2010-12-05 15:18:00,2011-12-06 14:13:00,3,6,2424.94,365,73.0
16144,2011-04-07 10:09:00,2011-04-07 10:09:00,247,1,175.2,0,0.0
16145,2010-12-15 09:09:00,2011-12-01 10:33:00,9,11,3799.4900000000002,351,35.1
16146,2011-04-21 15:25:00,2011-07-05 14:20:00,157,3,734.13,74,37.0
16147,2011-07-29 09:57:00,2011-07-29 09:57:00,134,1,375.0,0,0.0
16148,2011-02-16 14:01:00,2011-02-16 14:01:00,296,1,76.32000000000001,0,0.0
16149,2011-07-20 14:54:00,2011-12-05 11:29:00,5,2,280.52,137,137.0
16150,2010-12-02 18:27:00,2011-10-28 12:39:00,43,5,2053.02,329,82.25
16152,2011-03-16 09:47:00,2011-03-16 09:47:00,269,1,1829.04,0,0.0
16153,2010-12-20 09:22:00,2011-10-21 10:50:00,50,5,1824.23,305,76.25
16156,2011-02-02 12:02:00,2011-12-01 12:42:00,9,9,3122.04,302,37.75
16157,2011-09-28 11:48:00,2011-11-24 11:41:00,16,3,656.69,56,28.0
16159,2011-03-03 12:27:00,2011-03-03 12:27:00,282,1,348.2,0,0.0
16160,2011-09-15 10:53:00,2011-10-05 14:19:00,65,2,1025.44,20,20.0
16161,2010-12-06 10:03:00,2011-12-08 12:10:00,2,19,5575.56,367,20.38888888888889
16162,2011-04-01 15:03:00,2011-04-01 15:03:00,252,1,37.4,0,0.0
16163,2010-12-09 16:28:00,2011-04-21 15:15:00,232,2,856.6,132,132.0
16164,2011-10-28 09:12:00,2011-11-22 15:04:00,17,3,822.48,25,12.5
16168,2010-12-05 11:38:00,2011-11-29 12:45:00,11,27,3787.6,359,13.807692307692308
16169,2011-09-25 11:33:00,2011-12-01 15:28:00,8,4,1822.97,67,22.333333333333332
16170,2011-04-05 13:42:00,2011-10-20 08:21:00,51,6,1885.05,197,39.4
16171,2011-10-11 14:51:00,2011-10-11 14:51:00,59,1,73.19999999999999,0,0.0
16172,2011-04-12 12:02:00,2011-09-05 13:22:00,95,5,1140.21,146,36.5
16173,2011-09-02 15:23:00,2011-11-24 10:53:00,16,6,1418.32,82,16.4
16174,2011-07-11 09:23:00,2011-08-05 13:26:00,126,3,1009.55,25,12.5
16175,2011-04-13 14:38:00,2011-09-06 14:32:00,94,4,1037.5900000000001,145,48.333333333333336
16177,2011-10-20 12:57:00,2011-10-20 12:57:00,50,1,331.95,0,0.0
16178,2011-07-24 16:05:00,2011-07-24 16:05:00,138,1,197.9,0,0.0
16179,2011-10-10 09:41:00,2011-10-10 09:41:00,61,1,215.83,0,0.0
16180,2011-04-01 10:23:00,2011-08-31 16:28:00,100,8,10254.18,152,21.714285714285715
16181,2011-09-27 13:38:00,2011-09-27 13:38:00,73,1,305.54,0,0.0
16182,2011-02-18 10:11:00,2011-09-28 13:23:00,72,4,6617.65,222,74.0
16183,2011-10-03 14:59:00,2011-10-03 14:59:00,67,1,338.71000000000004,0,0.0
16184,2011-05-12 13:33:00,2011-10-06 17:43:00,64,6,1158.79,147,29.4
16185,2011-04-21 11:59:00,2011-11-23 09:41:00,17,2,529.41,215,215.0
16186,2010-12-02 14:40:00,2011-11-17 12:43:00,23,12,4006.94,349,31.727272727272727
16187,2011-02-28 13:34:00,2011-11-08 09:50:00,32,15,6911.4400000000005,252,18.0
16188,2011-04-11 09:44:00,2011-10-26 12:19:00,45,4,981.86,198,66.0
16189,2011-09-15 15:21:00,2011-11-24 11:47:00,16,2,215.48,69,69.0
16190,2011-10-30 15:59:00,2011-10-30 15:59:00,40,1,215.08,0,0.0
16191,2010-12-14 12:38:00,2011-12-07 11:26:00,3,13,5180.52,357,29.75
16193,2011-04-17 11:45:00,2011-04-17 11:45:00,237,1,314.45,0,0.0
16198,2011-09-25 14:58:00,2011-09-25 14:58:00,75,1,400.68100000000004,0,0.0
16200,2011-06-28 15:47:00,2011-12-05 14:40:00,4,2,1080.6200000000001,159,159.0
16201,2011-08-22 10:47:00,2011-12-06 16:02:00,3,4,1863.47,106,35.333333333333336
16202,2010-12-14 10:43:00,2010-12-14 10:43:00,361,1,365.27,0,0.0
16203,2010-12-02 15:39:00,2011-10-12 12:31:00,59,4,592.9,313,104.33333333333333
16204,2011-11-16 13:40:00,2011-11-16 13:40:00,23,1,405.71,0,0.0
16205,2011-06-13 11:33:00,2011-11-09 09:32:00,31,4,761.38,148,49.333333333333336
16206,2011-01-16 11:07:00,2011-10-16 10:41:00,55,4,537.0600000000001,272,90.66666666666667
16207,2011-11-14 13:51:00,2011-11-14 13:51:00,25,1,394.38,0,0.0
16208,2011-02-23 13:37:00,2011-10-26 11:36:00,45,2,664.26,244,244.0
16209,2011-04-07 12:23:00,2011-09-12 11:58:00,89,5,2262.62,157,39.25
16210,2010-12-01 12:27:00,2011-12-08 12:36:00,2,18,21086.3,372,21.88235294117647
16211,2011-09-12 12:11:00,2011-09-12 12:11:00,89,1,547.02,0,0.0
16212,2011-03-01 12:51:00,2011-11-20 13:00:00,19,2,690.34,264,264.0
16213,2011-09-22 10:03:00,2011-09-22 10:03:00,79,1,159.0,0,0.0
16214,2011-03-15 13:23:00,2011-06-22 11:30:00,171,3,1062.75,98,49.0
16215,2011-09-20 10:18:00,2011-09-20 10:18:00,81,1,242.35,0,0.0
16216,2011-03-17 15:34:00,2011-03-17 15:34:00,267,1,914.9300000000001,0,0.0
16217,2011-03-02 15:28:00,2011-04-18 13:31:00,235,2,304.25,46,46.0
16218,2010-12-01 11:29:00,2011-11-10 09:59:00,30,7,3084.68,343,57.166666666666664
16221,2010-12-07 13:13:00,2011-11-03 11:43:00,37,3,864.86,330,165.0
16222,2011-01-25 13:38:00,2011-01-25 13:38:00,318,1,846.72,0,0.0
16224,2011-04-04 12:00:00,2011-10-13 17:51:00,57,4,1295.3,192,64.0
16225,2011-03-07 12:17:00,2011-10-26 08:30:00,45,5,1096.32,232,58.0
16226,2011-04-18 12:58:00,2011-05-20 14:41:00,203,3,255.12,32,16.0
16227,2011-04-28 13:33:00,2011-04-28 13:33:00,225,1,314.22,0,0.0
16229,2011-05-11 10:18:00,2011-09-13 17:16:00,87,2,1010.6,125,125.0
16230,2011-05-03 15:12:00,2011-06-03 10:06:00,190,2,542.03,30,30.0
16232,2011-05-08 14:05:00,2011-10-27 12:16:00,44,4,990.88,171,57.0
16233,2010-12-08 12:51:00,2011-09-29 17:27:00,71,3,536.6800000000001,295,147.5
16235,2011-01-11 15:42:00,2011-10-30 10:56:00,41,5,867.3100000000001,291,72.75
16236,2011-09-22 14:10:00,2011-09-22 14:10:00,78,1,432.2,0,0.0
16239,2011-06-03 09:30:00,2011-10-14 08:29:00,57,2,414.2,132,132.0
16240,2011-09-23 13:44:00,2011-11-15 14:30:00,24,2,3718.8,53,53.0
16241,2010-12-05 11:04:00,2011-11-30 11:08:00,10,13,2607.87,360,30.0
16242,2011-03-07 17:04:00,2011-12-01 15:12:00,8,7,3603.21,268,44.666666666666664
16243,2011-10-16 12:09:00,2011-11-06 12:32:00,34,2,409.1,21,21.0
16244,2010-12-02 11:41:00,2011-05-12 10:18:00,212,2,1522.75,160,160.0
16245,2011-03-28 09:30:00,2011-11-16 10:14:00,24,3,1413.66,233,116.5
16247,2011-06-22 14:23:00,2011-06-22 14:23:00,170,1,114.56,0,0.0
16248,2011-10-09 11:32:00,2011-10-09 11:32:00,62,1,152.94,0,0.0
16249,2011-04-14 13:50:00,2011-10-18 10:07:00,53,5,1800.07,186,46.5
16250,2010-12-01 09:59:00,2011-03-23 15:07:00,261,2,389.44,112,112.0
16253,2011-03-29 13:33:00,2011-10-04 09:09:00,67,2,3683.86,188,188.0
16255,2010-12-09 14:25:00,2011-11-23 12:40:00,17,8,2619.91,348,49.714285714285715
16256,2011-03-18 12:18:00,2011-03-18 12:18:00,267,1,752.4300000000001,0,0.0
16257,2011-06-16 10:11:00,2011-06-16 10:11:00,177,1,46.95,0,0.0
16258,2011-05-04 14:33:00,2011-10-25 13:30:00,45,5,5203.51,173,43.25
16260,2011-10-20 09:40:00,2011-10-20 09:40:00,51,1,1035.45,0,0.0
16261,2011-04-07 19:05:00,2011-11-22 17:23:00,17,4,746.83,228,76.0
16265,2010-12-10 10:21:00,2011-11-30 16:41:00,9,9,5447.0,355,44.375
16266,2011-05-17 14:50:00,2011-09-27 12:08:00,74,7,861.89,132,22.0
16268,2011-09-29 18:30:00,2011-09-29 18:30:00,71,2,667.65,0,0.0
16270,2010-12-21 14:26:00,2010-12-21 14:26:00,353,1,1141.24,0,0.0
16271,2010-12-16 16:36:00,2011-12-07 12:45:00,3,5,1429.24,355,88.75
16272,2011-08-15 10:53:00,2011-08-15 10:54:00,117,1,411.7,0,0.0
16274,2010-12-01 15:35:00,2010-12-01 15:35:00,373,1,357.95,0,0.0
16275,2011-05-27 12:41:00,2011-05-27 12:41:00,197,1,559.87,0,0.0
16276,2011-06-16 09:34:00,2011-06-16 09:34:00,177,1,810.6,0,0.0
16278,2011-08-31 17:12:00,2011-08-31 17:12:00,100,1,566.38,0,0.0
16279,2011-06-16 11:50:00,2011-11-18 15:00:00,21,3,1509.58,155,77.5
16281,2011-09-28 14:57:00,2011-09-28 14:57:00,72,1,2062.06,0,0.0
16282,2011-01-04 11:42:00,2011-01-04 11:42:00,340,1,168.3,0,0.0
16283,2011-05-15 13:37:00,2011-12-04 12:08:00,6,5,1570.81,202,50.5
16284,2011-10-20 13:54:00,2011-11-08 16:12:00,31,2,823.97,19,19.0
16287,2011-06-23 09:08:00,2011-06-23 09:08:00,170,1,142.5,0,0.0
16292,2011-08-10 12:24:00,2011-08-10 12:24:00,122,1,302.25,0,0.0
16293,2010-12-07 15:02:00,2011-11-18 09:58:00,22,10,2248.9900000000002,345,38.333333333333336
16295,2011-10-06 10:45:00,2011-11-30 08:17:00,10,4,1328.55,54,18.0
16297,2011-03-16 08:29:00,2011-03-16 08:29:00,269,1,301.9,0,0.0
16298,2011-06-06 10:06:00,2011-11-17 11:59:00,23,3,598.2,164,82.0
16302,2011-08-05 09:44:00,2011-08-05 09:44:00,127,1,233.22,0,0.0
16303,2011-01-10 14:16:00,2011-11-14 10:49:00,26,3,5360.63,307,153.5
16305,2011-07-24 12:18:00,2011-07-24 12:18:00,139,1,361.22,0,0.0
16306,2010-12-07 15:18:00,2011-05-10 12:12:00,214,6,632.27,153,30.6
16308,2011-03-23 14:46:00,2011-11-02 11:24:00,38,4,2560.0,223,74.33333333333333
16309,2011-04-13 11:46:00,2011-08-25 15:35:00,106,2,706.57,134,134.0
16311,2011-10-21 13:13:00,2011-11-22 08:54:00,18,2,616.26,31,31.0
16313,2011-10-21 09:04:00,2011-12-06 13:02:00,3,2,274.15000000000003,46,46.0
16315,2011-01-13 11:57:00,2011-01-13 11:57:00,331,1,226.37,0,0.0
16316,2010-12-16 14:26:00,2011-10-06 13:48:00,64,8,2938.91,293,41.857142857142854
16317,2011-02-15 14:30:00,2011-08-12 12:46:00,120,3,1341.65,177,88.5
16318,2011-11-04 13:05:00,2011-11-04 13:05:00,35,1,328.15000000000003,0,0.0
16319,2011-05-06 11:27:00,2011-05-06 11:27:00,218,1,404.40000000000003,0,0.0
16320,2011-05-10 15:31:00,2011-06-20 15:25:00,172,2,1038.46,40,40.0
16321,2011-01-20 12:11:00,2011-09-28 14:55:00,72,5,373.65000000000003,251,62.75
16322,2011-11-03 14:33:00,2011-12-08 15:41:00,1,2,326.75,35,35.0
16323,2011-05-27 14:48:00,2011-05-27 14:48:00,196,1,207.50000000000003,0,0.0
16324,2011-06-15 14:26:00,2011-08-03 12:58:00,128,3,428.68,48,24.0
16325,2011-04-08 09:20:00,2011-10-24 08:48:00,47,3,594.24,198,99.0
16326,2011-01-09 12:01:00,2011-12-04 10:11:00,6,14,3110.96,328,25.23076923076923
16327,2010-12-05 12:43:00,2011-11-25 13:23:00,14,6,3844.2200000000003,355,71.0
16330,2011-08-19 17:08:00,2011-11-22 12:24:00,18,3,251.91,94,47.0
16332,2011-02-07 14:16:00,2011-11-11 14:22:00,28,7,1593.2,277,46.166666666666664
16333,2011-02-03 10:50:00,2011-12-02 12:19:00,8,22,26626.8,302,14.380952380952381
16337,2011-11-03 10:03:00,2011-11-03 10:03:00,37,1,151.05,0,0.0
16338,2011-07-05 13:56:00,2011-07-05 13:56:00,157,1,214.8,0,0.0
16339,2011-02-28 13:41:00,2011-02-28 13:41:00,284,1,109.95,0,0.0
16340,2011-08-24 14:53:00,2011-08-24 14:53:00,107,1,549.07,0,0.0
16341,2011-05-22 13:20:00,2011-11-15 09:12:00,25,4,1971.8700000000001,176,58.666666666666664
16342,2011-06-13 10:10:00,2011-09-25 14:36:00,75,4,322.41,104,34.666666666666664
16343,2011-11-23 17:43:00,2011-11-23 17:45:00,16,2,370.48,0,0.0
16344,2011-07-04 15:50:00,2011-07-04 15:50:00,158,1,101.10000000000001,0,0.0
16345,2011-10-26 16:03:00,2011-10-26 16:03:00,44,1,575.41,0,0.0
16347,2011-11-03 13:01:00,2011-11-28 13:14:00,11,2,887.65,25,25.0
16348,2011-04-13 15:49:00,2011-11-07 15:44:00,32,7,1469.45,207,34.5
16349,2011-02-22 12:40:00,2011-02-22 12:40:00,291,1,53.5,0,0.0
16350,2011-01-10 09:44:00,2011-11-18 15:53:00,21,4,1116.47,312,104.0
16351,2011-01-11 10:26:00,2011-01-11 10:26:00,333,1,153.9,0,0.0
16352,2011-11-02 08:44:00,2011-11-22 10:32:00,18,2,494.44,20,20.0
16353,2010-12-05 12:09:00,2011-12-06 12:23:00,4,23,6675.71,366,16.636363636363637
16354,2011-09-27 16:28:00,2011-10-07 14:28:00,63,2,395.8,9,9.0
16356,2011-03-07 12:31:00,2011-05-26 11:51:00,198,3,211.77,79,39.5
16357,2011-05-10 10:35:00,2011-11-06 16:04:00,33,3,658.88,180,90.0
16358,2011-06-08 15:05:00,2011-12-08 15:09:00,1,4,2027.5,183,61.0
16359,2011-01-12 10:49:00,2011-12-02 17:04:00,7,9,1750.92,324,40.5
16360,2011-09-12 13:50:00,2011-12-05 12:16:00,5,6,3512.53,83,16.6
16361,2011-09-29 13:13:00,2011-11-30 12:32:00,10,4,896.66,61,20.333333333333332
16362,2011-09-09 14:47:00,2011-11-07 13:01:00,32,5,734.77,58,14.5
16363,2011-10-17 14:14:00,2011-10-17 14:14:00,53,1,109.36000000000001,0,0.0
16364,2011-07-25 14:35:00,2011-11-28 11:27:00,12,2,707.04,125,125.0
16365,2010-12-07 17:19:00,2011-11-22 11:24:00,18,9,1540.42,349,43.625
16366,2011-11-21 08:19:00,2011-11-21 08:19:00,19,1,327.3,0,0.0
16367,2010-12-12 12:01:00,2011-11-02 13:13:00,37,2,804.49,325,325.0
16368,2011-11-11 15:08:00,2011-12-07 13:12:00,2,2,497.43,25,25.0
16369,2011-05-27 09:39:00,2011-11-21 16:25:00,18,3,1553.66,178,89.0
16370,2011-04-28 16:40:00,2011-09-18 15:55:00,82,4,1320.56,142,47.333333333333336
16372,2011-11-06 12:50:00,2011-11-06 13:08:00,33,2,367.93,0,0.0
16374,2011-03-22 13:46:00,2011-10-04 15:21:00,66,2,473.03,196,196.0
16376,2011-11-22 16:47:00,2011-12-01 11:38:00,9,2,987.01,8,8.0
16377,2011-03-17 15:41:00,2011-03-17 15:41:00,267,1,676.2,0,0.0
16378,2011-02-02 12:42:00,2011-04-06 15:07:00,247,3,362.95,63,31.5
16379,2011-09-22 09:33:00,2011-12-05 15:38:00,4,4,2157.4,74,24.666666666666668
16380,2011-10-09 15:40:00,2011-10-09 15:40:00,61,1,1780.59,0,0.0
16383,2011-03-16 13:00:00,2011-09-26 12:45:00,75,2,668.36,193,193.0
16384,2011-03-21 10:13:00,2011-09-11 11:19:00,90,2,584.5,174,174.0
16385,2010-12-08 12:56:00,2011-10-10 13:12:00,60,3,555.89,306,153.0
16386,2011-03-31 12:19:00,2011-11-11 12:28:00,29,2,317.2,225,225.0
16387,2011-01-21 11:34:00,2011-01-21 11:34:00,323,1,94.36,0,0.0
16389,2011-03-01 15:47:00,2011-10-17 14:41:00,53,4,1382.0700000000002,229,76.33333333333333
16392,2011-03-15 12:11:00,2011-03-15 12:11:00,270,1,221.19,0,0.0
16393,2010-12-05 13:10:00,2011-12-07 12:51:00,2,13,3046.21,366,30.5
16394,2011-02-23 10:58:00,2011-10-14 09:48:00,57,5,1555.34,232,58.0
16395,2011-01-13 12:10:00,2011-10-10 12:50:00,61,5,1486.9,270,67.5
16398,2011-03-31 09:38:00,2011-07-08 15:16:00,154,2,1705.8,99,99.0
16399,2011-04-18 13:46:00,2011-11-20 16:12:00,19,2,408.57,216,216.0
16400,2011-09-06 12:27:00,2011-09-06 12:27:00,95,1,303.93,0,0.0
16401,2011-01-16 10:56:00,2011-12-08 18:15:00,1,12,4098.32,326,29.636363636363637
16402,2010-12-05 13:42:00,2011-03-20 12:25:00,265,2,299.6,104,104.0
16403,2011-01-31 13:39:00,2011-01-31 13:39:00,312,1,177.5,0,0.0
16404,2011-09-30 14:55:00,2011-09-30 14:55:00,70,1,443.05,0,0.0
16405,2011-02-02 17:08:00,2011-02-10 15:24:00,302,2,167.25,7,7.0
16406,2011-11-21 11:57:00,2011-11-21 11:57:00,19,1,163.07,0,0.0
16407,2011-01-31 14:02:00,2011-11-27 11:05:00,13,10,2126.93,299,33.22222222222222
16409,2011-01-26 14:51:00,2011-11-03 16:45:00,36,5,2028.88,281,70.25
16411,2010-12-05 13:26:00,2011-11-20 13:23:00,19,2,214.65,349,349.0
16412,2011-10-17 12:35:00,2011-10-17 12:35:00,54,1,151.83,0,0.0
16413,2011-10-14 12:08:00,2011-10-14 12:08:00,57,1,262.2,0,0.0
16414,2011-03-04 13:27:00,2011-11-18 09:42:00,22,2,126.25,258,258.0
16415,2011-10-26 13:35:00,2011-10-26 13:35:00,44,1,210.35,0,0.0
16416,2011-10-14 13:35:00,2011-11-13 12:50:00,27,3,1051.4,29,14.5
16418,2011-04-27 16:54:00,2011-10-26 12:39:00,45,3,675.27,181,90.5
16419,2011-02-01 12:25:00,2011-08-19 12:33:00,113,6,972.23,199,39.8
16422,2010-12-05 15:35:00,2011-11-22 14:00:00,17,51,34684.4,351,7.02
16423,2011-11-15 09:21:00,2011-11-15 09:21:00,25,1,346.12,0,0.0
16424,2011-06-01 13:40:00,2011-06-01 13:40:00,191,1,133.56,0,0.0
16425,2011-02-10 14:30:00,2011-02-10 14:30:00,302,1,302.7,0,0.0
16426,2011-03-08 15:45:00,2011-12-07 14:01:00,2,10,1908.25,273,30.333333333333332
16427,2011-02-28 15:18:00,2011-03-21 17:10:00,263,2,241.06,21,21.0
16429,2011-08-25 13:54:00,2011-08-25 13:54:00,106,1,284.55,0,0.0
16430,2011-10-13 14:47:00,2011-10-13 14:47:00,57,1,300.85,0,0.0
16431,2011-02-15 14:02:00,2011-05-10 14:09:00,213,3,642.81,84,42.0
16432,2011-10-06 13:59:00,2011-10-06 13:59:00,64,1,287.40000000000003,0,0.0
16433,2011-11-11 14:09:00,2011-11-11 14:09:00,28,1,184.26,0,0.0
16434,2011-02-13 12:17:00,2011-11-10 14:28:00,29,7,1522.25,270,45.0
16438,2011-09-18 13:31:00,2011-12-04 10:51:00,6,5,798.35,76,19.0
16440,2011-05-09 12:25:00,2011-12-02 12:02:00,8,5,3640.67,206,51.5
16441,2011-02-21 17:35:00,2011-10-03 17:48:00,67,2,381.2,224,224.0
16442,2010-12-14 10:46:00,2011-12-08 11:43:00,2,3,616.79,359,179.5
16444,2011-03-20 12:14:00,2011-10-24 13:50:00,46,4,654.67,218,72.66666666666667
16445,2011-11-06 12:32:00,2011-11-06 12:32:00,34,1,230.51,0,0.0
16446,2011-05-18 09:52:00,2011-12-09 09:15:00,1,2,168472.5,204,204.0
16447,2011-07-27 12:45:00,2011-07-27 12:45:00,136,1,259.01,0,0.0
16448,2011-05-25 16:28:00,2011-05-25 16:28:00,198,1,188.89000000000001,0,0.0
16449,2011-03-04 12:15:00,2011-05-26 10:25:00,198,2,707.69,82,82.0
16450,2011-07-13 11:47:00,2011-07-13 11:47:00,150,1,311.92,0,0.0
16451,2011-09-13 09:17:00,2011-09-13 09:17:00,88,1,266.97,0,0.0
16454,2011-10-06 16:57:00,2011-10-26 11:40:00,45,2,6.9,19,19.0
16455,2010-12-03 16:44:00,2011-10-07 12:17:00,64,7,1841.18,307,51.166666666666664
16456,2010-12-01 14:11:00,2011-09-01 13:50:00,99,5,2158.37,273,68.25
16457,2011-05-05 13:19:00,2011-05-05 13:19:00,218,1,208.36,0,0.0
16458,2010-12-14 11:51:00,2011-12-07 09:34:00,3,18,3482.7400000000002,357,21.0
16460,2011-09-19 10:15:00,2011-11-11 13:46:00,28,3,814.72,53,26.5
16461,2011-06-15 12:07:00,2011-06-15 12:07:00,178,1,151.42,0,0.0
16462,2011-03-01 08:58:00,2011-09-27 10:24:00,74,3,136.0,210,105.0
16463,2011-05-19 14:45:00,2011-11-18 14:01:00,21,4,1422.4,182,60.666666666666664
16464,2011-07-20 13:53:00,2011-11-20 12:11:00,20,3,1314.68,122,61.0
16466,2011-02-20 11:39:00,2011-11-06 11:35:00,34,7,1603.46,258,43.0
16468,2011-09-26 14:13:00,2011-09-26 14:13:00,74,1,74.9,0,0.0
16469,2011-04-07 13:11:00,2011-11-16 12:25:00,24,4,650.43,222,74.0
16470,2010-12-16 11:53:00,2011-10-19 12:11:00,52,4,762.39,307,102.33333333333333
16471,2011-03-10 09:41:00,2011-03-10 09:41:00,275,1,223.95000000000002,0,0.0
16473,2011-01-07 10:55:00,2011-06-28 09:10:00,165,3,316.11,171,85.5
16474,2011-07-17 14:51:00,2011-12-02 13:02:00,7,7,1871.5,137,22.833333333333332
16475,2011-03-11 09:39:00,2011-09-12 14:37:00,88,4,544.3,185,61.666666666666664
16477,2010-12-03 12:48:00,2011-10-07 09:44:00,64,7,2494.46,307,51.166666666666664
16478,2011-10-05 12:02:00,2011-11-14 15:51:00,25,3,331.0,40,20.0
16479,2011-11-29 13:04:00,2011-11-29 13:40:00,10,2,300.83,0,0.0
16480,2011-09-25 11:40:00,2011-09-25 11:40:00,76,1,769.29,0,0.0
16482,2011-11-24 12:33:00,2011-11-24 12:33:00,16,1,220.62,0,0.0
16483,2011-05-31 13:08:00,2011-05-31 13:08:00,192,1,139.35,0,0.0
16484,2011-06-02 10:39:00,2011-06-19 12:06:00,174,2,404.3,17,17.0
16485,2011-09-23 15:50:00,2011-09-23 15:50:00,77,1,363.65,0,0.0
16488,2011-07-14 11:46:00,2011-11-06 13:42:00,33,3,498.8,115,57.5
16491,2011-10-24 10:18:00,2011-10-24 10:18:00,47,1,731.5,0,0.0
16493,2011-01-14 08:16:00,2011-09-21 11:10:00,80,4,1351.63,250,83.33333333333333
16494,2011-02-16 12:49:00,2011-02-16 12:49:00,297,1,826.53,0,0.0
16495,2011-03-08 16:38:00,2011-12-06 13:20:00,3,3,684.41,272,136.0
16496,2011-01-27 09:42:00,2011-12-01 10:31:00,9,3,1599.52,308,154.0
16497,2011-01-10 13:20:00,2011-10-21 10:55:00,50,6,2965.69,283,56.6
16498,2011-06-30 19:52:00,2011-07-01 15:07:00,161,2,100.97,0,0.0
16499,2010-12-10 10:27:00,2010-12-14 13:31:00,360,2,365.45,4,4.0
16500,2011-01-13 10:28:00,2011-12-05 12:04:00,5,6,400.86,326,65.2
16503,2010-12-14 13:50:00,2011-08-25 11:46:00,107,4,1431.93,253,84.33333333333333
16504,2011-11-14 15:18:00,2011-11-14 15:18:00,25,1,484.38,0,0.0
16505,2011-11-08 12:14:00,2011-11-08 12:14:00,32,1,777.6,0,0.0
16506,2011-10-30 15:50:00,2011-11-20 12:17:00,20,2,90.30000000000001,20,20.0
16509,2011-02-16 09:25:00,2011-02-16 09:25:00,297,1,363.70000000000005,0,0.0
16510,2010-12-02 13:39:00,2010-12-02 13:39:00,372,1,248.1,0,0.0
16511,2011-03-18 11:24:00,2011-11-18 10:41:00,22,3,950.26,244,122.0
16513,2011-10-27 14:56:00,2011-12-05 10:18:00,5,4,874.59,38,12.666666666666666
16515,2011-02-01 13:09:00,2011-10-18 13:10:00,52,5,1627.13,259,64.75
16516,2011-11-09 14:59:00,2011-11-09 14:59:00,30,1,101.69999999999999,0,0.0
16517,2011-03-07 13:50:00,2011-03-07 13:50:00,277,1,162.70000000000002,0,0.0
16518,2011-02-28 16:36:00,2011-10-09 15:04:00,61,2,484.32,222,222.0
16519,2010-12-09 14:08:00,2011-11-14 15:41:00,25,2,215.07999999999998,340,340.0
16520,2010-12-09 13:08:00,2011-06-06 13:24:00,186,3,1046.57,179,89.5
16523,2011-01-28 12:06:00,2011-12-08 09:06:00,2,21,9418.470000000001,313,15.65
16525,2010-12-08 11:31:00,2011-12-07 15:07:00,2,26,13027.45,364,14.56
16526,2011-06-21 12:02:00,2011-06-21 12:02:00,172,1,290.36,0,0.0
16527,2011-09-19 16:21:00,2011-09-19 16:21:00,81,1,228.06,0,0.0
16528,2011-12-06 12:45:00,2011-12-06 12:45:00,4,1,244.41,0,0.0
16529,2011-06-02 17:23:00,2011-06-02 17:23:00,190,1,455.25,0,0.0
16531,2010-12-14 13:19:00,2011-11-17 16:29:00,22,7,1244.59,338,56.333333333333336
16532,2011-01-05 12:37:00,2011-11-22 11:08:00,18,3,6748.8,320,160.0
16533,2011-10-02 15:07:00,2011-11-20 13:08:00,19,3,1095.56,48,24.0
16535,2011-12-04 15:18:00,2011-12-04 15:18:00,5,1,593.75,0,0.0
16536,2011-08-21 15:54:00,2011-08-21 15:54:00,110,1,548.97,0,0.0
16539,2010-12-01 15:40:00,2011-12-07 08:41:00,3,4,1388.81,370,123.33333333333333
16542,2011-10-17 10:47:00,2011-10-17 10:47:00,54,1,119.62,0,0.0
16545,2011-06-28 10:37:00,2011-06-28 10:37:00,165,1,339.3,0,0.0
16546,2010-12-02 12:07:00,2011-02-22 11:20:00,291,2,787.15,81,81.0
16549,2011-01-09 14:03:00,2011-11-29 15:06:00,10,10,4154.64,324,36.0
16550,2010-12-06 13:53:00,2011-08-23 11:12:00,109,5,2298.97,259,64.75
16551,2011-01-07 10:24:00,2011-09-05 09:38:00,96,3,922.12,240,120.0
16552,2010-12-01 12:36:00,2011-04-11 10:04:00,243,2,379.73,130,130.0
16553,2010-12-14 13:58:00,2011-06-29 15:42:00,163,12,5719.82,197,17.90909090909091
16554,2011-01-12 12:41:00,2011-10-28 14:51:00,42,3,837.1,289,144.5
16555,2011-08-22 12:32:00,2011-11-04 14:31:00,35,2,285.89,74,74.0
16556,2010-12-14 13:32:00,2011-10-04 11:36:00,67,7,3313.79,293,48.833333333333336
16557,2011-07-25 13:28:00,2011-11-15 14:04:00,24,2,281.85,113,113.0
16558,2010-12-08 12:01:00,2011-12-09 10:20:00,1,20,8338.49,365,19.210526315789473
16560,2010-12-16 14:36:00,2011-11-13 10:35:00,27,2,841.41,331,331.0
16561,2011-10-11 09:53:00,2011-12-04 11:50:00,6,2,511.12,54,54.0
16563,2011-10-17 11:51:00,2011-10-17 11:51:00,54,1,1077.74,0,0.0
16565,2010-12-10 15:21:00,2010-12-10 15:21:00,364,1,173.7,0,0.0
16566,2011-02-20 10:29:00,2011-11-24 16:34:00,15,5,614.66,277,69.25
16567,2011-01-07 09:31:00,2011-05-29 13:57:00,194,2,865.6,142,142.0
16569,2011-12-06 15:32:00,2011-12-06 15:32:00,3,1,124.2,0,0.0
16570,2011-02-01 10:37:00,2011-11-24 17:02:00,15,10,3738.4,296,32.888888888888886
16571,2011-03-03 09:41:00,2011-11-13 11:46:00,27,3,1421.69,255,127.5
16572,2011-03-09 12:04:00,2011-08-04 16:34:00,127,3,1009.6,148,74.0
16573,2011-02-22 15:14:00,2011-09-16 09:13:00,85,2,663.61,205,205.0
16574,2011-09-29 13:39:00,2011-09-29 13:39:00,71,1,451.44,0,0.0
16581,2011-06-10 10:05:00,2011-06-10 10:05:00,183,1,105.84,0,0.0
16582,2011-08-18 17:02:00,2011-08-18 17:02:00,113,1,313.62,0,0.0
16583,2010-12-01 12:03:00,2010-12-01 12:03:00,374,1,233.45,0,0.0
16584,2011-03-30 13:14:00,2011-09-20 13:45:00,80,2,936.08,174,174.0
16586,2011-04-05 09:32:00,2011-04-05 09:32:00,249,1,463.95,0,0.0
16587,2011-04-21 15:51:00,2011-04-21 15:51:00,232,1,225.15,0,0.0
16589,2011-07-01 13:31:00,2011-09-29 14:50:00,71,3,459.24,90,45.0
16591,2011-10-02 10:43:00,2011-10-02 10:43:00,69,1,213.5,0,0.0
16592,2011-02-25 10:19:00,2011-12-05 13:49:00,4,16,4113.68,283,18.866666666666667
16593,2011-01-16 12:11:00,2011-10-20 12:41:00,51,3,330.03,277,138.5
16594,2011-09-25 14:08:00,2011-09-25 14:08:00,75,1,181.09,0,0.0
16595,2011-10-09 13:15:00,2011-10-09 13:15:00,61,1,360.16,0,0.0
16596,2010-12-08 16:18:00,2011-11-24 10:02:00,16,2,250.15,350,350.0
16597,2011-12-05 15:44:00,2011-12-05 15:44:00,4,1,90.04,0,0.0
16598,2011-02-27 11:42:00,2011-02-27 11:42:00,286,1,145.05,0,0.0
16600,2011-01-05 12:13:00,2011-12-05 16:00:00,4,6,813.52,334,66.8
16601,2011-10-30 11:09:00,2011-10-30 11:09:00,41,1,244.8,0,0.0
16602,2011-11-03 15:54:00,2011-11-03 15:54:00,36,1,528.08,0,0.0
16603,2011-09-09 13:02:00,2011-09-26 10:06:00,75,2,482.47,16,16.0
16607,2010-12-16 08:41:00,2011-11-22 10:24:00,18,14,3347.71,341,26.23076923076923
16609,2011-04-01 10:11:00,2011-11-24 13:32:00,15,7,5493.46,237,39.5
16610,2011-05-04 13:13:00,2011-05-04 13:13:00,219,1,75.66,0,0.0
16611,2011-06-06 15:46:00,2011-06-06 15:46:00,186,1,129.49,0,0.0
16612,2011-02-01 10:38:00,2011-11-07 07:38:00,33,4,1187.66,278,92.66666666666667
16613,2011-09-30 15:52:00,2011-09-30 15:52:00,70,1,618.59,0,0.0
16614,2011-06-10 11:36:00,2011-06-10 11:36:00,183,1,506.19,0,0.0
16616,2011-07-05 13:38:00,2011-11-24 16:31:00,15,2,500.42,142,142.0
16617,2011-04-18 10:35:00,2011-04-18 10:35:00,236,1,151.85,0,0.0
16618,2011-01-21 11:55:00,2011-11-08 13:52:00,31,5,2647.59,291,72.75
16619,2011-03-21 08:18:00,2011-03-21 08:18:00,264,1,226.21,0,0.0
16620,2011-03-24 10:37:00,2011-12-06 12:19:00,4,2,178.96,257,257.0
16621,2011-03-07 11:32:00,2011-10-19 11:38:00,52,4,813.48,226,75.33333333333333
16623,2011-04-08 10:09:00,2011-04-08 10:09:00,246,1,129.45000000000002,0,0.0
16624,2011-05-26 14:20:00,2011-09-20 12:39:00,81,2,810.57,116,116.0
16625,2011-03-10 12:50:00,2011-03-10 12:50:00,275,1,333.08,0,0.0
16626,2011-03-18 12:27:00,2011-12-09 11:56:00,1,17,4413.1,265,16.5625
16627,2011-09-21 14:38:00,2011-09-21 14:38:00,79,1,322.8,0,0.0
16628,2011-04-19 08:55:00,2011-11-10 12:45:00,30,5,2188.05,205,51.25
16629,2011-09-04 16:12:00,2011-09-27 10:34:00,74,2,417.73,22,22.0
16633,2011-04-19 14:36:00,2011-11-22 13:41:00,17,6,2883.1,216,43.2
16634,2010-12-02 17:41:00,2011-05-01 12:09:00,223,2,217.9,149,149.0
16637,2011-04-28 10:20:00,2011-11-07 13:17:00,32,4,1154.47,193,64.33333333333333
16638,2010-12-06 10:19:00,2011-11-17 11:09:00,23,10,1680.72,346,38.44444444444444
16639,2011-04-18 09:31:00,2011-11-08 13:20:00,31,3,1257.51,204,102.0
16641,2011-08-26 12:49:00,2011-08-26 12:49:00,106,1,231.1,0,0.0
16642,2011-05-16 12:35:00,2011-12-05 11:31:00,5,2,688.33,202,202.0
16643,2011-04-08 08:24:00,2011-04-08 08:24:00,246,1,487.51,0,0.0
16644,2011-05-11 12:53:00,2011-06-15 12:39:00,178,2,833.78,34,34.0
16647,2011-05-19 09:31:00,2011-06-23 11:47:00,170,2,214.06,35,35.0
16648,2011-10-28 08:58:00,2011-10-28 08:58:00,43,1,290.66,0,0.0
16650,2011-09-29 09:51:00,2011-09-29 09:51:00,72,1,518.42,0,0.0
16652,2011-03-11 13:13:00,2011-10-12 09:38:00,59,7,6773.97,214,35.666666666666664
16653,2011-09-29 13:38:00,2011-11-23 14:51:00,16,2,1212.66,55,55.0
16654,2010-12-06 15:09:00,2011-07-21 15:23:00,141,4,601.27,227,75.66666666666667
16655,2011-01-12 10:16:00,2011-11-22 11:25:00,18,6,3794.52,314,62.8
16656,2010-12-10 11:23:00,2011-11-17 14:43:00,22,15,8625.8,342,24.428571428571427
16657,2011-03-30 12:02:00,2011-11-30 11:48:00,10,4,933.62,244,81.33333333333333
16658,2010-12-06 13:47:00,2010-12-06 13:47:00,368,1,123.24,0,0.0
16659,2011-06-03 15:03:00,2011-06-03 15:03:00,189,1,39.12,0,0.0
16660,2011-01-24 12:44:00,2011-11-23 14:53:00,16,4,1267.65,303,101.0
16665,2010-12-12 14:03:00,2010-12-12 14:03:00,362,1,135.4,0,0.0
16666,2011-11-20 14:01:00,2011-11-20 14:01:00,19,1,118.98,0,0.0
16667,2011-02-28 12:57:00,2011-10-02 15:26:00,68,2,570.13,216,216.0
16668,2011-02-28 12:46:00,2011-11-24 17:43:00,15,6,306.72,269,53.8
16669,2011-09-22 14:13:00,2011-11-16 12:26:00,24,3,1374.87,54,27.0
16670,2010-12-16 10:30:00,2011-11-23 09:34:00,17,11,4095.9,341,34.1
16671,2011-06-28 11:20:00,2011-11-11 13:40:00,28,3,1692.27,136,68.0
16672,2011-03-18 10:15:00,2011-12-07 16:29:00,2,20,8134.9400000000005,264,13.894736842105264
16674,2011-09-02 13:59:00,2011-10-16 11:31:00,55,2,319.61,43,43.0
16676,2011-01-06 13:00:00,2011-11-06 12:01:00,34,4,1592.12,303,101.0
16678,2011-03-02 09:24:00,2011-12-07 12:17:00,3,12,3109.99,280,25.454545454545453
16679,2010-12-08 13:51:00,2010-12-08 13:51:00,366,1,129.75,0,0.0
16680,2011-10-27 17:35:00,2011-10-27 17:35:00,43,1,183.7,0,0.0
16681,2011-03-31 13:46:00,2011-09-28 11:11:00,73,6,1770.3400000000001,180,36.0
16682,2011-06-05 11:02:00,2011-12-05 12:13:00,5,5,1028.0,183,45.75
16684,2010-12-16 17:34:00,2011-12-05 14:06:00,4,28,66653.56,353,13.074074074074074
16685,2011-10-09 13:44:00,2011-10-09 13:58:00,61,2,324.24,0,0.0
16686,2010-12-19 14:41:00,2011-10-23 13:49:00,47,7,3062.83,307,51.166666666666664
16688,2011-10-10 12:23:00,2011-12-08 15:24:00,1,4,1260.8600000000001,59,19.666666666666668
16689,2011-09-18 13:29:00,2011-09-25 11:39:00,76,2,422.6,6,6.0
16690,2011-05-22 10:53:00,2011-09-28 15:02:00,72,2,225.58,129,129.0
16692,2011-02-23 15:41:00,2011-03-28 14:46:00,256,2,1276.0,32,32.0
16693,2011-03-13 11:06:00,2011-10-02 11:10:00,69,2,482.01,203,203.0
16696,2011-04-05 15:20:00,2011-07-27 14:23:00,135,4,657.9,112,37.333333333333336
16697,2011-04-12 17:12:00,2011-04-12 17:12:00,241,1,112.75,0,0.0
16698,2011-03-31 13:33:00,2011-04-27 10:52:00,227,2,1998.0,26,26.0
16700,2010-12-08 16:34:00,2011-12-01 11:00:00,9,13,5076.55,357,29.75
16701,2010-12-13 11:51:00,2011-12-01 11:10:00,9,13,5398.3,352,29.333333333333332
16705,2010-12-16 10:51:00,2011-12-09 12:08:00,1,20,14034.99,358,18.842105263157894
16706,2011-08-17 15:53:00,2011-11-02 13:50:00,37,3,531.35,76,38.0
16708,2011-10-25 12:20:00,2011-10-25 12:20:00,46,1,656.63,0,0.0
16709,2011-03-03 10:55:00,2011-09-16 10:56:00,85,5,3029.87,197,49.25
16710,2010-12-06 13:13:00,2011-11-20 14:50:00,19,10,2483.04,349,38.77777777777778
16711,2010-12-17 12:43:00,2011-12-06 16:32:00,3,5,1651.03,354,88.5
16712,2011-03-08 15:07:00,2011-11-30 13:48:00,9,11,3645.43,266,26.6
16713,2010-12-08 13:01:00,2011-11-21 12:36:00,19,15,6923.13,347,24.785714285714285
16714,2011-01-26 13:40:00,2011-05-05 11:09:00,219,3,1161.53,98,49.0
16715,2011-09-22 18:15:00,2011-09-22 18:15:00,78,1,301.71999999999997,0,0.0
16716,2011-02-01 15:35:00,2011-03-18 10:03:00,267,2,901.2,44,44.0
16717,2010-12-08 16:48:00,2011-11-16 12:16:00,24,6,3858.38,342,68.4
16718,2010-12-05 13:03:00,2010-12-05 13:03:00,369,1,623.75,0,0.0
16719,2010-12-06 12:06:00,2011-11-25 09:27:00,15,7,1790.42,353,58.833333333333336
16720,2011-11-13 16:22:00,2011-11-13 16:22:00,26,1,155.24,0,0.0
16721,2011-03-22 16:08:00,2011-03-22 16:08:00,262,1,292.47,0,0.0
16722,2010-12-06 12:59:00,2011-11-22 13:28:00,17,13,4730.81,351,29.25
16723,2011-08-24 11:31:00,2011-09-09 13:01:00,91,2,589.15,16,16.0
16725,2010-12-03 16:02:00,2011-02-10 16:52:00,302,7,781.02,69,11.5
16726,2010-12-13 13:28:00,2011-11-13 14:53:00,26,5,1382.02,335,83.75
16727,2010-12-10 13:48:00,2010-12-10 13:48:00,364,1,272.82,0,0.0
16728,2011-03-20 13:28:00,2011-10-24 14:36:00,46,4,1054.67,218,72.66666666666667
16729,2011-04-12 14:22:00,2011-11-01 14:29:00,38,21,7239.92,203,10.15
16730,2011-01-24 14:01:00,2011-10-18 14:11:00,52,3,743.11,267,133.5
16732,2011-11-08 09:54:00,2011-11-08 09:54:00,32,1,603.75,0,0.0
16734,2011-08-17 15:00:00,2011-10-18 13:44:00,52,3,650.51,61,30.5
16735,2011-01-09 12:53:00,2011-09-22 11:49:00,79,5,2300.56,255,63.75
16737,2011-10-17 13:03:00,2011-10-17 13:03:00,53,1,417.6,0,0.0
16738,2011-02-15 09:46:00,2011-02-15 09:46:00,298,1,3.75,0,0.0
16739,2011-06-16 09:17:00,2011-06-16 09:17:00,177,1,323.0,0,0.0
16742,2011-10-24 12:02:00,2011-10-24 12:02:00,47,1,464.9,0,0.0
16743,2010-12-16 12:15:00,2011-11-10 13:13:00,29,7,2238.09,329,54.833333333333336
16744,2011-06-19 15:13:00,2011-11-28 13:06:00,11,7,1304.76,161,26.833333333333332
16745,2011-02-01 11:31:00,2011-09-14 11:58:00,87,17,7194.3,225,14.0625
16746,2010-12-16 11:43:00,2011-12-05 12:33:00,5,18,6697.66,354,20.823529411764707
16747,2011-10-03 10:18:00,2011-11-02 11:37:00,38,2,836.0600000000001,30,30.0
16748,2011-01-09 13:50:00,2011-11-22 10:17:00,18,5,1515.9,316,79.0
16750,2011-04-21 16:53:00,2011-10-26 12:48:00,45,5,623.93,187,46.75
16751,2011-11-09 10:48:00,2011-11-09 10:48:00,31,1,1764.72,0,0.0
16752,2010-12-02 12:18:00,2010-12-02 12:18:00,373,1,207.5,0,0.0
16753,2011-10-12 13:14:00,2011-10-12 13:14:00,58,1,223.92000000000002,0,0.0
16754,2010-12-02 17:38:00,2010-12-02 17:38:00,372,1,2002.4,0,0.0
16755,2011-01-28 10:47:00,2011-08-17 13:21:00,114,3,1496.83,201,100.5
16756,2011-05-09 09:33:00,2011-05-09 09:33:00,215,1,239.4,0,0.0
16757,2011-01-25 11:59:00,2011-01-25 11:59:00,319,1,106.83000000000001,0,0.0
16758,2011-10-05 14:47:00,2011-10-05 14:47:00,65,1,369.34000000000003,0,0.0
16759,2011-11-09 09:06:00,2011-12-02 12:42:00,8,3,789.79,23,11.5
16761,2011-09-04 11:15:00,2011-09-04 11:15:00,97,1,316.62,0,0.0
16762,2011-07-18 12:52:00,2011-11-20 11:43:00,20,3,1501.38,124,62.0
16763,2011-05-25 11:52:00,2011-05-25 11:52:00,199,1,611.8499999999999,0,0.0
16764,2011-07-19 17:17:00,2011-12-06 11:41:00,4,13,2799.25,139,11.583333333333334
16765,2011-02-18 15:41:00,2011-02-18 15:41:00,294,1,34.0,0,0.0
16766,2011-03-11 13:34:00,2011-03-11 15:22:00,273,2,1145.6,0,0.0
16767,2011-01-27 13:38:00,2011-11-09 09:42:00,31,11,5580.6,285,28.5
16768,2011-03-13 10:25:00,2011-10-23 10:38:00,48,3,478.09000000000003,224,112.0
16769,2011-03-24 13:41:00,2011-03-24 13:41:00,260,1,380.39,0,0.0
16770,2010-12-02 15:49:00,2011-10-13 12:21:00,58,5,770.1,314,78.5
16771,2011-01-05 13:57:00,2011-11-06 13:28:00,33,5,2246.81,304,76.0
16773,2011-10-13 14:37:00,2011-10-13 14:37:00,57,1,171.59,0,0.0
16774,2011-06-14 12:45:00,2011-10-03 12:41:00,68,4,661.52,110,36.666666666666664
16775,2010-12-07 15:15:00,2011-11-29 15:22:00,10,11,1695.66,357,35.7
16776,2011-10-10 13:04:00,2011-10-10 13:04:00,60,1,388.28,0,0.0
16777,2011-03-27 14:34:00,2011-09-20 13:41:00,80,2,226.35,176,176.0
16778,2011-03-10 15:21:00,2011-09-26 13:48:00,74,2,245.94,199,199.0
16779,2010-12-08 09:56:00,2011-12-07 14:54:00,2,22,10629.72,364,17.333333333333332
16780,2011-03-25 17:34:00,2011-08-31 16:09:00,100,2,425.19,158,158.0
16781,2010-12-02 14:26:00,2010-12-02 14:26:00,372,1,311.25,0,0.0
16782,2010-12-09 11:28:00,2011-11-29 13:20:00,10,13,2279.9,355,29.583333333333332
16784,2011-11-20 12:20:00,2011-11-20 12:20:00,20,1,107.6,0,0.0
16788,2011-03-30 13:05:00,2011-08-08 14:53:00,123,2,597.48,131,131.0
16789,2011-12-01 15:12:00,2011-12-01 15:12:00,8,1,80.80000000000001,0,0.0
16790,2011-11-02 11:23:00,2011-12-06 11:53:00,4,6,1545.6200000000001,34,6.8
16791,2011-01-11 15:42:00,2011-11-10 19:12:00,29,7,1721.78,303,50.5
16792,2011-03-02 14:39:00,2011-03-02 14:41:00,282,2,110.38,0,0.0
16793,2011-10-13 15:08:00,2011-10-13 15:08:00,57,1,243.84,0,0.0
16794,2011-06-12 14:15:00,2011-12-08 17:54:00,1,10,1222.71,179,19.88888888888889
16795,2010-12-09 14:08:00,2010-12-09 14:08:00,365,1,414.88,0,0.0
16796,2011-09-11 14:01:00,2011-09-11 14:01:00,89,1,305.62,0,0.0
16800,2011-11-28 14:06:00,2011-11-28 14:06:00,11,1,1201.49,0,0.0
16801,2011-03-11 13:56:00,2011-06-29 15:33:00,163,4,1619.73,110,36.666666666666664
16803,2011-10-05 14:28:00,2011-10-05 14:28:00,65,1,332.3,0,0.0
16804,2011-03-14 15:48:00,2011-11-16 16:43:00,23,3,536.99,247,123.5
16805,2010-12-14 13:35:00,2011-06-19 11:23:00,174,2,460.59000000000003,186,186.0
16806,2011-04-14 19:59:00,2011-08-28 15:27:00,103,4,801.49,135,45.0
16807,2011-03-14 09:46:00,2011-07-20 12:00:00,143,3,1121.59,128,64.0
16808,2011-03-10 19:05:00,2011-09-01 19:34:00,99,2,288.42,175,175.0
16809,2011-03-22 15:20:00,2011-11-16 15:45:00,23,5,914.69,239,59.75
16810,2011-05-31 15:32:00,2011-05-31 15:32:00,192,1,309.54,0,0.0
16811,2011-11-22 17:19:00,2011-12-05 11:39:00,5,2,547.07,12,12.0
16812,2010-12-14 12:35:00,2010-12-14 12:35:00,361,1,479.35,0,0.0
16813,2011-05-19 13:28:00,2011-12-01 14:03:00,8,10,1692.98,196,21.77777777777778
16814,2010-12-05 11:45:00,2011-11-25 13:27:00,14,21,6509.1,355,17.75
16816,2010-12-16 17:01:00,2011-08-28 14:16:00,103,4,417.06,254,84.66666666666667
16817,2010-12-06 14:19:00,2011-12-07 11:03:00,3,9,1604.75,365,45.625
16818,2011-05-18 11:42:00,2011-11-29 10:41:00,11,11,3349.57,194,19.4
16820,2011-09-05 12:06:00,2011-09-05 12:06:00,96,1,497.61,0,0.0
16823,2011-04-26 15:00:00,2011-04-26 15:00:00,227,1,358.38,0,0.0
16824,2011-06-28 13:36:00,2011-11-24 12:38:00,16,2,460.64,148,148.0
16825,2011-06-07 09:44:00,2011-11-01 11:51:00,39,2,775.18,147,147.0
16826,2011-10-19 14:05:00,2011-10-19 14:05:00,51,1,341.7,0,0.0
16828,2011-08-19 13:24:00,2011-09-07 15:10:00,93,2,128.5,19,19.0
16829,2011-07-06 10:48:00,2011-07-06 10:48:00,157,1,197.22,0,0.0
16830,2011-11-01 11:35:00,2011-11-01 11:35:00,39,1,325.91,0,0.0
16832,2011-05-06 14:12:00,2011-06-08 15:36:00,184,3,199.15,33,16.5
16833,2011-01-09 13:02:00,2011-12-08 14:39:00,1,4,1106.53,333,111.0
16834,2011-04-26 09:37:00,2011-04-26 09:37:00,228,1,413.46,0,0.0
16835,2010-12-01 17:15:00,2011-08-03 13:50:00,128,2,180.85,244,244.0
16836,2011-08-15 12:38:00,2011-10-31 10:05:00,40,2,251.87,76,76.0
16837,2011-04-08 08:48:00,2011-11-08 14:27:00,31,11,3170.98,214,21.4
16838,2011-02-24 15:01:00,2011-05-26 13:13:00,197,2,588.85,90,90.0
16839,2010-12-05 11:15:00,2011-12-01 09:03:00,9,34,16594.35,360,10.909090909090908
16841,2011-02-25 12:40:00,2011-11-03 11:51:00,37,6,1869.82,250,50.0
16842,2011-02-10 14:51:00,2011-08-31 10:42:00,101,3,1264.19,201,100.5
16843,2011-01-16 16:10:00,2011-10-28 09:06:00,43,16,10196.57,284,18.933333333333334
16846,2011-10-20 13:55:00,2011-10-20 13:55:00,50,1,214.32,0,0.0
16847,2011-10-27 13:29:00,2011-10-27 13:29:00,43,1,193.44,0,0.0
16848,2011-10-18 08:42:00,2011-10-18 08:42:00,53,1,281.42,0,0.0
16849,2011-06-06 09:16:00,2011-06-06 09:16:00,187,1,124.57,0,0.0
16850,2011-01-10 11:09:00,2011-01-10 11:09:00,334,1,332.41,0,0.0
16851,2011-10-19 09:48:00,2011-12-05 13:32:00,4,3,342.45,47,23.5
16852,2011-06-16 15:49:00,2011-11-29 13:22:00,10,2,144.91,165,165.0
16855,2011-10-27 16:31:00,2011-11-16 12:03:00,24,2,328.40000000000003,19,19.0
16856,2011-11-25 08:59:00,2011-11-25 08:59:00,15,1,35.400000000000006,0,0.0
16858,2010-12-06 09:52:00,2010-12-06 09:52:00,369,1,375.69000000000005,0,0.0
16859,2011-03-23 13:39:00,2011-07-18 12:19:00,145,2,747.81,116,116.0
16861,2011-07-04 15:38:00,2011-10-11 09:05:00,60,2,173.76,98,98.0
16863,2010-12-08 08:58:00,2011-11-08 15:26:00,31,2,502.8,335,335.0
16866,2011-07-01 12:34:00,2011-07-22 10:06:00,141,3,207.74,20,10.0
16869,2011-06-17 13:01:00,2011-11-17 12:02:00,23,4,825.4200000000001,152,50.666666666666664
16871,2011-03-14 10:31:00,2011-11-17 19:27:00,22,6,2812.34,248,49.6
16872,2011-06-08 14:32:00,2011-09-23 16:05:00,77,3,680.02,107,53.5
16873,2010-12-10 15:45:00,2011-12-05 12:05:00,5,6,7123.62,359,71.8
16875,2011-01-04 10:37:00,2011-10-03 13:39:00,67,5,2095.53,272,68.0
16877,2011-05-15 16:13:00,2011-11-27 13:47:00,12,6,853.72,195,39.0
16878,2011-09-16 17:39:00,2011-09-16 17:39:00,84,1,13.3,0,0.0
16880,2011-06-03 16:45:00,2011-11-09 11:33:00,31,7,1519.08,158,26.333333333333332
16881,2011-10-04 10:33:00,2011-10-04 10:33:00,67,1,432.0,0,0.0
16882,2011-01-26 17:43:00,2011-10-04 10:42:00,67,3,705.12,250,125.0
16883,2010-12-03 10:33:00,2011-06-05 12:51:00,187,2,276.73,184,184.0
16884,2011-11-02 10:16:00,2011-11-02 11:52:00,38,2,429.84,0,0.0
16885,2010-12-17 17:23:00,2011-11-24 13:40:00,15,3,471.51,341,170.5
16887,2011-11-04 14:07:00,2011-11-04 14:07:00,35,1,194.88,0,0.0
16889,2011-01-07 10:47:00,2011-05-29 11:05:00,195,3,1578.67,142,71.0
16891,2010-12-03 11:35:00,2011-12-08 11:15:00,2,5,809.7,369,92.25
16892,2011-06-09 11:35:00,2011-12-08 13:18:00,1,5,525.54,182,45.5
16893,2010-12-08 12:06:00,2010-12-08 12:06:00,367,1,145.93,0,0.0
16895,2011-10-06 12:15:00,2011-10-06 12:15:00,65,1,219.14,0,0.0
16897,2011-01-30 11:52:00,2011-02-13 15:02:00,299,2,289.78,14,14.0
16898,2010-12-06 12:23:00,2011-11-13 15:44:00,26,3,508.81,342,171.0
16899,2010-12-14 13:11:00,2011-12-02 12:03:00,8,6,1281.56,352,70.4
16900,2011-10-07 13:17:00,2011-11-23 10:32:00,17,3,887.11,46,23.0
16902,2011-08-15 14:17:00,2011-08-15 14:17:00,116,1,1706.88,0,0.0
16903,2011-11-10 15:32:00,2011-11-10 15:32:00,29,1,373.24,0,0.0
16904,2010-12-07 13:29:00,2011-12-05 13:10:00,4,16,3754.27,362,24.133333333333333
16905,2010-12-03 10:43:00,2011-12-04 14:01:00,5,7,3102.43,366,61.0
16906,2011-04-05 12:30:00,2011-09-19 11:49:00,82,4,579.77,166,55.333333333333336
16907,2010-12-09 16:52:00,2011-11-10 18:04:00,29,5,981.65,336,84.0
16909,2011-09-28 16:45:00,2011-09-28 16:45:00,72,1,379.14,0,0.0
16910,2011-09-09 14:14:00,2011-12-05 12:51:00,4,8,1510.06,86,12.285714285714286
16912,2011-01-20 15:42:00,2011-11-11 12:18:00,29,11,2575.38,294,29.4
16913,2011-02-22 12:56:00,2011-02-22 12:56:00,290,1,113.44,0,0.0
16914,2011-11-03 15:27:00,2011-11-03 15:27:00,36,1,208.46,0,0.0
16915,2011-03-01 09:52:00,2011-11-30 16:39:00,9,6,621.6800000000001,274,54.8
16916,2010-12-02 13:14:00,2011-11-16 12:08:00,24,2,576.26,348,348.0
16917,2011-03-08 11:55:00,2011-03-08 11:55:00,277,1,391.52,0,0.0
16918,2011-01-26 17:37:00,2011-10-21 12:50:00,50,6,1068.82,267,53.4
16919,2010-12-06 12:52:00,2011-07-06 13:35:00,156,11,2596.45,212,21.2
16921,2011-10-09 16:22:00,2011-10-09 16:22:00,61,1,169.79,0,0.0
16923,2010-12-12 11:06:00,2011-11-27 13:00:00,12,19,7247.61,350,19.444444444444443
16924,2011-09-16 12:54:00,2011-11-18 12:53:00,21,3,846.75,62,31.0
16926,2010-12-03 13:42:00,2010-12-03 13:42:00,371,1,230.25,0,0.0
16927,2010-12-13 11:57:00,2011-08-16 11:10:00,116,3,543.05,245,122.5
16928,2010-12-01 15:21:00,2011-09-20 15:10:00,80,17,2847.6,292,18.25
16929,2011-07-07 12:39:00,2011-12-06 08:37:00,4,7,1295.39,151,25.166666666666668
16930,2011-10-02 14:25:00,2011-11-13 16:13:00,26,3,380.55,42,21.0
16931,2010-12-05 11:40:00,2011-12-04 13:15:00,5,21,4604.22,364,18.2
16932,2011-10-17 14:12:00,2011-10-17 14:12:00,53,1,161.94,0,0.0
16933,2011-04-14 13:33:00,2011-12-08 12:54:00,1,2,563.23,237,237.0
16934,2011-10-16 12:25:00,2011-10-16 12:40:00,55,2,950.9300000000001,0,0.0
16936,2011-11-14 11:04:00,2011-11-14 11:04:00,26,1,262.68,0,0.0
16938,2011-02-04 09:34:00,2011-12-01 10:20:00,9,4,2736.38,300,100.0
16940,2011-02-23 12:27:00,2011-10-18 13:15:00,52,3,3049.88,237,118.5
16942,2011-04-26 11:59:00,2011-11-27 12:40:00,13,9,1920.59,215,26.875
16943,2011-01-25 14:00:00,2011-05-12 11:57:00,212,3,816.73,106,53.0
16945,2010-12-16 17:49:00,2011-11-18 11:39:00,22,19,4345.5,336,18.666666666666668
16947,2011-04-18 09:38:00,2011-04-18 09:38:00,236,1,406.48,0,0.0
16948,2011-01-18 10:58:00,2011-07-24 12:46:00,139,3,435.02,187,93.5
16949,2011-01-27 12:11:00,2011-12-06 11:07:00,4,6,1286.27,312,62.4
16950,2010-12-07 15:20:00,2011-10-14 09:06:00,57,3,1178.56,310,155.0
16951,2011-02-08 14:58:00,2011-07-28 12:05:00,135,3,1277.75,169,84.5
16952,2011-08-22 12:58:00,2011-08-22 13:03:00,109,2,167.61,0,0.0
16953,2011-11-09 15:54:00,2011-11-09 15:54:00,30,1,20.8,0,0.0
16954,2010-12-15 10:41:00,2011-12-09 09:46:00,1,9,2085.08,358,44.75
16955,2010-12-01 13:31:00,2011-06-08 10:36:00,185,4,518.67,188,62.666666666666664
16956,2011-11-22 08:56:00,2011-11-22 08:56:00,18,1,308.74,0,0.0
16957,2011-03-03 09:25:00,2011-04-14 13:56:00,239,2,416.64,42,42.0
16959,2011-09-13 15:03:00,2011-09-13 15:03:00,87,1,117.35000000000001,0,0.0
16960,2011-04-01 11:54:00,2011-11-01 11:35:00,39,3,507.05,213,106.5
16961,2011-08-15 13:46:00,2011-08-15 13:46:00,116,1,234.17000000000002,0,0.0
16963,2011-06-05 13:48:00,2011-06-05 13:48:00,187,1,110.55000000000001,0,0.0
16965,2011-04-27 12:08:00,2011-04-27 12:08:00,227,1,201.19,0,0.0
16966,2011-04-13 14:17:00,2011-12-01 13:40:00,8,7,2154.97,231,38.5
16967,2011-06-03 14:24:00,2011-06-03 14:24:00,189,1,319.02,0,0.0
16968,2011-08-24 10:51:00,2011-12-05 15:02:00,4,2,439.43,103,103.0
16969,2011-06-01 12:10:00,2011-10-31 13:12:00,39,3,650.41,152,76.0
16971,2011-11-01 15:06:00,2011-11-01 15:06:00,38,1,357.21,0,0.0
16976,2011-03-17 16:33:00,2011-03-17 16:33:00,267,1,251.51999999999998,0,0.0
16978,2011-09-23 12:50:00,2011-09-23 12:50:00,78,1,344.33,0,0.0
16979,2011-02-15 09:20:00,2011-12-06 12:21:00,4,6,1852.0,294,58.8
16980,2011-02-21 12:58:00,2011-03-29 16:36:00,255,2,1078.96,36,36.0
16982,2011-10-10 12:28:00,2011-10-10 12:28:00,61,1,384.06,0,0.0
16983,2010-12-05 12:34:00,2011-11-27 12:10:00,13,7,1931.25,356,59.333333333333336
16984,2011-08-01 17:37:00,2011-09-12 13:43:00,88,2,4481.35,41,41.0
16985,2010-12-16 10:38:00,2011-11-22 13:33:00,17,10,5464.12,341,37.888888888888886
16986,2011-11-09 15:52:00,2011-11-10 11:55:00,30,2,1873.2,0,0.0
16987,2011-05-18 15:55:00,2011-12-06 17:26:00,3,7,1625.05,202,33.666666666666664
16988,2011-12-04 16:02:00,2011-12-04 16:02:00,5,1,126.12,0,0.0
16989,2011-07-12 09:11:00,2011-12-02 16:39:00,7,6,1133.25,143,28.6
16990,2011-05-05 08:30:00,2011-05-05 08:30:00,219,1,179.0,0,0.0
16992,2011-02-28 10:37:00,2011-11-29 11:50:00,11,5,1614.31,274,68.5
16996,2010-12-21 13:22:00,2011-11-09 16:43:00,30,6,1456.96,323,64.6
16997,2011-01-18 11:51:00,2011-02-24 17:28:00,288,3,702.0,37,18.5
16998,2011-02-08 15:42:00,2011-07-13 09:44:00,150,4,295.0,154,51.333333333333336
16999,2011-09-26 15:43:00,2011-11-16 13:53:00,23,2,484.82,50,50.0
17001,2010-12-16 09:35:00,2011-12-09 09:38:00,1,11,3989.57,358,35.8
17002,2011-02-22 11:46:00,2011-09-15 12:40:00,86,3,1493.73,205,102.5
17004,2011-09-08 12:16:00,2011-10-24 14:25:00,46,2,1412.94,46,46.0
17006,2011-09-25 12:15:00,2011-12-05 12:09:00,5,4,781.78,70,23.333333333333332
17007,2010-12-17 13:57:00,2011-10-20 10:47:00,51,6,889.9300000000001,306,61.2
17010,2011-11-21 14:49:00,2011-11-21 14:49:00,18,1,195.36,0,0.0
17011,2011-11-09 13:30:00,2011-11-09 13:30:00,30,1,270.9,0,0.0
17014,2011-10-04 11:36:00,2011-12-01 14:09:00,8,3,586.33,58,29.0
17015,2011-06-07 13:19:00,2011-11-11 10:45:00,29,3,1842.56,156,78.0
17017,2010-12-02 10:17:00,2011-12-07 09:32:00,3,20,8694.26,369,19.42105263157895
17018,2011-01-18 08:46:00,2011-10-30 11:42:00,41,2,920.1,285,285.0
17019,2010-12-06 12:55:00,2011-11-28 13:06:00,11,4,1272.61,357,119.0
17022,2011-11-08 17:09:00,2011-11-08 17:09:00,31,1,71.0,0,0.0
17024,2011-07-05 09:31:00,2011-10-25 13:47:00,45,3,95.85,112,56.0
17025,2010-12-01 15:45:00,2011-10-10 09:06:00,61,3,357.77,312,156.0
17026,2010-12-05 12:47:00,2011-06-07 14:28:00,185,2,154.83,184,184.0
17027,2011-01-26 14:19:00,2011-09-22 12:24:00,79,6,890.29,238,47.6
17029,2011-04-17 10:57:00,2011-08-21 11:06:00,111,2,716.0,126,126.0
17030,2011-10-07 08:49:00,2011-10-07 08:49:00,64,1,146.87,0,0.0
17031,2011-07-08 09:38:00,2011-11-28 10:23:00,12,2,380.35,143,143.0
17033,2010-12-15 13:21:00,2011-09-14 14:34:00,86,3,1030.14,273,136.5
17034,2011-02-25 10:10:00,2011-11-23 15:14:00,16,3,745.52,271,135.5
17035,2011-02-01 12:27:00,2011-04-08 11:23:00,246,2,433.53000000000003,65,65.0
17037,2011-09-13 12:49:00,2011-09-13 12:49:00,88,1,1267.32,0,0.0
17038,2011-11-09 13:50:00,2011-11-09 13:50:00,30,1,112.4,0,0.0
17040,2011-07-25 10:19:00,2011-07-25 10:19:00,138,1,449.73,0,0.0
17041,2010-12-14 11:43:00,2011-11-13 11:21:00,27,3,1081.57,333,166.5
17042,2011-04-06 14:53:00,2011-12-07 12:26:00,3,5,1044.38,244,61.0
17043,2011-03-18 14:53:00,2011-11-07 15:33:00,32,4,1735.18,234,78.0
17044,2011-11-14 14:28:00,2011-11-14 14:28:00,25,1,948.48,0,0.0
17045,2011-04-06 12:08:00,2011-08-18 17:09:00,113,3,339.44,134,67.0
17046,2011-07-05 14:24:00,2011-07-05 14:24:00,157,1,642.02,0,0.0
17047,2011-05-18 16:50:00,2011-09-15 13:27:00,85,3,1100.9,119,59.5
17048,2011-01-12 16:51:00,2011-08-14 11:49:00,118,3,925.35,213,106.5
17049,2011-03-09 08:33:00,2011-12-07 10:48:00,3,9,5659.9800000000005,273,34.125
17050,2011-02-13 12:41:00,2011-09-04 13:48:00,96,6,3228.84,203,40.6
17051,2011-05-29 14:13:00,2011-05-29 14:13:00,194,1,247.14,0,0.0
17052,2011-11-11 14:50:00,2011-11-11 14:50:00,28,1,413.75,0,0.0
17053,2011-08-01 10:23:00,2011-08-01 10:23:00,131,1,498.48,0,0.0
17054,2011-04-08 13:14:00,2011-11-11 12:56:00,28,5,1356.33,216,54.0
17058,2011-04-14 09:18:00,2011-09-19 10:13:00,82,3,1179.89,158,79.0
17059,2010-12-05 12:35:00,2011-11-10 12:27:00,30,5,3095.04,339,84.75
17060,2011-03-18 13:27:00,2011-03-18 13:27:00,266,1,234.24,0,0.0
17061,2011-04-21 13:29:00,2011-09-27 11:24:00,74,11,5232.2300000000005,158,15.8
17062,2010-12-05 11:59:00,2011-01-30 11:01:00,314,4,538.37,55,18.333333333333332
17063,2011-02-23 13:44:00,2011-11-18 16:19:00,21,7,1461.14,268,44.666666666666664
17064,2011-01-16 16:10:00,2011-10-12 10:18:00,59,3,859.35,268,134.0
17068,2010-12-06 13:58:00,2011-11-27 13:14:00,12,21,4552.14,355,17.75
17069,2010-12-01 16:49:00,2011-11-11 17:13:00,28,9,2709.7000000000003,345,43.125
17070,2011-08-17 17:01:00,2011-08-17 17:01:00,114,1,312.14,0,0.0
17071,2011-02-03 08:18:00,2011-11-11 16:31:00,28,9,2429.03,281,35.125
17073,2011-08-22 14:37:00,2011-11-22 11:47:00,18,4,1446.09,91,30.333333333333332
17075,2011-01-26 13:20:00,2011-11-22 11:58:00,18,4,834.12,299,99.66666666666667
17076,2010-12-10 10:08:00,2011-11-03 17:53:00,36,3,841.0799999999999,328,164.0
17078,2011-11-03 18:49:00,2011-11-03 19:17:00,36,2,378.2,0,0.0
17079,2011-09-22 15:34:00,2011-09-22 15:34:00,78,1,118.80000000000001,0,0.0
17080,2011-03-15 12:05:00,2011-11-17 12:59:00,22,2,287.62,247,247.0
17081,2011-10-24 13:08:00,2011-11-14 12:56:00,25,2,290.16,20,20.0
17082,2011-01-25 14:36:00,2011-11-06 15:17:00,33,2,2003.8500000000001,285,285.0
17083,2011-02-09 11:38:00,2011-08-22 15:43:00,109,3,1405.78,194,97.0
17084,2011-11-04 14:49:00,2011-11-04 14:54:00,35,2,2949.75,0,0.0
17085,2010-12-12 12:24:00,2011-08-08 14:15:00,123,5,1566.65,239,59.75
17086,2011-10-07 11:22:00,2011-12-02 13:54:00,7,6,2050.08,56,11.2
17088,2011-03-31 09:48:00,2011-11-11 14:23:00,28,4,1991.01,225,75.0
17090,2010-12-20 13:52:00,2011-12-05 13:44:00,4,7,2043.95,349,58.166666666666664
17091,2010-12-07 09:55:00,2011-12-07 10:43:00,3,9,3827.76,365,45.625
17092,2011-03-07 14:51:00,2011-10-20 19:51:00,50,4,1777.78,227,75.66666666666667
17094,2011-01-21 13:09:00,2011-01-21 13:09:00,322,1,302.0,0,0.0
17095,2011-01-09 11:05:00,2011-11-17 12:21:00,23,3,1324.16,312,156.0
17096,2011-03-23 12:05:00,2011-11-24 15:01:00,15,4,1022.13,246,82.0
17097,2010-12-09 14:55:00,2011-12-07 17:05:00,2,8,954.42,363,51.857142857142854
17100,2011-11-21 16:36:00,2011-11-21 16:36:00,18,2,971.74,0,0.0
17101,2011-06-14 14:49:00,2011-11-29 13:57:00,10,4,1621.73,167,55.666666666666664
17102,2011-03-23 10:08:00,2011-03-23 10:08:00,262,1,25.5,0,0.0
17105,2011-02-06 14:46:00,2011-07-03 15:53:00,159,2,665.78,147,147.0
17107,2011-03-06 15:17:00,2011-11-06 14:14:00,33,6,10815.43,244,48.8
17109,2011-04-21 15:46:00,2011-11-10 16:59:00,29,6,885.04,203,40.6
17110,2011-06-27 12:58:00,2011-06-27 12:58:00,165,1,163.29999999999998,0,0.0
17111,2011-10-23 15:59:00,2011-10-23 15:59:00,47,1,248.61,0,0.0
17114,2011-01-09 11:39:00,2011-12-04 12:17:00,6,8,808.62,329,47.0
17115,2011-04-20 14:46:00,2011-12-01 14:30:00,8,3,837.5,224,112.0
17117,2011-02-24 13:54:00,2011-02-24 13:54:00,288,1,116.2,0,0.0
17118,2011-01-26 12:19:00,2011-01-26 12:19:00,318,1,157.02,0,0.0
17119,2011-10-11 11:03:00,2011-12-06 14:40:00,3,2,606.91,56,56.0
17120,2011-04-20 15:21:00,2011-04-20 15:21:00,233,1,307.46,0,0.0
17122,2011-08-12 14:33:00,2011-08-12 14:33:00,119,1,138.32,0,0.0
17123,2011-07-01 10:47:00,2011-07-01 10:47:00,162,1,345.3,0,0.0
17124,2011-06-07 14:02:00,2011-06-07 14:02:00,185,1,298.89,0,0.0
17125,2011-10-20 14:41:00,2011-10-20 14:41:00,50,1,259.35,0,0.0
17126,2010-12-12 11:26:00,2011-07-10 13:52:00,152,5,1004.75,210,52.5
17128,2011-01-09 12:02:00,2011-01-09 12:02:00,335,1,157.09,0,0.0
17131,2011-09-25 12:42:00,2011-12-04 12:52:00,5,5,2463.17,70,17.5
17133,2011-03-18 13:47:00,2011-11-24 12:27:00,16,7,4892.240000000001,250,41.666666666666664
17134,2011-03-20 11:56:00,2011-08-25 09:53:00,107,2,425.0,157,157.0
17135,2010-12-03 09:31:00,2011-11-23 16:48:00,16,7,1139.73,355,59.166666666666664
17138,2011-03-09 11:54:00,2011-03-09 11:54:00,276,1,380.5,0,0.0
17139,2011-02-24 09:32:00,2011-11-24 10:12:00,16,12,10668.47,273,24.818181818181817
17140,2011-04-06 13:33:00,2011-04-06 13:33:00,247,1,465.32,0,0.0
17142,2011-04-14 18:22:00,2011-04-14 18:22:00,239,1,579.0,0,0.0
17144,2011-09-16 12:50:00,2011-12-08 17:57:00,1,2,984.57,83,83.0
17146,2010-12-16 12:20:00,2011-08-26 12:44:00,106,3,749.78,253,126.5
17147,2011-02-01 09:36:00,2011-11-17 12:32:00,23,4,1714.59,289,96.33333333333333
17148,2011-10-19 09:59:00,2011-10-19 09:59:00,52,1,124.88,0,0.0
17152,2011-03-21 16:20:00,2011-05-29 12:19:00,195,3,1689.5,68,34.0
17153,2011-11-15 13:42:00,2011-11-15 13:42:00,24,1,213.78,0,0.0
17154,2011-09-25 13:42:00,2011-09-25 13:42:00,75,1,329.34,0,0.0
17155,2011-06-15 10:22:00,2011-11-22 12:38:00,18,2,251.7,160,160.0
17157,2011-06-16 15:08:00,2011-12-02 09:10:00,8,2,319.0,168,168.0
17158,2010-12-14 13:03:00,2011-11-07 15:15:00,32,3,1266.97,328,164.0
17159,2011-06-21 09:49:00,2011-11-18 10:52:00,22,3,1538.88,150,75.0
17160,2011-04-12 12:00:00,2011-11-08 14:05:00,31,6,3518.03,210,42.0
17162,2011-02-07 12:27:00,2011-11-11 11:34:00,29,10,1715.46,276,30.666666666666668
17163,2011-09-22 15:54:00,2011-11-18 08:57:00,22,2,293.1,56,56.0
17164,2011-03-11 14:26:00,2011-11-07 09:14:00,33,7,2467.35,240,40.0
17165,2011-02-28 16:39:00,2011-02-28 16:39:00,284,1,158.68,0,0.0
17166,2011-05-20 08:18:00,2011-11-01 09:46:00,39,2,206.34,165,165.0
17169,2011-06-09 13:16:00,2011-10-13 10:25:00,58,2,835.78,125,125.0
17171,2011-02-23 16:37:00,2011-02-23 16:37:00,289,1,224.91,0,0.0
17172,2011-09-22 09:36:00,2011-09-22 09:36:00,79,1,317.76,0,0.0
17173,2011-07-31 15:26:00,2011-12-04 14:40:00,5,8,3766.6,125,17.857142857142858
17174,2011-05-06 11:47:00,2011-05-06 11:47:00,218,1,59.9,0,0.0
17175,2011-02-16 14:56:00,2011-10-26 15:31:00,44,4,1443.69,252,84.0
17176,2011-05-22 12:41:00,2011-05-22 12:41:00,202,1,306.13,0,0.0
17179,2010-12-13 14:24:00,2011-06-14 16:48:00,178,3,711.79,183,91.5
17180,2011-01-27 18:05:00,2011-10-14 15:46:00,56,4,796.03,259,86.33333333333333
17181,2010-12-01 12:38:00,2011-10-13 14:48:00,57,2,239.92000000000002,316,316.0
17183,2011-08-26 15:25:00,2011-12-02 10:07:00,8,6,3347.31,97,19.4
17186,2011-10-10 12:52:00,2011-10-24 10:20:00,47,2,144.0,13,13.0
17187,2011-04-27 12:39:00,2011-04-27 12:39:00,227,1,203.95,0,0.0
17188,2010-12-12 12:56:00,2011-11-28 13:53:00,11,7,2474.23,351,58.5
17189,2010-12-15 17:28:00,2011-08-25 19:39:00,106,2,384.4,253,253.0
17190,2011-05-16 15:29:00,2011-10-12 11:33:00,59,2,444.74,148,148.0
17191,2010-12-06 14:36:00,2011-11-11 16:58:00,28,7,2095.13,340,56.666666666666664
17193,2011-06-16 10:04:00,2011-11-04 12:47:00,36,7,1699.3,141,23.5
17194,2010-12-14 12:06:00,2011-03-11 12:05:00,274,2,262.62,86,86.0
17197,2011-11-10 10:32:00,2011-11-10 10:32:00,30,1,1013.01,0,0.0
17198,2010-12-03 14:54:00,2011-11-16 10:39:00,24,3,692.22,347,173.5
17201,2011-10-17 11:55:00,2011-10-17 11:55:00,54,1,342.63,0,0.0
17203,2011-10-10 14:37:00,2011-11-04 12:27:00,36,6,3563.85,24,4.8
17204,2011-03-21 12:42:00,2011-06-17 14:46:00,175,4,1564.56,88,29.333333333333332
17205,2011-10-17 12:46:00,2011-10-17 12:46:00,54,1,384.08,0,0.0
17206,2011-10-17 13:25:00,2011-10-17 13:25:00,53,1,204.24,0,0.0
17211,2010-12-05 12:44:00,2011-11-13 12:03:00,27,8,2317.2200000000003,342,48.857142857142854
17212,2011-03-31 19:42:00,2011-03-31 19:42:00,253,1,226.85,0,0.0
17213,2010-12-08 13:03:00,2011-10-30 14:53:00,40,7,2781.23,326,54.333333333333336
17214,2010-12-15 15:14:00,2011-10-10 13:17:00,60,6,1069.1200000000001,298,59.6
17217,2011-04-19 17:19:00,2011-04-19 17:19:00,234,1,113.5,0,0.0
17218,2010-12-06 15:25:00,2011-12-05 13:52:00,4,10,1960.72,363,40.333333333333336
17219,2011-11-08 11:25:00,2011-11-08 11:25:00,32,1,114.23,0,0.0
17220,2010-12-10 14:54:00,2011-11-15 13:47:00,24,14,3198.25,339,26.076923076923077
17221,2011-11-03 17:39:00,2011-12-02 13:35:00,7,2,335.13,28,28.0
17222,2011-10-05 13:58:00,2011-10-05 13:58:00,65,1,354.15,0,0.0
17223,2010-12-06 14:08:00,2011-02-02 15:57:00,310,2,426.79,58,58.0
17226,2011-02-04 11:52:00,2011-02-04 11:52:00,309,1,393.49,0,0.0
17227,2010-12-06 11:16:00,2011-11-21 10:51:00,19,6,939.32,349,69.8
17228,2010-12-02 16:00:00,2011-11-24 10:24:00,16,8,1906.09,356,50.857142857142854
17229,2011-07-20 12:38:00,2011-09-04 13:56:00,96,2,318.76,46,46.0
17230,2010-12-15 11:22:00,2011-03-20 16:12:00,264,8,3638.41,95,13.571428571428571
17231,2010-12-13 14:16:00,2011-11-27 15:18:00,12,10,3174.32,349,38.77777777777778
17232,2011-11-25 12:24:00,2011-12-07 12:21:00,3,2,421.52,11,11.0
17233,2011-11-04 14:06:00,2011-11-04 14:06:00,35,1,190.88,0,0.0
17234,2011-06-10 11:20:00,2011-06-10 11:20:00,183,1,149.89,0,0.0
17235,2010-12-02 13:38:00,2011-11-14 15:51:00,25,2,550.0600000000001,347,347.0
17236,2010-12-12 11:49:00,2011-11-27 12:00:00,13,6,916.13,350,70.0
17237,2011-11-17 12:55:00,2011-11-28 15:02:00,11,2,314.69,11,11.0
17238,2010-12-03 15:05:00,2011-12-07 11:35:00,3,17,3744.65,368,23.0
17239,2011-01-31 09:41:00,2011-01-31 09:41:00,313,1,382.5,0,0.0
17242,2011-06-12 13:04:00,2011-08-23 14:55:00,108,2,1135.04,72,72.0
17243,2010-12-05 10:03:00,2011-12-08 13:26:00,1,26,8676.85,368,14.72
17244,2011-10-17 15:19:00,2011-10-17 15:19:00,53,1,954.9,0,0.0
17245,2011-05-19 10:43:00,2011-05-19 10:43:00,205,1,171.45000000000002,0,0.0
17247,2011-11-24 15:21:00,2011-11-24 15:21:00,15,1,282.19,0,0.0
17248,2011-08-11 13:34:00,2011-08-11 13:34:00,120,1,318.65,0,0.0
17250,2011-03-23 16:45:00,2011-12-06 12:15:00,4,2,384.52,257,257.0
17251,2010-12-12 11:06:00,2010-12-12 11:06:00,363,1,283.28000000000003,0,0.0
17252,2011-06-06 16:41:00,2011-08-15 09:45:00,117,2,353.86,69,69.0
17253,2011-11-21 12:59:00,2011-11-21 12:59:00,18,1,178.26,0,0.0
17254,2011-11-24 14:09:00,2011-12-05 12:46:00,5,2,272.44,10,10.0
17255,2011-02-13 15:18:00,2011-10-30 12:18:00,41,2,298.41,258,258.0
17256,2011-01-31 14:53:00,2011-08-24 13:30:00,107,2,240.0,204,204.0
17259,2010-12-06 12:55:00,2011-07-14 15:01:00,148,2,603.37,220,220.0
17262,2010-12-08 13:30:00,2011-10-18 12:56:00,52,5,1253.3600000000001,313,78.25
17263,2011-05-15 14:32:00,2011-05-15 14:32:00,208,1,63.440000000000005,0,0.0
17265,2011-06-12 12:00:00,2011-07-24 10:49:00,139,2,562.9,41,41.0
17266,2011-07-15 11:57:00,2011-12-07 14:12:00,2,3,310.64,145,72.5
17267,2011-08-04 17:19:00,2011-08-04 17:22:00,127,2,317.62,0,0.0
17268,2011-04-08 13:20:00,2011-08-24 10:06:00,108,4,763.64,137,45.666666666666664
17272,2011-03-22 12:05:00,2011-10-28 16:37:00,42,4,2148.63,220,73.33333333333333
17274,2011-11-04 13:16:00,2011-11-04 13:16:00,35,1,111.98,0,0.0
17277,2011-01-21 12:37:00,2011-04-26 12:47:00,228,2,1065.3500000000001,95,95.0
17278,2011-04-12 13:10:00,2011-04-12 13:10:00,241,1,246.04000000000002,0,0.0
17279,2011-10-13 11:58:00,2011-10-13 11:58:00,58,1,187.82999999999998,0,0.0
17282,2011-02-13 11:36:00,2011-08-01 14:29:00,130,3,1703.41,169,84.5
17284,2011-01-07 14:31:00,2011-10-10 14:38:00,60,6,1652.58,276,55.2
17286,2011-11-18 12:47:00,2011-11-18 12:47:00,22,1,153.92,0,0.0
17287,2010-12-02 12:22:00,2011-11-13 13:27:00,26,7,1064.11,346,57.666666666666664
17288,2010-12-16 13:33:00,2011-11-30 16:09:00,9,7,1419.73,349,58.166666666666664
17289,2011-06-12 13:51:00,2011-11-08 12:01:00,32,3,944.41,148,74.0
17290,2011-11-23 15:53:00,2011-12-06 12:38:00,4,2,525.24,12,12.0
17291,2011-02-04 13:04:00,2011-02-04 13:04:00,308,1,550.8000000000001,0,0.0
17293,2010-12-13 14:55:00,2011-12-01 14:37:00,8,9,1875.11,352,44.0
17295,2011-10-06 12:22:00,2011-11-11 10:49:00,29,3,556.95,35,17.5
17297,2011-11-22 14:43:00,2011-11-22 14:43:00,17,1,131.78,0,0.0
17298,2011-08-07 12:21:00,2011-08-30 16:43:00,101,2,498.42,23,23.0
17299,2011-06-19 16:04:00,2011-11-28 12:01:00,12,4,669.11,161,53.666666666666664
17301,2011-11-18 13:43:00,2011-11-18 13:43:00,21,1,197.63,0,0.0
17302,2011-02-07 10:14:00,2011-11-25 09:36:00,15,5,1135.63,290,72.5
17303,2010-12-13 13:32:00,2010-12-13 13:32:00,361,1,250.04,0,0.0
17306,2010-12-21 13:34:00,2011-11-29 12:14:00,11,19,8631.31,342,19.0
17309,2011-09-05 15:20:00,2011-09-05 15:20:00,95,1,82.75,0,0.0
17311,2011-01-27 10:56:00,2011-09-22 14:11:00,78,2,1384.85,238,238.0
17312,2011-07-03 13:12:00,2011-07-24 11:52:00,139,3,644.3,20,10.0
17313,2011-11-08 15:45:00,2011-11-08 15:45:00,31,1,2328.84,0,0.0
17314,2011-01-31 11:25:00,2011-11-15 09:41:00,25,8,2527.92,287,41.0
17315,2010-12-17 12:24:00,2011-12-08 12:15:00,2,38,6292.26,355,9.594594594594595
17317,2011-09-11 12:45:00,2011-10-24 17:19:00,46,3,2600.34,43,21.5
17320,2010-12-06 15:38:00,2011-08-31 13:31:00,100,3,1200.6200000000001,267,133.5
17321,2011-10-03 11:34:00,2011-12-01 13:41:00,8,2,700.86,59,59.0
17323,2011-02-20 14:38:00,2011-11-24 17:29:00,15,7,921.0699999999999,277,46.166666666666664
17324,2010-12-08 12:45:00,2011-11-22 10:34:00,18,4,990.23,348,116.0
17325,2011-03-04 13:09:00,2011-03-04 13:09:00,280,1,96.8,0,0.0
17329,2011-01-28 15:29:00,2011-11-25 14:24:00,14,2,523.11,300,300.0
17330,2011-10-03 11:26:00,2011-11-17 08:56:00,23,2,363.9,44,44.0
17331,2011-08-08 11:55:00,2011-08-08 11:55:00,124,1,175.2,0,0.0
17333,2011-09-15 10:11:00,2011-09-15 10:11:00,86,1,494.25,0,0.0
17334,2011-02-04 09:03:00,2011-02-10 14:59:00,302,2,307.02000000000004,6,6.0
17337,2011-02-02 17:06:00,2011-07-11 14:55:00,151,4,2027.8700000000001,158,52.666666666666664
17338,2010-12-13 12:57:00,2011-11-22 14:23:00,17,8,6643.93,344,49.142857142857146
17339,2010-12-09 14:44:00,2011-09-06 13:29:00,94,2,243.36,270,270.0
17340,2010-12-08 15:56:00,2011-11-10 10:45:00,30,11,12353.29,336,33.6
17341,2010-12-08 12:46:00,2011-07-06 12:33:00,157,3,781.36,209,104.5
17343,2010-12-19 15:07:00,2010-12-19 15:07:00,355,1,193.64,0,0.0
17344,2011-10-24 12:56:00,2011-10-24 12:56:00,46,1,160.57,0,0.0
17345,2011-05-27 12:26:00,2011-11-24 15:03:00,15,4,537.74,181,60.333333333333336
17346,2010-12-01 14:34:00,2011-12-06 12:18:00,4,15,2676.56,369,26.357142857142858
17347,2011-09-14 13:12:00,2011-09-14 13:12:00,86,1,228.96,0,0.0
17348,2011-02-15 10:49:00,2011-11-25 11:25:00,15,5,1159.52,283,70.75
17349,2011-06-13 14:29:00,2011-06-13 14:29:00,179,1,110.75,0,0.0
17350,2011-10-19 16:05:00,2011-12-01 15:47:00,8,4,1286.07,42,14.0
17351,2011-03-11 16:05:00,2011-11-03 18:45:00,36,3,587.15,237,118.5
17353,2011-07-08 16:17:00,2011-08-02 17:19:00,129,2,1740.0,25,25.0
17354,2011-10-20 10:34:00,2011-10-20 10:34:00,51,1,1393.06,0,0.0
17356,2011-02-01 11:07:00,2011-02-01 11:07:00,312,1,178.22,0,0.0
17357,2011-11-15 16:29:00,2011-11-15 16:30:00,24,2,388.14,0,0.0
17358,2010-12-19 14:16:00,2011-02-09 16:57:00,303,2,365.85,52,52.0
17359,2011-11-28 14:37:00,2011-11-28 14:37:00,11,1,127.86,0,0.0
17360,2011-06-08 17:09:00,2011-11-22 13:11:00,17,3,585.79,166,83.0
17361,2011-02-21 09:55:00,2011-10-21 15:43:00,49,3,488.2,242,121.0
17362,2011-02-03 10:26:00,2011-04-14 14:43:00,239,2,312.23,70,70.0
17364,2011-01-12 16:57:00,2011-12-09 09:00:00,1,11,4481.18,330,33.0
17365,2011-01-11 12:11:00,2011-11-27 12:13:00,13,8,4801.56,320,45.714285714285715
17367,2011-04-15 14:21:00,2011-04-15 14:21:00,238,1,168.4,0,0.0
17368,2011-01-06 11:57:00,2011-11-16 15:26:00,23,8,1912.67,314,44.857142857142854
17370,2011-06-23 11:50:00,2011-09-28 10:14:00,73,4,446.18,96,32.0
17371,2010-12-13 15:20:00,2011-11-22 13:30:00,17,3,423.89,343,171.5
17372,2010-12-12 12:00:00,2011-10-30 11:37:00,41,8,1342.68,321,45.857142857142854
17373,2011-01-31 11:46:00,2011-10-30 15:28:00,40,4,646.92,272,90.66666666666667
17374,2011-03-03 12:53:00,2011-05-05 09:05:00,219,2,495.77,62,62.0
17375,2010-12-13 15:16:00,2011-05-24 15:45:00,199,3,400.1,162,81.0
17376,2011-02-01 14:12:00,2011-09-30 12:36:00,71,2,203.2,240,240.0
17377,2010-12-01 12:35:00,2011-11-16 11:17:00,24,20,4100.92,349,18.36842105263158
17379,2011-11-28 13:56:00,2011-11-28 13:56:00,11,1,404.66,0,0.0
17381,2010-12-02 12:58:00,2011-12-01 11:59:00,9,29,20275.61,363,12.964285714285714
17382,2011-10-05 13:05:00,2011-10-05 13:05:00,65,1,65.4,0,0.0
17383,2011-12-05 17:36:00,2011-12-05 17:36:00,4,1,199.29,0,0.0
17384,2011-05-04 16:07:00,2011-11-20 15:48:00,19,2,336.4,199,199.0
17385,2011-11-25 11:02:00,2011-11-25 11:02:00,15,1,261.11,0,0.0
17386,2011-06-27 12:11:00,2011-12-02 11:28:00,8,6,2686.42,157,31.4
17387,2011-11-06 11:25:00,2011-11-20 11:00:00,20,2,784.11,13,13.0
17388,2011-02-25 12:28:00,2011-09-23 10:31:00,78,4,1259.56,209,69.66666666666667
17389,2011-01-12 15:48:00,2011-12-09 09:38:00,1,34,31833.68,330,10.0
17391,2011-06-28 12:21:00,2011-06-29 09:58:00,164,2,508.8,0,0.0
17392,2010-12-16 19:04:00,2011-02-06 12:48:00,307,2,457.91,51,51.0
17394,2011-05-04 13:22:00,2011-05-04 13:22:00,219,1,203.86999999999998,0,0.0
17396,2010-12-03 09:45:00,2011-10-31 14:12:00,39,8,7330.8,332,47.42857142857143
17397,2011-11-17 13:58:00,2011-11-17 14:08:00,22,2,696.41,0,0.0
17398,2011-03-29 13:04:00,2011-08-17 09:48:00,115,3,653.38,140,70.0
17400,2010-12-21 17:16:00,2011-08-05 15:38:00,126,5,2129.96,226,56.5
17402,2010-12-05 13:53:00,2011-12-05 10:15:00,5,13,2633.85,364,30.333333333333332
17403,2011-11-03 15:18:00,2011-11-03 15:18:00,36,1,281.62,0,0.0
17404,2010-12-14 13:28:00,2011-12-05 16:26:00,4,15,31906.82,356,25.428571428571427
17405,2011-07-12 14:17:00,2011-12-08 17:12:00,1,3,1031.41,149,74.5
17406,2010-12-08 10:35:00,2011-01-10 15:07:00,333,3,2200.42,33,16.5
17408,2011-06-29 12:53:00,2011-06-29 12:53:00,163,1,32.65,0,0.0
17409,2011-04-05 16:42:00,2011-06-08 10:36:00,185,2,771.85,63,63.0
17410,2011-05-08 15:21:00,2011-11-23 15:46:00,16,5,1214.72,199,49.75
17411,2011-03-23 13:44:00,2011-11-27 14:25:00,12,3,778.94,249,124.5
17412,2010-12-02 16:29:00,2011-12-07 11:36:00,3,7,1258.06,369,61.5
17414,2011-06-08 11:43:00,2011-10-27 12:13:00,44,2,778.0,141,141.0
17415,2011-09-21 12:50:00,2011-09-21 12:50:00,80,1,507.84,0,0.0
17416,2011-03-03 13:45:00,2011-11-10 12:47:00,30,7,6893.42,251,41.833333333333336
17418,2011-01-20 11:39:00,2011-10-28 13:00:00,42,2,463.46000000000004,281,281.0
17419,2010-12-07 15:03:00,2011-11-28 13:47:00,11,12,4226.57,355,32.27272727272727
17420,2010-12-01 09:56:00,2011-10-20 14:52:00,50,3,598.83,323,161.5
17422,2011-02-16 14:44:00,2011-11-23 13:27:00,16,6,1979.37,279,55.8
17423,2011-05-06 09:14:00,2011-10-24 13:36:00,46,2,698.41,171,171.0
17425,2011-10-10 11:37:00,2011-11-20 15:30:00,19,2,759.1700000000001,41,41.0
17426,2011-03-02 16:34:00,2011-12-01 18:07:00,8,6,5037.26,274,54.8
17427,2011-09-29 11:29:00,2011-09-29 11:29:00,72,1,100.8,0,0.0
17428,2010-12-06 09:37:00,2011-12-09 09:45:00,1,28,17256.85,368,13.62962962962963
17429,2011-05-05 09:53:00,2011-08-03 13:22:00,128,3,524.9200000000001,90,45.0
17430,2010-12-09 13:05:00,2011-11-07 09:24:00,33,2,265.76,332,332.0
17431,2011-01-30 14:36:00,2011-01-30 14:36:00,313,1,403.3,0,0.0
17432,2011-11-02 17:30:00,2011-11-21 17:33:00,18,2,365.76,19,19.0
17433,2011-09-12 14:24:00,2011-09-12 14:24:00,88,1,303.16,0,0.0
17434,2011-09-15 13:54:00,2011-12-07 13:16:00,2,7,2373.82,82,13.666666666666666
17436,2011-04-27 11:33:00,2011-12-08 12:30:00,2,2,216.3,225,225.0
17438,2011-03-31 10:26:00,2011-03-31 10:26:00,254,1,388.45000000000005,0,0.0
17440,2011-04-06 12:05:00,2011-07-06 11:54:00,157,3,186.42000000000002,90,45.0
17442,2011-02-22 13:02:00,2011-11-03 09:17:00,37,6,2248.56,253,50.6
17443,2011-05-04 10:47:00,2011-05-04 10:47:00,220,1,534.24,0,0.0
17444,2011-06-20 09:04:00,2011-07-15 12:05:00,148,3,2940.04,25,12.5
17446,2011-02-02 14:40:00,2011-06-16 10:42:00,177,2,120.89999999999999,133,133.0
17447,2011-09-29 10:10:00,2011-10-30 14:18:00,40,2,541.53,31,31.0
17449,2010-12-15 10:57:00,2011-12-07 16:56:00,2,7,2520.86,357,59.5
17450,2010-12-07 09:23:00,2011-12-01 13:29:00,8,46,194550.79,359,7.977777777777778
17451,2011-08-26 11:54:00,2011-12-08 15:02:00,1,7,1721.4,104,17.333333333333332
17453,2011-10-06 17:02:00,2011-11-22 09:42:00,18,2,486.72,46,46.0
17454,2010-12-15 10:54:00,2011-05-31 13:58:00,192,4,517.53,167,55.666666666666664
17455,2011-05-20 12:31:00,2011-05-20 12:31:00,204,1,131.7,0,0.0
17456,2010-12-09 15:23:00,2010-12-09 15:23:00,365,1,249.86,0,0.0
17457,2011-01-04 14:33:00,2011-08-05 12:48:00,127,5,1737.7,212,53.0
17458,2011-11-24 13:01:00,2011-11-24 13:01:00,15,1,316.5,0,0.0
17459,2011-10-10 17:00:00,2011-10-27 13:25:00,43,2,657.3,16,16.0
17460,2010-12-01 16:24:00,2011-09-06 15:04:00,94,6,622.4300000000001,278,55.6
17461,2011-11-10 12:01:00,2011-11-17 10:21:00,23,3,757.46,6,3.0
17462,2011-02-28 17:01:00,2011-10-10 13:56:00,60,2,675.69,223,223.0
17463,2011-01-30 15:48:00,2011-11-23 13:40:00,16,5,1896.41,296,74.0
17464,2011-07-04 13:19:00,2011-07-04 13:19:00,158,1,289.96000000000004,0,0.0
17466,2011-09-22 09:16:00,2011-11-29 13:15:00,10,2,763.28,68,68.0
17468,2011-11-25 12:52:00,2011-11-29 15:33:00,10,2,137.0,4,4.0
17469,2011-05-19 08:55:00,2011-11-23 13:15:00,16,5,1870.97,188,47.0
17470,2010-12-07 09:57:00,2011-10-26 12:42:00,45,5,1125.07,323,80.75
17472,2011-02-13 14:40:00,2011-06-01 14:57:00,191,3,710.29,108,54.0
17475,2011-09-21 14:55:00,2011-09-21 14:55:00,79,1,194.37,0,0.0
17480,2011-09-23 11:39:00,2011-09-23 11:39:00,78,1,511.82,0,0.0
17481,2011-09-07 09:57:00,2011-12-06 12:28:00,4,4,1255.59,90,30.0
17483,2011-06-09 19:40:00,2011-10-05 13:10:00,65,3,414.04,117,58.5
17486,2011-03-23 14:00:00,2011-03-23 14:00:00,261,1,396.87,0,0.0
17489,2011-05-11 11:34:00,2011-10-12 08:56:00,59,2,376.64,153,153.0
17490,2011-06-16 09:15:00,2011-12-09 09:08:00,1,7,2092.32,175,29.166666666666668
17491,2010-12-07 12:18:00,2011-12-08 16:18:00,1,10,3558.87,366,40.666666666666664
17492,2011-04-05 15:21:00,2011-04-05 15:21:00,248,1,374.57,0,0.0
17495,2011-11-01 12:06:00,2011-12-02 12:08:00,8,2,497.56,31,31.0
17496,2010-12-16 08:39:00,2010-12-16 08:39:00,359,1,271.05,0,0.0
17498,2011-09-25 12:25:00,2011-09-25 12:25:00,76,1,272.21999999999997,0,0.0
17499,2011-02-23 09:14:00,2011-02-23 09:14:00,290,1,622.88,0,0.0
17500,2011-11-10 09:08:00,2011-11-22 14:25:00,17,3,1138.0,12,6.0
17501,2011-05-03 09:46:00,2011-05-03 09:47:00,221,2,288.6,0,0.0
17502,2011-11-10 16:39:00,2011-11-30 13:13:00,9,4,689.1,19,6.333333333333333
17503,2011-11-01 11:12:00,2011-12-07 09:18:00,3,2,558.96,35,35.0
17504,2011-01-21 11:09:00,2011-05-17 12:59:00,206,9,2997.03,116,14.5
17505,2011-05-18 09:01:00,2011-07-01 12:50:00,162,2,1145.8400000000001,44,44.0
17506,2011-09-25 11:39:00,2011-09-25 11:39:00,76,1,302.2,0,0.0
17507,2011-02-03 18:08:00,2011-03-23 11:48:00,262,2,605.58,47,47.0
17508,2011-03-04 08:10:00,2011-03-04 08:10:00,281,1,387.31,0,0.0
17509,2011-10-07 13:14:00,2011-10-13 10:26:00,58,8,6115.14,5,0.7142857142857143
17510,2011-11-15 10:00:00,2011-11-15 10:00:00,25,1,308.48,0,0.0
17511,2010-12-01 10:19:00,2011-12-07 10:12:00,3,31,91062.38,370,12.333333333333334
17512,2011-02-11 12:22:00,2011-11-11 12:11:00,29,10,2924.9900000000002,272,30.22222222222222
17513,2011-09-28 16:42:00,2011-09-28 16:42:00,72,1,513.2,0,0.0
17514,2011-08-03 15:45:00,2011-08-03 15:45:00,128,1,208.65,0,0.0
17515,2011-01-25 14:33:00,2011-11-08 14:04:00,31,4,639.02,286,95.33333333333333
17516,2011-02-27 12:41:00,2011-11-24 16:51:00,15,5,768.08,270,67.5
17517,2011-02-04 11:48:00,2011-02-04 11:48:00,309,1,153.94,0,0.0
17519,2010-12-06 15:18:00,2011-11-22 16:43:00,17,6,1844.02,351,70.2
17520,2011-10-17 12:04:00,2011-10-17 12:04:00,54,1,546.81,0,0.0
17521,2011-05-24 15:14:00,2011-11-10 11:22:00,30,3,723.21,169,84.5
17522,2011-05-05 16:31:00,2011-12-08 12:31:00,2,5,1070.71,216,54.0
17523,2011-11-20 13:40:00,2011-11-28 13:20:00,11,4,652.74,7,2.3333333333333335
17524,2010-12-13 14:32:00,2010-12-13 14:32:00,361,1,145.0,0,0.0
17525,2010-12-15 12:05:00,2010-12-15 12:05:00,360,1,422.7,0,0.0
17526,2010-12-09 12:20:00,2011-12-05 11:05:00,5,4,1195.8999999999999,360,120.0
17527,2011-05-05 13:43:00,2011-10-17 12:32:00,54,4,939.37,164,54.666666666666664
17528,2011-09-29 13:04:00,2011-12-08 13:27:00,1,8,3628.5,70,10.0
17530,2010-12-09 20:01:00,2011-12-08 18:42:00,1,10,2385.0,363,40.333333333333336
17531,2011-06-02 19:17:00,2011-06-02 19:17:00,190,1,296.7,0,0.0
17534,2011-10-17 12:47:00,2011-10-17 12:47:00,54,1,223.36,0,0.0
17535,2011-03-04 15:20:00,2011-03-04 15:20:00,280,1,164.4,0,0.0
17536,2011-06-15 13:23:00,2011-06-15 13:23:00,177,1,76.5,0,0.0
17537,2011-02-09 13:37:00,2011-11-10 10:56:00,30,2,897.62,273,273.0
17538,2011-11-14 12:12:00,2011-11-14 12:12:00,26,1,98.42,0,0.0
17540,2011-01-27 14:35:00,2011-11-15 11:56:00,25,2,578.9,291,291.0
17542,2011-03-15 11:45:00,2011-03-15 11:45:00,270,1,170.75,0,0.0
17545,2011-10-27 13:48:00,2011-10-27 14:04:00,43,3,645.96,0,0.0
17548,2011-04-20 12:01:00,2011-04-20 12:01:00,234,1,103.3,0,0.0
17549,2011-10-19 10:05:00,2011-11-16 09:59:00,24,2,148.86,27,27.0
17550,2011-04-10 15:19:00,2011-05-26 14:09:00,197,3,267.16,45,22.5
17551,2010-12-15 14:12:00,2010-12-15 14:12:00,359,1,306.84,0,0.0
17552,2010-12-02 18:45:00,2011-10-10 17:00:00,60,4,930.41,311,103.66666666666667
17553,2011-08-02 10:00:00,2011-08-02 10:00:00,130,1,1487.6,0,0.0
17554,2011-07-14 20:01:00,2011-12-08 14:15:00,1,5,1952.45,146,36.5
17555,2011-01-09 12:31:00,2011-11-20 12:22:00,20,2,483.26,314,314.0
17556,2011-05-18 10:48:00,2011-05-18 10:48:00,206,1,157.9,0,0.0
17557,2011-09-19 14:23:00,2011-11-25 12:57:00,14,3,541.46,66,33.0
17560,2011-02-02 11:14:00,2011-09-06 09:18:00,95,4,854.95,215,71.66666666666667
17561,2011-11-20 12:53:00,2011-11-20 12:53:00,19,1,167.62,0,0.0
17562,2011-06-19 13:06:00,2011-11-25 14:21:00,14,7,1122.38,159,26.5
17564,2011-09-20 14:00:00,2011-11-15 13:27:00,24,3,454.01,55,27.5
17566,2011-11-14 13:42:00,2011-12-01 19:54:00,8,2,901.21,17,17.0
17567,2010-12-02 15:18:00,2011-12-02 15:48:00,7,8,4331.48,365,52.142857142857146
17569,2011-01-11 14:15:00,2011-01-11 14:15:00,332,1,344.14,0,0.0
17571,2011-02-14 15:15:00,2011-10-20 15:57:00,50,4,1498.51,248,82.66666666666667
17572,2010-12-01 12:51:00,2011-09-29 17:53:00,71,4,226.75000000000003,302,100.66666666666667
17573,2011-09-07 10:36:00,2011-11-10 13:01:00,29,3,380.6,64,32.0
17574,2011-04-11 09:47:00,2011-04-11 09:47:00,243,1,185.65,0,0.0
17576,2010-12-09 16:57:00,2011-12-01 17:56:00,8,19,3622.68,357,19.833333333333332
17578,2011-05-05 18:38:00,2011-05-05 18:38:00,218,1,143.45999999999998,0,0.0
17579,2011-06-13 14:12:00,2011-12-05 12:28:00,5,3,448.90000000000003,174,87.0
17580,2010-12-16 15:27:00,2011-04-01 12:41:00,253,3,215.72,105,52.5
17581,2010-12-02 14:47:00,2011-12-09 12:21:00,1,25,11045.04,371,15.458333333333334
17582,2011-04-17 13:18:00,2011-04-17 13:18:00,236,1,175.27,0,0.0
17584,2011-08-04 14:12:00,2011-12-02 17:12:00,7,2,1242.3,120,120.0
17585,2011-01-05 15:09:00,2011-08-22 13:30:00,109,4,1133.07,228,76.0
17588,2011-04-21 10:31:00,2011-08-31 13:37:00,100,3,1240.2,132,66.0
17589,2011-04-13 13:47:00,2011-10-10 16:58:00,60,4,2404.17,180,60.0
17590,2011-10-30 14:05:00,2011-12-07 12:55:00,2,3,1479.22,37,18.5
17591,2010-12-07 15:39:00,2011-09-27 13:42:00,73,7,2225.9700000000003,293,48.833333333333336
17593,2010-12-22 10:29:00,2011-12-06 10:30:00,4,5,3927.34,349,87.25
17594,2011-03-30 10:32:00,2011-09-15 16:34:00,85,2,993.1800000000001,169,169.0
17595,2011-11-02 16:19:00,2011-11-27 16:08:00,12,2,388.79,24,24.0
17596,2010-12-06 12:34:00,2011-11-16 14:11:00,23,7,2827.93,345,57.5
17597,2011-05-10 11:54:00,2011-05-10 11:54:00,214,1,2044.3700000000001,0,0.0
17600,2011-11-22 09:43:00,2011-11-22 09:43:00,18,1,161.67000000000002,0,0.0
17601,2011-04-14 18:02:00,2011-04-14 18:02:00,239,1,116.00999999999999,0,0.0
17602,2011-01-19 16:18:00,2011-12-07 13:53:00,2,6,5102.97,321,64.2
17603,2011-09-22 14:18:00,2011-09-22 14:18:00,78,1,394.72,0,0.0
17604,2011-01-31 15:09:00,2011-05-06 13:43:00,217,2,309.36,94,94.0
17608,2011-11-06 13:00:00,2011-11-06 13:06:00,33,2,193.42,0,0.0
17609,2011-01-16 16:23:00,2011-10-30 12:28:00,41,5,1112.22,286,71.5
17611,2010-12-13 13:52:00,2011-12-02 13:29:00,7,15,3984.22,353,25.214285714285715
17612,2011-02-15 10:40:00,2011-10-17 14:59:00,53,6,2048.45,244,48.8
17613,2011-02-07 11:20:00,2011-11-17 10:51:00,23,14,4559.150000000001,282,21.692307692307693
17614,2011-10-13 16:01:00,2011-10-13 16:01:00,57,1,390.07,0,0.0
17615,2011-05-01 15:33:00,2011-08-01 14:06:00,130,3,329.6,91,45.5
17616,2010-12-07 10:04:00,2011-06-19 10:11:00,174,3,571.1999999999999,194,97.0
17618,2010-12-12 16:05:00,2011-12-04 11:50:00,6,3,971.58,356,178.0
17619,2011-01-31 14:18:00,2011-01-31 14:18:00,312,1,218.52,0,0.0
17620,2011-10-11 12:08:00,2011-10-11 12:08:00,60,1,81.44,0,0.0
17621,2010-12-20 13:31:00,2011-11-18 17:11:00,21,3,1379.9,333,166.5
17623,2011-11-07 11:32:00,2011-11-07 11:32:00,33,1,527.05,0,0.0
17624,2011-05-05 17:59:00,2011-11-25 10:52:00,15,2,843.48,203,203.0
17625,2011-03-27 12:21:00,2011-11-21 13:36:00,18,4,2047.0,239,79.66666666666667
17628,2011-09-19 15:21:00,2011-09-19 15:21:00,81,1,75.75,0,0.0
17629,2010-12-15 09:58:00,2011-12-04 10:56:00,6,8,1814.1200000000001,354,50.57142857142857
17630,2011-04-21 14:03:00,2011-06-23 11:58:00,170,2,503.6,62,62.0
17631,2011-04-21 13:22:00,2011-12-08 09:47:00,2,3,528.33,230,115.0
17633,2011-08-11 15:43:00,2011-11-08 13:25:00,31,4,1324.84,88,29.333333333333332
17634,2011-01-06 12:45:00,2011-11-03 13:09:00,36,9,2361.9700000000003,301,37.625
17636,2011-11-20 14:40:00,2011-11-20 14:40:00,19,1,285.56,0,0.0
17637,2011-08-16 13:25:00,2011-11-08 12:51:00,31,2,547.0600000000001,83,83.0
17639,2011-03-08 15:22:00,2011-03-08 15:22:00,276,1,108.5,0,0.0
17640,2011-09-14 09:13:00,2011-09-14 09:13:00,87,1,621.66,0,0.0
17642,2011-06-16 12:55:00,2011-08-12 09:11:00,120,2,712.29,56,56.0
17643,2010-12-01 14:38:00,2010-12-01 14:38:00,373,1,101.55,0,0.0
17644,2011-03-24 09:44:00,2011-12-08 13:43:00,1,11,2895.64,259,25.9
17646,2010-12-09 14:28:00,2011-05-04 13:17:00,219,3,1008.39,145,72.5
17647,2011-10-05 15:38:00,2011-10-05 15:38:00,65,1,133.06,0,0.0
17648,2011-04-04 10:29:00,2011-10-10 09:41:00,61,4,1797.5,188,62.666666666666664
17649,2011-07-24 15:53:00,2011-07-24 15:53:00,138,1,868.49,0,0.0
17650,2011-11-18 14:52:00,2011-11-18 14:52:00,21,1,166.07999999999998,0,0.0
17651,2011-06-15 15:57:00,2011-11-28 10:29:00,12,10,3945.0,165,18.333333333333332
17652,2011-03-03 14:05:00,2011-11-14 12:55:00,25,12,4867.72,255,23.181818181818183
17653,2011-08-11 15:24:00,2011-11-03 12:46:00,37,4,1207.56,83,27.666666666666668
17654,2011-03-07 13:17:00,2011-03-07 13:17:00,277,1,117.55,0,0.0
17655,2010-12-08 16:45:00,2011-11-29 11:34:00,11,7,2638.94,355,59.166666666666664
17656,2011-08-03 10:45:00,2011-09-27 13:04:00,73,5,1674.69,55,13.75
17658,2011-05-12 15:23:00,2011-11-14 12:07:00,26,2,595.42,185,185.0
17659,2010-12-02 16:46:00,2011-11-22 13:29:00,17,12,2999.46,354,32.18181818181818
17660,2011-07-21 13:37:00,2011-07-21 13:37:00,141,1,196.0,0,0.0
17663,2011-02-25 14:11:00,2011-11-14 08:56:00,26,7,1802.91,261,43.5
17664,2011-05-11 14:17:00,2011-11-21 11:29:00,19,2,604.64,193,193.0
17666,2011-10-05 11:06:00,2011-12-06 09:06:00,4,2,728.16,61,61.0
17667,2011-02-14 09:24:00,2011-10-04 14:32:00,66,5,2055.51,232,58.0
17668,2011-11-01 14:45:00,2011-12-08 13:25:00,1,2,347.75,36,36.0
17669,2011-04-04 10:11:00,2011-10-28 08:53:00,43,7,3406.7200000000003,206,34.333333333333336
17670,2011-04-26 09:12:00,2011-04-26 09:12:00,228,1,205.7,0,0.0
17671,2010-12-09 14:27:00,2011-11-24 12:21:00,16,4,1572.71,349,116.33333333333333
17672,2011-02-03 13:29:00,2011-10-20 14:18:00,50,2,3178.17,259,259.0
17673,2011-01-23 15:16:00,2011-12-08 12:50:00,2,6,1629.12,318,63.6
17674,2010-12-06 10:20:00,2011-09-26 13:35:00,74,2,551.04,294,294.0
17675,2010-12-07 13:22:00,2011-12-08 18:03:00,1,31,20374.28,366,12.2
17676,2010-12-08 13:49:00,2011-12-05 15:16:00,4,6,1387.68,362,72.4
17677,2010-12-06 08:42:00,2011-12-08 09:56:00,2,30,16363.23,367,12.655172413793103
17678,2011-03-21 11:52:00,2011-03-21 11:52:00,264,1,298.11,0,0.0
17679,2011-09-15 10:35:00,2011-10-18 07:43:00,53,2,1992.1100000000001,32,32.0
17680,2011-11-16 12:42:00,2011-11-16 12:42:00,24,1,184.4,0,0.0
17682,2010-12-06 13:35:00,2011-11-29 15:59:00,10,6,2474.33,358,71.6
17684,2011-10-27 11:10:00,2011-10-27 11:10:00,44,1,239.41,0,0.0
17685,2010-12-02 14:42:00,2011-11-23 11:36:00,17,7,3191.53,355,59.166666666666664
17686,2011-02-10 10:18:00,2011-12-02 15:39:00,7,7,5739.46,295,49.166666666666664
17690,2010-12-01 16:15:00,2011-11-09 15:17:00,30,15,4757.95,342,24.428571428571427
17691,2010-12-06 11:10:00,2010-12-16 17:20:00,358,2,290.40000000000003,10,10.0
17692,2010-12-15 13:37:00,2011-08-04 14:01:00,127,4,740.94,232,77.33333333333333
17693,2011-07-25 15:48:00,2011-07-25 15:48:00,137,1,200.47,0,0.0
17694,2011-07-21 12:00:00,2011-07-21 12:00:00,142,1,283.12,0,0.0
17695,2011-06-21 12:35:00,2011-07-31 10:40:00,132,2,765.34,39,39.0
17696,2010-12-10 09:51:00,2011-11-01 13:43:00,38,8,2285.71,326,46.57142857142857
17697,2011-04-17 15:40:00,2011-04-17 15:40:00,236,1,338.95,0,0.0
17698,2011-03-24 11:34:00,2011-03-24 11:34:00,261,1,154.95,0,0.0
17700,2011-03-03 16:34:00,2011-11-23 11:51:00,17,4,2534.64,264,88.0
17701,2011-04-01 12:25:00,2011-04-01 12:25:00,253,1,417.95,0,0.0
17702,2011-05-17 16:23:00,2011-11-09 16:03:00,30,4,1824.37,175,58.333333333333336
17703,2011-07-24 13:30:00,2011-11-04 15:51:00,35,3,798.74,103,51.5
17704,2011-04-14 09:28:00,2011-06-24 09:40:00,169,2,885.19,71,71.0
17705,2011-02-11 10:57:00,2011-12-06 13:45:00,3,9,1823.52,298,37.25
17706,2010-12-08 11:02:00,2011-12-05 13:34:00,4,17,10504.49,362,22.625
17707,2011-01-07 13:30:00,2011-06-07 15:03:00,185,2,152.4,151,151.0
17708,2011-01-19 10:09:00,2011-06-05 10:12:00,188,2,267.08,137,137.0
17709,2011-06-23 11:55:00,2011-06-23 11:55:00,170,1,137.45,0,0.0
17711,2011-02-23 11:32:00,2011-11-29 11:40:00,11,2,385.1,279,279.0
17712,2011-10-26 12:28:00,2011-10-26 12:28:00,45,1,522.91,0,0.0
17714,2011-01-23 10:32:00,2011-01-23 10:32:00,321,1,153.0,0,0.0
17715,2011-05-23 12:32:00,2011-05-23 12:32:00,201,1,326.4,0,0.0
17716,2011-03-17 10:38:00,2011-11-17 12:00:00,23,11,5655.99,245,24.5
17718,2011-04-21 13:39:00,2011-04-21 13:39:00,232,1,139.35,0,0.0
17719,2011-03-29 11:29:00,2011-11-02 10:36:00,38,15,5396.04,217,15.5
17720,2010-12-07 10:43:00,2011-11-13 15:04:00,26,4,1195.94,341,113.66666666666667
17722,2010-12-08 12:41:00,2011-09-04 15:22:00,96,4,2424.04,270,90.0
17723,2011-05-09 14:44:00,2011-08-04 18:37:00,127,6,3276.4000000000005,87,17.4
17724,2011-07-24 13:26:00,2011-09-29 15:26:00,71,3,1033.0,67,33.5
17725,2011-03-17 19:47:00,2011-11-23 16:34:00,16,11,3439.08,250,25.0
17727,2011-11-24 17:06:00,2011-11-24 17:06:00,15,1,1060.25,0,0.0
17728,2011-09-14 11:39:00,2011-12-06 08:52:00,4,3,2876.01,82,41.0
17730,2011-01-17 14:49:00,2011-12-06 15:43:00,3,13,5298.4800000000005,323,26.916666666666668
17731,2011-06-09 14:18:00,2011-09-21 15:02:00,79,4,1240.11,104,34.666666666666664
17732,2010-12-02 09:29:00,2010-12-02 09:29:00,373,1,303.97,0,0.0
17733,2011-03-23 09:54:00,2011-11-01 08:16:00,39,2,692.19,222,222.0
17734,2011-04-20 10:04:00,2011-10-17 12:33:00,54,3,700.63,180,90.0
17735,2010-12-07 10:32:00,2011-12-07 16:47:00,2,19,13110.02,365,20.27777777777778
17736,2011-08-18 14:33:00,2011-11-30 15:36:00,9,3,377.44,104,52.0
17737,2011-10-12 14:42:00,2011-11-30 15:16:00,9,2,168.24,49,49.0
17738,2011-03-02 16:26:00,2011-11-20 15:05:00,19,4,1879.05,262,87.33333333333333
17739,2010-12-14 14:26:00,2011-11-28 09:12:00,12,7,2791.35,348,58.0
17742,2011-01-11 10:04:00,2011-08-18 15:28:00,113,2,355.11,219,219.0
17744,2010-12-16 14:17:00,2011-12-06 12:11:00,4,6,2322.4,354,70.8
17746,2011-04-13 14:31:00,2011-04-13 14:31:00,240,1,110.25,0,0.0
17747,2011-08-19 08:13:00,2011-08-19 08:13:00,113,1,71.4,0,0.0
17749,2011-03-28 13:39:00,2011-06-14 15:45:00,178,2,674.52,78,78.0
17750,2011-06-28 15:44:00,2011-12-04 14:09:00,5,9,1797.57,158,19.75
17752,2010-12-15 16:19:00,2010-12-15 16:19:00,359,1,80.64,0,0.0
17754,2011-03-24 13:54:00,2011-12-09 11:20:00,1,5,1772.26,259,64.75
17757,2010-12-02 17:17:00,2011-12-08 15:31:00,1,30,5605.29,370,12.758620689655173
17758,2011-04-03 15:22:00,2011-11-20 14:45:00,19,8,3456.7,230,32.857142857142854
17759,2011-06-23 13:35:00,2011-11-22 16:02:00,17,3,834.99,152,76.0
17760,2010-12-01 15:08:00,2011-11-18 10:56:00,22,2,287.59,351,351.0
17761,2011-11-07 10:23:00,2011-11-07 10:23:00,33,1,712.78,0,0.0
17763,2011-03-21 14:25:00,2011-03-21 14:25:00,263,1,15.0,0,0.0
17764,2011-05-12 16:11:00,2011-10-20 11:03:00,51,2,818.82,160,160.0
17765,2011-03-28 11:58:00,2011-07-04 12:41:00,159,3,371.88,98,49.0
17767,2011-11-24 14:42:00,2011-11-24 14:42:00,15,1,271.2,0,0.0
17768,2011-06-26 13:46:00,2011-12-01 13:22:00,8,3,2273.1800000000003,157,78.5
17769,2011-01-23 11:15:00,2011-11-27 11:18:00,13,10,3997.98,308,34.22222222222222
17770,2011-03-02 13:35:00,2011-05-25 12:34:00,199,5,1143.27,83,20.75
17771,2011-01-20 14:13:00,2011-10-14 11:43:00,57,2,245.81,266,266.0
17772,2011-11-29 10:57:00,2011-11-29 11:05:00,11,2,182.77,0,0.0
17774,2011-02-07 13:13:00,2011-09-04 12:49:00,97,4,1225.41,208,69.33333333333333
17775,2011-03-30 10:50:00,2011-03-30 10:50:00,255,1,56.4,0,0.0
17777,2011-08-31 14:35:00,2011-11-15 12:02:00,25,3,665.86,75,37.5
17779,2011-07-19 12:19:00,2011-11-18 14:15:00,21,3,658.57,122,61.0
17781,2011-03-31 19:54:00,2011-07-03 16:00:00,159,2,188.02,93,93.0
17783,2011-04-06 10:07:00,2011-09-28 16:07:00,72,2,283.47,175,175.0
17785,2011-10-17 13:43:00,2011-10-17 13:43:00,53,1,131.94,0,0.0
17786,2011-01-26 14:35:00,2011-09-15 12:51:00,85,2,278.74,231,231.0
17787,2010-12-03 13:43:00,2011-07-10 11:24:00,153,4,1865.19,218,72.66666666666667
17788,2011-08-02 10:38:00,2011-09-27 10:09:00,74,2,1117.9,55,55.0
17789,2011-03-03 13:14:00,2011-03-03 13:14:00,281,1,225.9,0,0.0
17790,2010-12-10 10:47:00,2011-11-13 11:30:00,27,14,1965.55,338,26.0
17791,2011-11-10 12:09:00,2011-11-10 12:09:00,30,1,106.1,0,0.0
17793,2011-11-14 14:24:00,2011-11-14 14:24:00,25,1,323.04,0,0.0
17795,2011-03-20 12:02:00,2011-06-13 12:36:00,180,2,350.39,85,85.0
17796,2010-12-05 12:23:00,2011-10-30 15:38:00,40,4,697.9,329,109.66666666666667
17797,2011-06-10 11:29:00,2011-11-17 13:21:00,22,3,780.43,160,80.0
17799,2010-12-13 13:10:00,2011-11-17 15:16:00,22,10,3055.93,339,37.666666666666664
17800,2011-01-09 13:50:00,2011-11-02 12:57:00,37,9,1199.01,296,37.0
17802,2010-12-02 13:44:00,2011-09-18 14:56:00,82,3,1285.04,290,145.0
17805,2011-09-27 11:49:00,2011-09-27 11:49:00,74,1,512.31,0,0.0
17806,2011-11-28 14:12:00,2011-11-28 14:12:00,11,1,546.04,0,0.0
17809,2010-12-01 09:41:00,2011-11-23 12:59:00,16,12,5411.91,357,32.45454545454545
17811,2011-01-10 10:58:00,2011-12-05 13:46:00,4,39,7837.7300000000005,329,8.657894736842104
17812,2010-12-06 15:27:00,2011-11-27 11:47:00,13,4,732.16,355,118.33333333333333
17813,2011-09-29 15:57:00,2011-11-25 16:13:00,14,5,1770.88,57,14.25
17816,2010-12-09 14:10:00,2011-11-03 11:34:00,37,4,36.56,328,109.33333333333333
17817,2011-03-07 17:30:00,2011-12-05 14:39:00,4,3,387.68,272,136.0
17819,2010-12-03 14:26:00,2011-09-29 10:52:00,72,7,3704.87,299,49.833333333333336
17824,2011-10-19 14:14:00,2011-10-19 14:14:00,51,1,298.4,0,0.0
17827,2010-12-10 10:18:00,2011-12-04 15:00:00,5,5,1995.46,359,89.75
17828,2011-06-08 08:31:00,2011-11-17 08:41:00,23,4,1820.09,162,54.0
17829,2011-02-14 12:46:00,2011-02-14 12:46:00,299,1,889.24,0,0.0
17830,2011-02-24 10:15:00,2011-12-08 12:28:00,2,3,398.7,287,143.5
17831,2011-11-06 15:09:00,2011-11-06 15:09:00,33,1,35.400000000000006,0,0.0
17832,2011-10-21 11:43:00,2011-10-21 11:43:00,50,1,155.37,0,0.0
17835,2011-11-16 16:30:00,2011-12-07 11:48:00,3,3,350.64,20,10.0
17836,2011-10-23 16:13:00,2011-10-23 16:13:00,47,1,110.21000000000001,0,0.0
17837,2011-06-29 16:44:00,2011-10-28 16:13:00,42,8,1593.38,120,17.142857142857142
17838,2010-12-02 15:55:00,2011-11-13 11:20:00,27,5,2779.3,345,86.25
17839,2011-10-28 17:27:00,2011-10-28 17:27:00,42,1,338.8,0,0.0
17841,2010-12-01 14:41:00,2011-12-08 12:07:00,2,124,40991.57,371,3.016260162601626
17843,2011-02-09 15:33:00,2011-02-09 15:33:00,303,1,205.48,0,0.0
17844,2011-08-25 11:27:00,2011-08-25 11:27:00,107,1,51.559999999999995,0,0.0
17846,2011-09-15 15:20:00,2011-09-15 15:20:00,85,1,2033.1,0,0.0
17848,2010-12-16 18:38:00,2011-09-19 16:49:00,81,9,901.2,276,34.5
17849,2011-01-10 11:59:00,2011-05-05 13:46:00,218,4,605.8000000000001,115,38.333333333333336
17850,2010-12-01 08:26:00,2010-12-02 15:27:00,372,34,5391.21,1,0.030303030303030304
17852,2011-11-28 12:31:00,2011-11-28 12:36:00,12,2,114.34,0,0.0
17854,2011-04-26 16:53:00,2011-06-07 16:21:00,185,2,311.26,41,41.0
17855,2010-12-02 09:44:00,2010-12-02 09:44:00,373,1,208.97,0,0.0
17856,2011-03-03 11:40:00,2011-12-08 09:40:00,2,4,1418.03,279,93.0
17857,2010-12-09 11:35:00,2011-12-05 13:13:00,4,23,26879.04,361,16.40909090909091
17858,2010-12-05 13:08:00,2011-12-04 11:56:00,6,12,5155.66,363,33.0
17859,2011-02-08 10:32:00,2011-02-08 10:32:00,305,1,148.21,0,0.0
17860,2010-12-06 12:41:00,2010-12-06 12:41:00,369,1,252.8,0,0.0
17861,2011-01-24 11:34:00,2011-12-06 16:21:00,3,8,2100.8,316,45.142857142857146
17862,2011-01-20 12:23:00,2011-01-20 12:23:00,324,1,330.9,0,0.0
17863,2010-12-05 13:21:00,2011-10-11 13:45:00,59,6,3160.0,310,62.0
17864,2011-03-09 11:44:00,2011-11-27 11:15:00,13,3,597.5,262,131.0
17865,2010-12-10 14:53:00,2011-11-09 12:08:00,31,20,10526.32,333,17.526315789473685
17866,2011-07-20 11:07:00,2011-07-20 11:07:00,143,1,329.65000000000003,0,0.0
17867,2011-02-24 12:25:00,2011-11-09 14:15:00,30,6,1197.1000000000001,258,51.6
17869,2010-12-06 17:16:00,2011-08-24 16:16:00,107,5,428.18,260,65.0
17870,2010-12-08 08:12:00,2011-12-07 15:07:00,2,12,1894.35,364,33.09090909090909
17871,2011-05-19 11:32:00,2011-05-19 11:32:00,205,1,155.9,0,0.0
17873,2010-12-01 14:54:00,2011-09-20 16:41:00,80,5,1859.16,293,73.25
17874,2011-03-29 11:25:00,2011-06-07 12:54:00,185,6,683.46,70,14.0
17877,2011-06-22 13:00:00,2011-06-22 13:00:00,170,1,237.61,0,0.0
17878,2011-10-27 11:24:00,2011-10-27 11:24:00,44,1,379.45,0,0.0
17879,2011-06-19 12:36:00,2011-06-19 12:36:00,174,1,178.52,0,0.0
17880,2010-12-10 10:21:00,2010-12-10 10:21:00,365,1,458.92,0,0.0
17881,2011-02-08 17:16:00,2011-02-08 17:16:00,304,1,133.35,0,0.0
17883,2011-04-07 19:16:00,2011-12-06 17:49:00,3,4,671.77,242,80.66666666666667
17884,2010-12-03 12:11:00,2011-12-06 11:33:00,4,4,717.45,367,122.33333333333333
17885,2011-11-27 14:40:00,2011-11-27 14:40:00,12,1,190.19,0,0.0
17886,2011-04-04 12:34:00,2011-11-08 10:09:00,32,3,899.61,217,108.5
17887,2011-08-02 17:29:00,2011-08-02 17:29:00,129,1,111.35,0,0.0
17888,2010-12-17 13:56:00,2011-11-18 13:45:00,21,8,726.05,335,47.857142857142854
17889,2011-01-21 17:14:00,2011-05-11 16:26:00,212,2,203.87,109,109.0
17890,2010-12-13 15:12:00,2011-01-21 11:19:00,323,2,602.09,38,38.0
17891,2011-06-30 20:08:00,2011-06-30 20:08:00,162,1,203.85999999999999,0,0.0
17892,2011-07-07 12:56:00,2011-10-14 16:49:00,56,3,244.1,99,49.5
17893,2011-04-28 13:50:00,2011-04-28 13:50:00,225,1,112.25,0,0.0
17894,2010-12-08 14:50:00,2011-09-29 09:23:00,72,8,1119.81,294,42.0
17895,2011-10-26 17:00:00,2011-10-26 17:00:00,44,1,98.0,0,0.0
17896,2011-11-16 13:59:00,2011-11-16 13:59:00,23,1,256.32,0,0.0
17897,2010-12-01 12:31:00,2011-06-20 11:23:00,173,3,566.6,200,100.0
17898,2011-05-16 17:13:00,2011-09-15 14:56:00,85,2,152.06,121,121.0
17899,2011-07-03 14:58:00,2011-07-03 14:58:00,159,1,155.8,0,0.0
17900,2011-06-02 14:28:00,2011-06-02 14:38:00,190,2,112.19999999999999,0,0.0
17901,2011-11-10 17:29:00,2011-11-10 17:29:00,29,1,110.38,0,0.0
17904,2011-11-18 12:57:00,2011-11-18 12:57:00,21,1,191.67000000000002,0,0.0
17905,2010-12-01 13:21:00,2011-09-29 17:33:00,71,4,800.24,302,100.66666666666667
17906,2011-04-06 17:25:00,2011-04-06 17:25:00,247,1,72.9,0,0.0
17908,2010-12-01 11:45:00,2010-12-01 11:45:00,374,1,243.28,0,0.0
17911,2011-11-30 14:52:00,2011-11-30 14:52:00,9,1,366.23,0,0.0
17912,2010-12-10 11:11:00,2011-02-02 14:25:00,310,5,311.01,54,13.5
17913,2010-12-19 11:35:00,2011-10-12 10:45:00,59,2,411.6,296,296.0
17914,2011-12-06 11:58:00,2011-12-06 11:58:00,4,1,336.43,0,0.0
17917,2010-12-12 12:08:00,2011-10-25 13:20:00,45,3,341.28,317,158.5
17919,2011-09-12 13:41:00,2011-09-12 13:41:00,88,1,1304.04,0,0.0
17920,2010-12-01 11:49:00,2011-12-05 14:29:00,4,17,4204.1,369,23.0625
17921,2011-03-18 13:19:00,2011-10-06 18:56:00,64,4,826.52,202,67.33333333333333
17923,2011-03-02 15:15:00,2011-03-02 15:15:00,282,1,207.50000000000003,0,0.0
17924,2010-12-01 10:51:00,2011-11-28 09:11:00,12,7,2962.5,361,60.166666666666664
17925,2010-12-02 10:10:00,2010-12-02 10:10:00,373,1,244.08,0,0.0
17926,2011-05-20 09:24:00,2011-07-29 14:39:00,133,2,397.29,70,70.0
17928,2011-04-07 18:03:00,2011-10-25 13:52:00,45,2,212.54,200,200.0
17929,2011-02-04 11:40:00,2011-11-28 16:01:00,11,4,843.0,297,99.0
17930,2011-04-14 15:46:00,2011-11-04 10:23:00,36,5,1740.48,203,50.75
17931,2011-03-29 12:31:00,2011-07-28 18:33:00,134,2,408.36,121,121.0
17932,2011-05-12 13:58:00,2011-11-10 19:49:00,29,3,1331.57,182,91.0
17934,2011-10-12 10:50:00,2011-10-19 11:16:00,52,2,704.25,7,7.0
17935,2011-07-21 11:23:00,2011-07-24 13:18:00,138,2,145.79,3,3.0
17936,2011-12-04 13:32:00,2011-12-04 13:32:00,5,1,389.84,0,0.0
17937,2010-12-12 14:43:00,2011-12-01 11:45:00,9,7,4301.22,353,58.833333333333336
17939,2011-07-03 12:27:00,2011-07-03 12:27:00,160,1,99.14,0,0.0
17940,2011-02-10 09:29:00,2011-10-21 13:27:00,49,10,4106.4400000000005,253,28.11111111111111
17941,2011-08-01 08:30:00,2011-08-01 08:30:00,131,1,304.56,0,0.0
17942,2011-12-02 10:45:00,2011-12-02 10:45:00,8,1,77.50000000000001,0,0.0
17946,2011-03-25 14:34:00,2011-04-20 17:00:00,233,2,149.57999999999998,26,26.0
17947,2011-11-02 13:05:00,2011-11-02 13:05:00,37,1,176.68,0,0.0
17948,2011-07-15 12:58:00,2011-07-15 12:58:00,147,1,358.56000000000006,0,0.0
17949,2010-12-03 13:12:00,2011-12-08 18:46:00,1,45,58510.48,370,8.409090909090908
17950,2010-12-09 15:16:00,2011-09-28 15:18:00,72,3,482.2,293,146.5
17951,2010-12-01 12:40:00,2011-10-31 12:30:00,40,3,1008.5400000000001,333,166.5
17954,2010-12-03 14:18:00,2011-12-04 14:15:00,5,12,2332.72,365,33.18181818181818
17955,2011-05-04 12:29:00,2011-05-25 12:00:00,199,4,557.3,20,6.666666666666667
17956,2011-04-04 13:47:00,2011-04-04 13:47:00,249,1,12.75,0,0.0
17957,2011-10-04 14:58:00,2011-10-04 14:58:00,66,1,111.68,0,0.0
17958,2011-08-15 12:19:00,2011-08-15 12:19:00,117,1,508.46000000000004,0,0.0
17960,2011-06-21 14:15:00,2011-06-21 14:15:00,171,1,73.78,0,0.0
17961,2010-12-02 19:18:00,2011-11-18 16:55:00,21,39,1296.44,350,9.210526315789474
17962,2011-07-20 14:16:00,2011-07-20 14:16:00,142,1,102.83,0,0.0
17964,2010-12-02 13:32:00,2011-11-08 10:44:00,32,2,471.7,340,340.0
17965,2010-12-05 15:54:00,2011-11-02 09:31:00,38,14,2622.57,331,25.46153846153846
17966,2011-03-23 17:25:00,2011-11-02 10:26:00,38,5,1098.43,223,55.75
17967,2010-12-03 11:19:00,2010-12-03 11:19:00,372,1,123.07,0,0.0
17968,2010-12-01 12:23:00,2010-12-01 12:23:00,374,1,277.35,0,0.0
17969,2010-12-13 15:34:00,2011-06-26 13:00:00,166,2,228.2,194,194.0
17970,2011-05-12 20:03:00,2011-05-12 20:03:00,211,1,582.59,0,0.0
17972,2011-04-12 12:16:00,2011-04-12 12:16:00,242,1,136.04,0,0.0
17973,2011-10-19 10:34:00,2011-10-19 10:34:00,52,1,337.04,0,0.0
17974,2011-05-04 11:50:00,2011-11-15 11:37:00,25,3,740.79,194,97.0
17975,2010-12-08 11:38:00,2011-11-24 13:27:00,15,13,4488.81,351,29.25
17976,2010-12-02 13:49:00,2010-12-02 13:49:00,372,1,353.19,0,0.0
17977,2011-11-10 13:28:00,2011-11-10 13:28:00,29,1,288.14,0,0.0
17978,2010-12-09 14:05:00,2010-12-09 14:05:00,365,1,300.91999999999996,0,0.0
17979,2011-03-25 11:34:00,2011-11-04 12:05:00,36,4,757.71,224,74.66666666666667
17980,2010-12-15 15:50:00,2011-06-27 12:01:00,166,3,811.45,193,96.5
17984,2011-07-17 15:59:00,2011-07-17 15:59:00,145,1,152.68,0,0.0
17985,2011-11-17 14:24:00,2011-11-17 14:24:00,22,1,634.95,0,0.0
17986,2011-10-14 14:22:00,2011-10-14 14:22:00,56,1,20.8,0,0.0
17987,2011-06-07 14:22:00,2011-06-07 14:22:00,185,1,198.57,0,0.0
17988,2011-01-17 11:59:00,2011-11-28 11:00:00,12,7,201.12,314,52.333333333333336
17990,2010-12-13 12:10:00,2011-04-17 11:44:00,237,3,630.84,124,62.0
17991,2011-04-27 16:39:00,2011-04-28 15:58:00,225,2,93.35,0,0.0
17994,2011-02-22 11:02:00,2011-08-10 11:41:00,122,4,678.49,169,56.333333333333336
17995,2011-03-03 12:30:00,2011-03-03 12:30:00,282,1,76.1,0,0.0
17997,2011-06-28 17:28:00,2011-09-26 16:13:00,74,8,1970.67,89,12.714285714285714
17999,2010-12-08 15:17:00,2011-11-02 15:56:00,37,2,382.06,329,329.0
18001,2011-09-14 11:21:00,2011-11-27 16:02:00,12,2,417.23,74,74.0
18004,2010-12-12 13:47:00,2010-12-12 13:47:00,362,1,169.47,0,0.0
18005,2011-10-23 14:40:00,2011-12-06 11:51:00,4,2,249.72,43,43.0
18006,2011-11-16 16:52:00,2011-11-16 16:52:00,23,1,444.68,0,0.0
18008,2011-01-25 12:26:00,2011-09-30 15:17:00,70,9,2116.19,248,31.0
18009,2011-04-18 13:36:00,2011-04-18 13:36:00,235,1,257.34,0,0.0
18010,2011-03-28 12:27:00,2011-03-28 12:27:00,257,1,174.8,0,0.0
18011,2010-12-01 17:35:00,2010-12-01 17:35:00,373,1,102.78999999999999,0,0.0
18013,2011-07-07 14:08:00,2011-07-07 14:11:00,155,2,187.29,0,0.0
18014,2011-11-11 15:28:00,2011-11-11 15:28:00,28,1,166.42,0,0.0
18015,2011-12-05 14:49:00,2011-12-05 14:49:00,4,1,120.03,0,0.0
18016,2010-12-10 17:14:00,2011-11-07 13:25:00,32,5,1483.56,331,82.75
18017,2011-02-02 13:57:00,2011-09-19 16:15:00,81,3,523.0,229,114.5
18018,2011-05-24 13:22:00,2011-08-23 17:37:00,108,2,122.14,91,91.0
18019,2011-10-19 12:10:00,2011-10-19 12:10:00,52,1,38.45,0,0.0
18022,2011-11-04 12:45:00,2011-11-04 12:45:00,36,1,668.11,0,0.0
18024,2011-07-10 12:28:00,2011-07-10 12:40:00,153,2,389.78,0,0.0
18027,2011-09-02 10:38:00,2011-09-02 10:38:00,99,1,115.31,0,0.0
18030,2011-10-28 13:55:00,2011-12-05 16:37:00,4,2,230.64999999999998,38,38.0
18032,2011-01-09 15:32:00,2011-01-09 15:32:00,334,1,73.5,0,0.0
18033,2011-10-05 17:28:00,2011-10-05 17:28:00,65,1,97.97,0,0.0
18034,2011-11-18 12:08:00,2011-11-18 12:22:00,22,2,422.88,0,0.0
18035,2011-10-27 17:48:00,2011-11-04 12:39:00,36,3,730.4,7,3.5
18036,2011-04-08 11:26:00,2011-11-07 14:40:00,32,3,405.62,213,106.5
18037,2010-12-12 16:20:00,2011-07-08 13:39:00,154,6,70.02,207,41.4
18040,2011-04-08 08:27:00,2011-11-20 14:20:00,19,2,357.20000000000005,226,226.0
18041,2010-12-02 11:21:00,2011-11-28 11:39:00,12,21,4183.39,361,18.05
18042,2011-10-17 11:49:00,2011-10-17 11:49:00,54,1,165.04999999999998,0,0.0
18043,2010-12-08 12:35:00,2011-11-15 12:48:00,25,3,559.51,342,171.0
18044,2010-12-14 12:25:00,2011-12-05 14:26:00,4,10,2088.6,356,39.55555555555556
18045,2011-10-25 13:07:00,2011-10-25 13:07:00,45,1,189.4,0,0.0
18048,2011-05-20 14:54:00,2011-05-20 14:58:00,203,2,172.29000000000002,0,0.0
18050,2010-12-15 14:25:00,2010-12-15 14:25:00,359,1,74.4,0,0.0
18053,2011-09-30 09:05:00,2011-09-30 09:05:00,71,1,300.02,0,0.0
18055,2010-12-05 10:52:00,2011-12-02 14:25:00,7,10,6784.1900000000005,362,40.22222222222222
18056,2011-02-24 14:27:00,2011-02-24 14:27:00,288,1,363.65,0,0.0
18058,2011-11-30 08:38:00,2011-11-30 08:38:00,10,1,170.16,0,0.0
18059,2011-10-03 09:30:00,2011-11-16 16:49:00,23,3,306.46,44,22.0
18061,2010-12-08 13:03:00,2011-11-18 11:20:00,22,10,2119.41,344,38.22222222222222
18062,2011-01-06 10:03:00,2011-06-19 14:47:00,173,3,720.52,164,82.0
18064,2011-04-18 15:08:00,2011-07-29 16:39:00,133,2,814.0,102,102.0
18065,2010-12-10 12:44:00,2011-12-04 10:30:00,6,14,2392.83,358,27.53846153846154
18066,2011-09-25 15:30:00,2011-09-25 15:30:00,75,1,318.0,0,0.0
18067,2011-10-30 15:58:00,2011-10-30 15:58:00,40,1,396.33,0,0.0
18068,2011-02-23 14:50:00,2011-02-23 14:50:00,289,1,101.7,0,0.0
18069,2011-01-16 15:50:00,2011-11-13 16:03:00,26,5,2036.67,301,75.25
18071,2010-12-09 10:33:00,2011-03-27 11:59:00,258,2,453.0,108,108.0
18072,2011-06-07 10:44:00,2011-06-07 10:44:00,186,1,247.44,0,0.0
18073,2011-05-26 19:38:00,2011-08-17 14:02:00,114,12,3877.5200000000004,82,7.454545454545454
18074,2010-12-01 09:53:00,2010-12-01 09:53:00,374,1,489.6,0,0.0
18075,2010-12-14 10:48:00,2011-11-16 15:21:00,23,10,2611.75,337,37.44444444444444
18077,2010-12-08 10:21:00,2011-12-01 13:32:00,8,11,2633.01,358,35.8
18078,2011-03-25 15:08:00,2011-05-06 14:32:00,217,2,336.13,41,41.0
18079,2011-04-15 12:14:00,2011-10-25 15:27:00,45,4,3651.97,193,64.33333333333333
18080,2011-04-11 10:10:00,2011-11-21 08:02:00,19,2,1231.5,223,223.0
18081,2011-07-29 11:56:00,2011-11-03 16:30:00,36,3,343.45,97,48.5
18082,2011-11-14 12:45:00,2011-11-14 12:45:00,26,1,703.37,0,0.0
18084,2011-11-23 13:57:00,2011-11-23 13:57:00,16,1,90.48,0,0.0
18085,2010-12-01 12:08:00,2011-01-13 15:17:00,330,2,689.95,43,43.0
18086,2011-03-10 13:34:00,2011-03-10 13:34:00,274,1,101.34,0,0.0
18087,2011-02-22 10:43:00,2011-09-02 15:12:00,98,2,4055.7200000000003,192,192.0
18088,2011-10-09 13:41:00,2011-10-09 13:41:00,61,1,167.67000000000002,0,0.0
18092,2010-12-09 10:00:00,2011-12-07 13:14:00,2,11,9068.26,363,36.3
18093,2011-02-10 12:15:00,2011-09-07 15:43:00,93,4,2106.52,209,69.66666666666667
18094,2011-02-21 08:50:00,2011-09-19 09:28:00,82,7,3017.3,210,35.0
18095,2011-01-11 12:37:00,2011-01-31 12:50:00,313,2,580.05,20,20.0
18096,2011-10-07 11:55:00,2011-11-28 12:44:00,12,3,911.15,52,26.0
18097,2010-12-20 14:49:00,2011-12-02 11:16:00,8,6,2697.8,346,69.2
18099,2011-08-04 15:52:00,2011-08-04 15:52:00,127,1,168.31,0,0.0
18101,2011-07-19 13:05:00,2011-11-28 13:37:00,11,2,223.65,132,132.0
18102,2010-12-07 16:42:00,2011-12-09 11:50:00,1,60,259657.3,366,6.203389830508475
18104,2011-11-02 14:07:00,2011-11-02 14:07:00,37,1,754.64,0,0.0
18105,2011-11-02 12:04:00,2011-11-02 12:04:00,38,1,113.48000000000002,0,0.0
18106,2011-01-14 12:23:00,2011-01-14 12:23:00,330,1,430.7,0,0.0
18108,2011-03-30 13:56:00,2011-03-30 13:56:00,254,1,271.0,0,0.0
18109,2010-12-05 10:58:00,2011-12-08 11:36:00,2,26,8052.97,368,14.72
18110,2011-11-20 12:34:00,2011-11-20 12:34:00,20,1,236.3,0,0.0
18112,2011-06-26 13:56:00,2011-11-27 14:43:00,12,2,352.69,154,154.0
18113,2010-12-06 12:31:00,2010-12-06 12:31:00,369,1,76.32000000000001,0,0.0
18114,2011-02-22 13:20:00,2011-02-22 13:20:00,290,1,220.1,0,0.0
18116,2010-12-10 12:14:00,2011-10-03 11:00:00,68,8,1418.03,296,42.285714285714285
18117,2011-11-14 12:47:00,2011-11-14 12:47:00,26,1,320.71999999999997,0,0.0
18118,2010-12-05 12:13:00,2011-11-29 11:32:00,11,26,5653.82,358,14.32
18119,2010-12-07 11:59:00,2010-12-07 11:59:00,368,1,181.12,0,0.0
18120,2011-05-09 13:45:00,2011-05-09 13:45:00,214,1,111.15,0,0.0
18121,2011-07-08 12:14:00,2011-07-13 12:53:00,149,2,673.1,5,5.0
18122,2011-07-12 11:37:00,2011-12-01 13:08:00,8,6,1826.21,142,28.4
18123,2011-11-08 13:31:00,2011-11-15 14:23:00,24,2,589.4399999999999,7,7.0
18125,2011-01-27 15:02:00,2011-11-10 12:29:00,30,4,1142.99,286,95.33333333333333
18126,2011-10-10 12:19:00,2011-10-10 12:19:00,61,1,206.83,0,0.0
18127,2011-07-29 10:06:00,2011-11-20 14:05:00,19,3,348.73,114,57.0
18129,2011-04-10 14:16:00,2011-04-10 14:16:00,243,1,112.55000000000001,0,0.0
18130,2011-10-13 15:58:00,2011-11-24 14:40:00,15,3,1059.39,41,20.5
18133,2011-05-11 14:14:00,2011-05-11 14:14:00,212,1,931.5,0,0.0
18135,2011-06-02 14:04:00,2011-11-10 19:32:00,29,5,681.91,161,40.25
18136,2011-01-24 12:08:00,2011-10-07 15:40:00,63,3,784.33,256,128.0
18138,2011-02-17 14:51:00,2011-02-17 14:51:00,295,1,152.65,0,0.0
18139,2011-11-21 14:06:00,2011-11-22 10:44:00,18,6,8438.34,0,0.0
18142,2011-05-08 12:31:00,2011-07-05 13:19:00,157,2,1019.52,58,58.0
18143,2011-07-21 10:44:00,2011-08-15 12:07:00,117,2,1000.16,25,25.0
18144,2010-12-01 13:45:00,2011-12-02 12:46:00,8,12,2888.75,365,33.18181818181818
18145,2011-01-31 12:10:00,2011-11-27 11:22:00,13,4,2861.55,299,99.66666666666667
18146,2011-05-03 16:35:00,2011-07-22 12:08:00,141,2,160.35,79,79.0
18147,2011-08-23 12:22:00,2011-10-25 11:46:00,46,2,179.34,62,62.0
18149,2011-03-11 12:44:00,2011-10-20 12:04:00,51,3,612.0799999999999,222,111.0
18150,2011-05-22 10:47:00,2011-11-07 16:49:00,32,3,566.58,169,84.5
18151,2011-02-23 08:29:00,2011-07-28 11:35:00,135,2,653.35,155,155.0
18154,2011-10-27 10:40:00,2011-12-06 16:41:00,3,2,399.19,40,40.0
18155,2011-02-21 10:36:00,2011-09-25 13:32:00,75,3,371.62,216,108.0
18156,2010-12-05 12:29:00,2011-11-27 12:24:00,13,2,734.94,356,356.0
18158,2011-09-12 09:03:00,2011-11-30 16:19:00,9,2,453.4,79,79.0
18159,2011-02-11 14:26:00,2011-02-11 14:26:00,301,1,530.15,0,0.0
18160,2011-05-23 13:41:00,2011-10-13 15:50:00,57,2,638.0600000000001,143,143.0
18161,2011-01-24 11:56:00,2011-11-24 16:40:00,15,5,1618.69,304,76.0
18164,2011-11-02 12:56:00,2011-11-02 12:56:00,37,1,399.65,0,0.0
18165,2011-06-15 13:23:00,2011-06-15 13:23:00,177,1,302.46,0,0.0
18167,2011-08-26 11:40:00,2011-11-16 15:56:00,23,3,1384.8600000000001,82,41.0
18168,2010-12-02 18:08:00,2011-06-16 19:21:00,176,6,1169.94,196,39.2
18169,2011-10-10 12:18:00,2011-10-10 12:18:00,61,1,202.65,0,0.0
18170,2011-05-06 15:13:00,2011-11-06 14:35:00,33,3,980.3100000000001,183,91.5
18171,2011-01-10 09:55:00,2011-10-12 09:13:00,59,5,1231.31,274,68.5
18172,2011-02-23 10:44:00,2011-11-25 11:12:00,15,20,7561.68,275,14.473684210526315
18173,2011-03-10 11:56:00,2011-09-14 11:26:00,87,4,2106.84,187,62.333333333333336
18174,2011-12-02 16:56:00,2011-12-02 16:56:00,7,1,104.0,0,0.0
18176,2010-12-16 15:45:00,2010-12-16 15:45:00,358,1,476.35,0,0.0
18177,2011-03-29 08:46:00,2011-11-08 14:44:00,31,6,1341.42,224,44.8
18178,2010-12-10 12:42:00,2011-08-03 09:30:00,129,4,1590.81,235,78.33333333333333
18179,2011-01-07 14:22:00,2011-11-30 16:23:00,9,6,1793.17,327,65.4
18180,2011-07-20 08:59:00,2011-12-05 08:39:00,5,6,1843.75,137,27.4
18181,2011-11-15 15:08:00,2011-11-15 15:08:00,24,1,382.8,0,0.0
18183,2011-03-10 10:08:00,2011-04-26 15:26:00,227,2,632.07,47,47.0
18184,2011-11-24 15:28:00,2011-11-24 15:28:00,15,1,49.8,0,0.0
18185,2011-04-04 13:42:00,2011-04-04 13:42:00,249,1,304.25,0,0.0
18188,2011-02-22 14:43:00,2011-11-24 16:46:00,15,3,2001.04,275,137.5
18189,2011-03-17 09:49:00,2011-09-23 12:40:00,78,2,1090.24,190,190.0
18190,2011-01-13 10:35:00,2011-05-31 14:48:00,192,2,284.46000000000004,138,138.0
18191,2011-03-23 12:08:00,2011-03-23 12:08:00,262,1,207.8,0,0.0
18192,2011-09-29 09:53:00,2011-09-29 09:53:00,72,1,957.97,0,0.0
18193,2011-06-27 13:58:00,2011-06-27 13:58:00,165,1,243.76,0,0.0
18194,2011-09-18 13:29:00,2011-09-18 13:29:00,82,1,973.84,0,0.0
18196,2011-02-22 16:13:00,2011-09-05 16:22:00,95,2,689.13,195,195.0
18198,2011-01-07 13:39:00,2011-12-05 14:49:00,4,17,5425.56,332,20.75
18200,2011-08-25 18:45:00,2011-08-25 18:45:00,106,1,163.8,0,0.0
18202,2011-02-01 13:36:00,2011-05-24 12:12:00,200,3,1396.99,111,55.5
18203,2011-07-05 13:07:00,2011-07-05 13:07:00,157,1,160.42000000000002,0,0.0
18204,2011-05-31 15:26:00,2011-09-29 16:44:00,71,3,1993.7,121,60.5
18205,2011-09-26 12:02:00,2011-11-03 13:22:00,36,2,517.36,38,38.0
18209,2011-11-11 12:07:00,2011-11-11 12:07:00,29,1,139.10000000000002,0,0.0
18210,2011-03-17 16:58:00,2011-12-08 11:02:00,2,6,2621.38,265,53.0
18211,2011-03-06 12:09:00,2011-11-14 08:10:00,26,5,600.07,252,63.0
18212,2011-01-17 16:14:00,2011-01-17 16:14:00,326,1,248.42,0,0.0
18213,2011-04-17 10:21:00,2011-04-17 10:21:00,237,1,232.48000000000002,0,0.0
18215,2011-09-11 16:05:00,2011-09-11 16:05:00,89,1,299.34000000000003,0,0.0
18216,2011-11-08 16:55:00,2011-11-08 16:55:00,31,1,481.75,0,0.0
18217,2011-09-30 10:44:00,2011-11-10 13:18:00,29,2,621.75,41,41.0
18218,2011-03-03 12:24:00,2011-05-12 12:53:00,211,2,662.08,70,70.0
18219,2010-12-06 10:05:00,2011-12-07 11:43:00,3,10,2069.77,366,40.666666666666664
18220,2011-04-27 09:03:00,2011-04-27 09:03:00,227,1,305.28,0,0.0
18221,2011-05-12 14:13:00,2011-11-17 14:40:00,22,5,1041.61,189,47.25
18222,2011-09-08 10:45:00,2011-09-08 10:45:00,93,1,443.0,0,0.0
18223,2010-12-16 16:42:00,2011-12-05 09:11:00,5,14,6484.54,353,27.153846153846153
18224,2011-03-21 10:30:00,2011-03-21 10:30:00,264,1,158.95000000000002,0,0.0
18225,2010-12-09 15:46:00,2011-12-06 13:27:00,3,12,5509.12,361,32.81818181818182
18226,2011-01-06 09:00:00,2011-10-26 13:36:00,44,11,5228.05,293,29.3
18227,2011-05-06 12:23:00,2011-05-06 12:23:00,218,1,93.75,0,0.0
18228,2011-09-21 10:48:00,2011-10-14 09:21:00,57,2,779.9,22,22.0
18229,2010-12-01 16:25:00,2011-11-28 09:48:00,12,20,7276.9,361,19.0
18230,2011-02-10 13:06:00,2011-11-30 13:22:00,9,7,2810.2000000000003,293,48.833333333333336
18231,2011-02-24 09:08:00,2011-05-31 14:18:00,192,5,2083.27,96,24.0
18232,2011-05-26 16:30:00,2011-09-19 11:49:00,82,4,592.97,115,38.333333333333336
18233,2011-01-18 08:44:00,2011-01-18 08:44:00,326,1,440.0,0,0.0
18235,2011-05-06 13:35:00,2011-09-29 08:27:00,72,3,1796.48,145,72.5
18236,2011-04-13 09:52:00,2011-11-10 08:06:00,30,6,882.24,210,42.0
18237,2011-07-28 13:05:00,2011-12-07 12:49:00,3,5,987.1,131,32.75
18239,2010-12-02 17:48:00,2011-05-05 12:38:00,219,5,1561.6100000000001,153,38.25
18240,2011-10-24 13:06:00,2011-10-24 13:06:00,46,1,422.58,0,0.0
18241,2011-05-06 09:22:00,2011-11-30 12:10:00,10,17,2073.09,208,13.0
18242,2011-05-10 11:20:00,2011-09-28 13:43:00,72,4,2232.4900000000002,141,47.0
18245,2010-12-19 14:58:00,2011-12-02 14:48:00,7,7,2567.06,347,57.833333333333336
18246,2011-04-20 13:55:00,2011-11-16 11:49:00,24,2,596.1,209,209.0
18248,2011-06-06 13:18:00,2011-08-09 10:19:00,123,2,804.02,63,63.0
18249,2011-11-22 15:07:00,2011-11-22 15:07:00,17,1,95.34,0,0.0
18250,2011-02-02 13:16:00,2011-02-02 13:16:00,310,1,349.27,0,0.0
18251,2011-09-13 15:03:00,2011-09-13 15:03:00,87,1,4314.72,0,0.0
18252,2011-06-21 11:47:00,2011-10-20 12:43:00,51,2,526.67,121,121.0
18255,2011-09-11 13:16:00,2011-09-11 13:16:00,89,1,103.30000000000001,0,0.0
18257,2011-02-16 15:13:00,2011-10-31 14:48:00,39,8,2337.63,256,36.57142857142857
18259,2010-12-08 13:38:00,2011-11-15 12:34:00,25,3,2338.6,341,170.5
18260,2010-12-16 18:23:00,2011-06-20 12:37:00,173,6,2643.2000000000003,185,37.0
18261,2011-09-05 09:34:00,2011-10-27 15:36:00,43,2,324.24,52,52.0
18262,2011-07-22 16:04:00,2011-07-22 16:04:00,140,1,149.48,0,0.0
18263,2011-04-01 11:48:00,2011-11-14 09:00:00,26,3,1213.16,226,113.0
18265,2011-07-04 15:26:00,2011-09-28 14:10:00,72,2,801.51,85,85.0
18268,2011-07-28 19:13:00,2011-07-28 19:13:00,134,1,25.5,0,0.0
18269,2010-12-08 13:53:00,2010-12-08 13:53:00,366,1,168.60000000000002,0,0.0
18270,2011-03-18 12:41:00,2011-11-01 13:57:00,38,2,283.15000000000003,228,228.0
18272,2011-04-07 09:35:00,2011-12-07 12:43:00,3,6,3078.58,244,48.8
18273,2011-03-27 11:22:00,2011-12-07 13:16:00,2,3,204.0,255,127.5
18274,2011-11-09 17:03:00,2011-11-09 17:03:00,30,1,175.92,0,0.0
18276,2011-10-27 10:54:00,2011-10-27 10:54:00,44,1,335.86,0,0.0
18277,2011-10-12 15:22:00,2011-10-12 15:22:00,58,1,110.38,0,0.0
18278,2011-09-27 11:58:00,2011-09-27 11:58:00,74,1,173.9,0,0.0
18280,2011-03-07 09:52:00,2011-03-07 09:52:00,278,1,180.60000000000002,0,0.0
18281,2011-06-12 10:53:00,2011-06-12 10:53:00,181,1,80.82,0,0.0
18282,2011-08-05 13:35:00,2011-12-02 11:43:00,8,2,178.05,118,118.0
18283,2011-01-06 14:14:00,2011-12-06 12:02:00,4,16,2094.88,333,22.2
18287,2011-05-22 10:39:00,2011-10-28 09:29:00,43,3,1837.28,158,79.0
