CustomerID,first_purchase_date,last_purchase_date,Recency,Frequency,Monetary,customer_tenure,avg_purchase_interval
12346,2011-01-18 10:01:00,2011-01-18 10:01:00,225,1,77183.6,0,0.0
12347,2010-12-07 14:57:00,2011-08-02 08:48:00,29,5,2790.86,237,59.25
12348,2010-12-16 19:09:00,2011-04-05 10:47:00,148,3,1487.24,109,54.5
12350,2011-02-02 16:01:00,2011-02-02 16:01:00,210,1,334.40000000000003,0,0.0
12352,2011-02-16 12:33:00,2011-03-22 16:08:00,162,5,1561.81,34,8.5
12353,2011-05-19 17:47:00,2011-05-19 17:47:00,104,1,89.0,0,0.0
12354,2011-04-21 13:11:00,2011-04-21 13:11:00,132,1,1079.4,0,0.0
12355,2011-05-09 13:49:00,2011-05-09 13:49:00,114,1,459.40000000000003,0,0.0
12356,2011-01-18 09:50:00,2011-04-08 12:33:00,145,2,2753.08,80,80.0
12358,2011-07-12 10:04:00,2011-07-12 10:04:00,50,1,484.86,0,0.0
12359,2011-01-12 12:43:00,2011-06-03 12:26:00,89,3,3495.73,141,70.5
12360,2011-05-23 09:43:00,2011-08-19 10:10:00,12,2,1618.28,88,88.0
12361,2011-02-25 13:51:00,2011-02-25 13:51:00,187,1,189.9,0,0.0
12362,2011-02-17 10:30:00,2011-08-11 15:02:00,20,4,1747.3500000000001,175,58.333333333333336
12363,2011-04-11 13:29:00,2011-08-22 10:18:00,9,2,552.0,132,132.0
12364,2011-08-19 15:24:00,2011-08-19 15:24:00,12,1,623.92,0,0.0
12365,2011-02-21 13:51:00,2011-02-21 14:04:00,191,2,641.38,0,0.0
12370,2010-12-14 12:58:00,2011-03-10 12:48:00,174,3,2806.41,85,42.5
12372,2011-02-16 12:46:00,2011-05-11 10:43:00,112,2,914.9200000000001,83,83.0
12373,2011-02-01 13:10:00,2011-02-01 13:10:00,211,1,364.6,0,0.0
12377,2010-12-20 09:37:00,2011-01-28 15:45:00,215,2,1628.1200000000001,39,39.0
12378,2011-08-02 10:34:00,2011-08-02 10:34:00,29,1,4008.62,0,0.0
12379,2011-06-22 16:32:00,2011-06-22 16:32:00,70,1,459.84,0,0.0
12380,2011-06-07 09:49:00,2011-06-07 09:49:00,85,1,607.5500000000001,0,0.0
12381,2011-08-12 09:57:00,2011-08-12 09:57:00,19,1,1268.74,0,0.0
12383,2010-12-22 14:28:00,2011-06-08 08:02:00,84,5,1850.56,167,41.75
12384,2011-08-10 11:23:00,2011-08-10 11:23:00,21,1,292.69,0,0.0
12386,2010-12-08 09:53:00,2011-01-06 12:37:00,237,2,401.9,29,29.0
12388,2011-01-17 11:12:00,2011-07-14 13:28:00,48,4,1668.3400000000001,178,59.333333333333336
12393,2011-01-11 09:47:00,2011-04-08 09:45:00,145,3,1061.1000000000001,86,43.0
12394,2011-05-06 14:01:00,2011-05-06 14:01:00,117,1,381.08,0,0.0
12395,2010-12-03 16:35:00,2011-08-19 15:18:00,12,8,1899.57,258,36.857142857142854
12397,2011-07-27 14:21:00,2011-07-27 14:21:00,35,1,1214.81,0,0.0
12399,2011-03-23 09:42:00,2011-08-12 13:15:00,19,4,1108.65,142,47.333333333333336
12401,2011-02-09 13:50:00,2011-02-09 13:50:00,203,1,84.3,0,0.0
12402,2011-01-20 13:49:00,2011-01-20 13:49:00,223,1,225.60000000000002,0,0.0
12405,2011-07-14 08:52:00,2011-07-14 08:52:00,48,1,1710.39,0,0.0
12406,2011-06-09 10:23:00,2011-06-09 10:23:00,83,1,1621.25,0,0.0
12407,2011-03-20 13:21:00,2011-07-28 16:28:00,34,4,1407.36,130,43.333333333333336
12408,2011-03-24 14:46:00,2011-06-17 10:51:00,75,3,1491.77,84,42.0
12409,2011-06-10 12:19:00,2011-06-10 12:19:00,82,1,6207.08,0,0.0
12410,2011-02-04 10:38:00,2011-02-04 10:39:00,208,2,693.33,0,0.0
12412,2011-06-23 13:51:00,2011-07-25 11:17:00,37,2,890.74,31,31.0
12413,2011-01-06 16:12:00,2011-04-17 15:33:00,136,2,563.9,100,100.0
12414,2011-02-02 14:51:00,2011-05-06 14:51:00,117,3,562.4100000000001,93,46.5
12415,2011-01-06 11:12:00,2011-08-18 08:51:00,13,13,99146.16,223,18.583333333333332
12417,2010-12-17 11:51:00,2011-08-25 10:26:00,6,7,2816.52,250,41.666666666666664
12418,2011-08-19 11:08:00,2011-08-19 11:08:00,12,1,668.58,0,0.0
12421,2011-01-24 15:09:00,2011-08-17 10:56:00,14,3,628.5600000000001,204,102.0
12422,2011-01-19 09:13:00,2011-06-24 13:20:00,68,2,655.86,156,156.0
12423,2010-12-21 10:54:00,2011-08-31 08:55:00,0,7,1650.67,252,42.0
12424,2011-06-30 12:06:00,2011-06-30 12:06:00,62,2,1760.96,0,0.0
12426,2011-05-29 12:26:00,2011-05-29 12:26:00,94,1,582.73,0,0.0
12427,2010-12-03 10:44:00,2010-12-03 10:44:00,271,1,303.5,0,0.0
12428,2011-03-01 09:33:00,2011-08-11 12:58:00,20,8,7548.12,163,23.285714285714285
12429,2010-12-09 12:05:00,2011-06-20 12:14:00,72,3,2844.88,193,96.5
12431,2010-12-01 10:03:00,2011-08-12 14:19:00,19,11,4874.57,254,25.4
12432,2011-06-20 13:27:00,2011-06-22 13:12:00,70,3,4016.66,1,0.5
12433,2010-12-01 13:24:00,2010-12-08 16:49:00,266,2,3787.12,7,7.0
12434,2011-03-24 13:05:00,2011-03-24 13:05:00,160,1,286.25,0,0.0
12435,2011-03-17 07:40:00,2011-03-17 07:40:00,167,1,3978.9900000000002,0,0.0
12437,2011-01-12 14:13:00,2011-06-15 09:01:00,77,9,2476.73,153,19.125
12438,2011-07-22 13:29:00,2011-07-22 13:29:00,40,1,890.0699999999999,0,0.0
12441,2010-12-08 10:45:00,2010-12-08 10:45:00,266,1,173.55,0,0.0
12444,2011-06-21 14:00:00,2011-08-10 08:41:00,21,2,2627.27,49,49.0
12447,2011-04-10 13:25:00,2011-04-10 13:25:00,143,1,476.49,0,0.0
12449,2011-06-05 15:37:00,2011-08-02 09:14:00,29,2,1636.88,57,57.0
12450,2011-06-19 14:36:00,2011-07-06 14:41:00,56,2,197.88,17,17.0
12451,2011-01-19 09:05:00,2011-05-05 17:34:00,118,2,5307.82,106,106.0
12453,2011-07-28 14:08:00,2011-07-28 14:08:00,34,1,707.09,0,0.0
12455,2011-02-16 09:56:00,2011-08-04 11:07:00,27,5,2176.36,169,42.25
12456,2011-03-30 09:12:00,2011-07-31 15:25:00,31,2,2265.4,123,123.0
12457,2011-04-14 18:57:00,2011-04-20 10:10:00,133,3,1067.25,5,2.5
12458,2011-02-28 10:55:00,2011-02-28 10:55:00,184,1,441.92,0,0.0
12461,2011-07-08 10:23:00,2011-07-08 10:23:00,54,1,626.88,0,0.0
12462,2011-02-09 14:44:00,2011-02-09 14:44:00,203,1,762.11,0,0.0
12463,2011-04-12 12:47:00,2011-06-17 14:28:00,75,3,985.7900000000001,66,33.0
12464,2011-02-03 13:30:00,2011-08-25 13:33:00,6,6,780.55,203,40.6
12465,2011-06-23 13:37:00,2011-06-23 13:37:00,69,1,440.94,0,0.0
12468,2011-01-27 13:29:00,2011-06-05 11:36:00,87,2,729.54,128,128.0
12471,2010-12-10 09:35:00,2011-08-24 16:13:00,7,19,11116.4,257,14.277777777777779
12472,2010-12-05 14:19:00,2011-07-24 11:55:00,38,5,4927.6,230,57.5
12473,2011-06-01 10:15:00,2011-08-17 12:04:00,14,2,1186.25,77,77.0
12474,2011-01-14 10:06:00,2011-07-25 10:04:00,37,12,3896.38,191,17.363636363636363
12476,2010-12-13 14:39:00,2011-07-21 17:39:00,41,6,3191.67,220,44.0
12477,2011-02-11 12:45:00,2011-08-31 09:11:00,0,3,8834.03,200,100.0
12480,2011-01-07 15:27:00,2011-07-19 14:04:00,43,3,2144.95,192,96.0
12481,2010-12-09 10:13:00,2011-06-13 10:52:00,79,8,4101.76,186,26.571428571428573
12483,2011-01-04 14:20:00,2011-06-09 12:20:00,83,5,1314.6100000000001,155,38.75
12484,2011-01-07 14:04:00,2011-08-31 09:44:00,0,4,3663.15,235,78.33333333333333
12489,2011-01-07 13:13:00,2011-01-07 13:13:00,236,1,334.93,0,0.0
12490,2011-01-14 09:13:00,2011-08-31 12:33:00,0,5,2516.77,229,57.25
12492,2011-08-26 14:51:00,2011-08-26 14:51:00,5,1,126.39000000000001,0,0.0
12493,2011-05-26 14:53:00,2011-06-27 10:17:00,65,2,433.74,31,31.0
12494,2010-12-09 11:31:00,2011-07-01 12:17:00,61,5,868.86,204,51.0
12500,2011-01-10 09:48:00,2011-08-25 12:50:00,6,6,1773.84,227,45.4
12501,2011-01-07 12:28:00,2011-01-07 12:28:00,236,1,2169.39,0,0.0
12502,2011-02-03 10:41:00,2011-08-04 09:55:00,27,4,2631.52,181,60.333333333333336
12506,2011-04-21 08:54:00,2011-04-21 08:54:00,132,1,73.5,0,0.0
12507,2011-02-14 09:24:00,2011-07-28 17:09:00,34,3,1304.81,164,82.0
12509,2011-02-28 14:45:00,2011-02-28 14:45:00,184,1,176.5,0,0.0
12510,2011-01-18 14:04:00,2011-07-20 10:15:00,42,2,982.5699999999999,182,182.0
12513,2011-08-19 10:51:00,2011-08-19 10:51:00,12,1,612.29,0,0.0
12514,2011-03-17 16:38:00,2011-03-17 16:38:00,167,1,1017.6800000000001,0,0.0
12515,2010-12-21 15:43:00,2010-12-21 15:43:00,253,1,383.7,0,0.0
12516,2011-06-12 11:37:00,2011-06-12 11:37:00,80,1,583.2,0,0.0
12517,2011-06-02 15:13:00,2011-08-05 15:02:00,26,2,1538.7,63,63.0
12518,2011-08-21 13:18:00,2011-08-21 13:18:00,10,1,324.83,0,0.0
12520,2011-03-11 11:35:00,2011-07-20 14:38:00,42,4,2045.85,131,43.666666666666664
12521,2011-07-20 10:51:00,2011-07-20 10:51:00,42,1,599.68,0,0.0
12523,2011-01-12 09:43:00,2011-08-24 10:13:00,7,7,1017.75,224,37.333333333333336
12524,2011-01-10 10:35:00,2011-06-30 15:30:00,62,6,3122.48,171,34.2
12527,2011-01-18 12:05:00,2011-02-18 09:41:00,194,2,284.92,30,30.0
12528,2011-01-31 09:05:00,2011-08-17 12:30:00,14,4,1287.37,198,66.0
12530,2011-01-07 10:04:00,2011-08-08 10:59:00,23,3,1221.65,213,106.5
12534,2011-08-01 10:26:00,2011-08-01 10:26:00,30,1,1089.18,0,0.0
12535,2011-06-06 12:47:00,2011-06-06 12:47:00,86,1,371.45,0,0.0
12539,2011-01-10 09:11:00,2011-03-22 16:00:00,162,3,4517.69,71,35.5
12540,2010-12-13 09:39:00,2011-08-24 08:09:00,7,10,8786.87,253,28.11111111111111
12541,2011-03-04 09:32:00,2011-06-19 15:59:00,73,2,536.14,107,107.0
12545,2011-03-25 12:04:00,2011-03-25 12:04:00,159,1,628.15,0,0.0
12547,2011-03-04 12:46:00,2011-05-26 12:38:00,97,2,207.8,82,82.0
12548,2011-06-26 15:35:00,2011-06-26 15:35:00,66,1,95.19999999999999,0,0.0
12551,2010-12-17 11:23:00,2010-12-17 11:23:00,257,1,168.0,0,0.0
12553,2011-01-14 10:42:00,2011-08-21 14:42:00,10,7,2419.59,219,36.5
12556,2011-07-11 13:35:00,2011-07-11 13:35:00,51,1,312.9,0,0.0
12557,2010-12-03 12:20:00,2011-07-04 13:19:00,58,4,9000.960000000001,213,71.0
12559,2011-01-24 10:12:00,2011-02-02 09:49:00,210,2,561.71,8,8.0
12560,2011-07-19 15:55:00,2011-08-19 15:22:00,12,2,1436.31,30,30.0
12561,2011-02-10 11:39:00,2011-02-10 11:39:00,202,1,238.85,0,0.0
12562,2011-05-25 12:44:00,2011-08-05 08:40:00,26,3,1605.23,71,35.5
12564,2011-03-23 14:55:00,2011-03-23 14:55:00,161,1,456.90000000000003,0,0.0
12565,2011-02-24 10:34:00,2011-02-24 10:34:00,188,1,145.92000000000002,0,0.0
12567,2010-12-05 11:57:00,2011-08-23 14:23:00,8,8,6958.16,261,37.285714285714285
12569,2011-04-01 13:47:00,2011-08-24 13:55:00,7,12,1883.02,145,13.181818181818182
12571,2011-08-10 12:35:00,2011-08-10 12:35:00,21,1,248.35,0,0.0
12573,2011-04-26 15:52:00,2011-04-26 15:52:00,127,1,160.54000000000002,0,0.0
12574,2011-01-28 09:20:00,2011-01-28 09:20:00,215,1,218.45000000000002,0,0.0
12576,2011-02-08 11:31:00,2011-07-13 10:02:00,49,3,660.85,154,77.0
12577,2010-12-15 16:21:00,2010-12-15 16:21:00,259,1,195.89,0,0.0
12578,2011-01-13 15:34:00,2011-01-13 15:34:00,230,1,1608.66,0,0.0
12580,2011-04-07 10:24:00,2011-04-07 10:24:00,146,1,415.7,0,0.0
12582,2011-02-24 11:42:00,2011-04-15 08:45:00,138,2,511.36,49,49.0
12583,2010-12-01 08:45:00,2011-08-25 12:26:00,6,9,4232.21,267,33.375
12584,2011-03-04 15:15:00,2011-08-04 17:07:00,27,4,782.59,153,51.0
12585,2010-12-23 12:58:00,2011-04-19 13:39:00,134,2,2040.1,117,117.0
12589,2011-07-18 12:05:00,2011-07-18 12:05:00,44,1,131.5,0,0.0
12590,2011-05-12 14:46:00,2011-05-12 14:52:00,111,2,9864.26,0,0.0
12591,2011-01-26 14:35:00,2011-01-26 14:35:00,217,1,452.84999999999997,0,0.0
12592,2011-05-10 13:44:00,2011-05-10 13:44:00,113,1,231.8,0,0.0
12593,2011-05-05 09:29:00,2011-08-23 12:43:00,8,3,418.1,110,55.0
12594,2011-01-21 09:52:00,2011-08-10 14:26:00,21,8,2529.9,201,28.714285714285715
12596,2011-04-11 13:22:00,2011-04-11 13:22:00,142,1,269.95,0,0.0
12597,2011-03-16 14:00:00,2011-06-09 16:04:00,83,2,1428.81,85,85.0
12598,2011-02-28 11:58:00,2011-07-01 11:43:00,61,4,1584.38,122,40.666666666666664
12599,2011-02-08 13:28:00,2011-08-05 12:38:00,26,6,857.04,177,35.4
12600,2010-12-03 12:57:00,2011-08-19 11:23:00,12,8,1936.56,258,36.857142857142854
12601,2011-01-11 10:38:00,2011-06-03 10:17:00,89,5,577.0600000000001,142,35.5
12604,2011-03-23 12:06:00,2011-03-23 12:06:00,161,1,178.5,0,0.0
12609,2011-01-25 15:13:00,2011-06-06 15:31:00,86,2,800.73,132,132.0
12610,2011-08-05 13:52:00,2011-08-25 12:57:00,6,2,1256.25,19,19.0
12613,2011-03-22 15:42:00,2011-05-26 09:18:00,97,4,1462.52,64,21.333333333333332
12614,2011-03-07 10:22:00,2011-03-07 10:22:00,177,1,315.6,0,0.0
12615,2011-06-24 13:35:00,2011-06-24 13:35:00,68,1,634.74,0,0.0
12616,2011-02-15 14:17:00,2011-02-15 14:17:00,197,1,255.60000000000002,0,0.0
12619,2011-03-31 13:10:00,2011-08-15 13:22:00,16,5,2087.46,137,34.25
12620,2011-05-19 12:10:00,2011-05-19 12:10:00,104,1,561.66,0,0.0
12621,2010-12-09 10:16:00,2011-08-31 15:30:00,0,15,10195.04,265,18.928571428571427
12622,2011-04-21 16:39:00,2011-04-21 16:39:00,132,1,180.1,0,0.0
12623,2011-03-08 13:50:00,2011-03-08 13:50:00,176,1,305.1,0,0.0
12624,2011-06-15 12:34:00,2011-08-25 15:04:00,6,2,641.13,71,71.0
12625,2011-01-24 13:27:00,2011-05-12 09:54:00,111,2,2683.82,107,107.0
12626,2011-01-17 11:01:00,2011-08-19 11:46:00,12,6,4774.0,214,42.8
12627,2011-07-22 13:59:00,2011-08-23 08:51:00,8,4,1908.57,31,10.333333333333334
12633,2011-02-25 08:44:00,2011-08-02 09:35:00,29,3,1948.75,158,79.0
12635,2011-07-08 08:43:00,2011-07-08 08:43:00,54,1,683.64,0,0.0
12637,2011-01-20 10:47:00,2011-07-05 15:14:00,57,5,3054.1,166,41.5
12639,2011-04-15 12:48:00,2011-04-15 12:48:00,138,1,486.1,0,0.0
12641,2011-08-16 13:26:00,2011-08-16 13:26:00,15,1,185.9,0,0.0
12642,2011-08-24 09:23:00,2011-08-24 09:23:00,7,1,366.45,0,0.0
12643,2011-01-11 11:48:00,2011-08-03 12:56:00,28,6,3344.64,204,40.8
12644,2011-08-02 10:33:00,2011-08-02 10:33:00,29,1,477.90999999999997,0,0.0
12645,2011-01-27 13:08:00,2011-08-22 12:40:00,9,3,1310.8600000000001,206,103.0
12647,2010-12-05 14:02:00,2011-08-05 13:49:00,26,9,2886.71,242,30.25
12648,2011-07-08 11:55:00,2011-07-08 11:55:00,54,1,318.05,0,0.0
12649,2011-05-11 14:37:00,2011-08-24 14:41:00,7,3,623.51,105,52.5
12651,2011-01-09 12:46:00,2011-01-09 12:46:00,234,1,114.0,0,0.0
12652,2011-01-12 15:00:00,2011-01-12 15:00:00,231,1,919.98,0,0.0
12653,2011-02-16 10:53:00,2011-07-14 10:41:00,48,2,2209.85,147,147.0
12654,2011-02-17 13:16:00,2011-05-26 10:43:00,97,3,337.75,97,48.5
12656,2011-04-20 09:20:00,2011-08-15 12:53:00,16,3,2820.67,117,58.5
12662,2010-12-01 13:04:00,2011-08-24 13:42:00,7,7,2653.66,266,44.333333333333336
12664,2011-01-21 11:42:00,2011-07-19 12:43:00,43,3,1957.48,179,89.5
12665,2011-01-19 08:34:00,2011-01-19 08:34:00,224,1,63.0,0,0.0
12668,2010-12-19 12:46:00,2011-03-25 14:53:00,159,3,2924.4700000000003,96,48.0
12669,2011-03-28 10:15:00,2011-07-12 09:54:00,50,3,2744.0299999999997,105,52.5
12670,2011-04-21 10:16:00,2011-05-24 09:25:00,99,2,1026.39,32,32.0
12672,2011-01-14 09:20:00,2011-01-14 09:20:00,229,1,225.9,0,0.0
12673,2011-01-17 11:46:00,2011-01-17 11:46:00,226,1,220.9,0,0.0
12674,2011-05-16 09:10:00,2011-06-22 09:43:00,70,2,976.8,37,37.0
12676,2011-02-01 15:41:00,2011-08-08 10:01:00,23,4,998.05,187,62.333333333333336
12678,2010-12-21 11:00:00,2011-08-31 11:22:00,0,9,8282.26,253,31.625
12679,2011-03-01 12:26:00,2011-05-18 12:18:00,105,2,906.38,77,77.0
12680,2011-08-18 15:44:00,2011-08-18 15:44:00,13,1,311.78,0,0.0
12681,2010-12-07 10:08:00,2011-07-11 11:39:00,51,15,9866.58,216,15.428571428571429
12682,2010-12-03 13:59:00,2011-08-31 12:18:00,0,20,8219.92,270,14.210526315789474
12683,2010-12-09 10:37:00,2011-08-26 15:44:00,5,11,6217.88,260,26.0
12684,2011-05-10 12:55:00,2011-06-22 11:20:00,70,4,1379.48,42,14.0
12686,2010-12-03 09:51:00,2010-12-03 09:51:00,271,1,89.14,0,0.0
12688,2011-08-18 08:49:00,2011-08-18 08:49:00,13,1,4873.81,0,0.0
12689,2011-08-04 10:04:00,2011-08-04 10:04:00,27,1,511.03000000000003,0,0.0
12690,2011-05-18 09:09:00,2011-05-18 09:09:00,105,1,389.01,0,0.0
12691,2010-12-17 14:46:00,2011-07-17 14:56:00,45,4,556.3,212,70.66666666666667
12693,2011-01-24 12:58:00,2011-08-04 17:51:00,27,4,855.91,192,64.0
12694,2011-06-09 17:48:00,2011-06-09 17:48:00,83,1,439.5,0,0.0
12695,2011-05-13 13:15:00,2011-08-24 12:58:00,7,2,333.9,102,102.0
12697,2011-06-23 15:44:00,2011-07-31 14:17:00,31,2,733.91,37,37.0
12700,2011-05-08 16:10:00,2011-07-06 13:14:00,56,2,2149.05,58,58.0
12701,2011-04-11 13:02:00,2011-04-11 13:02:00,142,1,337.08000000000004,0,0.0
12704,2011-06-23 10:20:00,2011-08-26 08:59:00,5,3,1100.92,63,31.5
12705,2010-12-17 15:58:00,2011-07-04 14:36:00,58,4,4162.52,198,66.0
12707,2011-02-21 08:38:00,2011-02-21 08:38:00,191,1,603.42,0,0.0
12708,2010-12-06 10:43:00,2011-08-30 08:15:00,1,7,2031.77,266,44.333333333333336
12709,2010-12-08 09:49:00,2011-07-27 13:00:00,35,10,6469.11,231,25.666666666666668
12710,2011-05-22 14:05:00,2011-07-01 13:22:00,61,2,790.36,39,39.0
12712,2010-12-03 14:30:00,2011-08-25 09:18:00,6,11,3913.08,264,26.4
12714,2011-02-18 10:53:00,2011-08-25 09:55:00,6,4,3389.7,187,62.333333333333336
12715,2011-08-25 15:22:00,2011-08-25 15:22:00,6,1,353.86,0,0.0
12716,2011-07-29 13:28:00,2011-07-29 13:28:00,33,1,677.9,0,0.0
12717,2011-04-08 10:32:00,2011-07-11 14:47:00,51,2,1030.98,94,94.0
12720,2010-12-05 15:21:00,2011-08-07 11:59:00,24,15,3314.5,244,17.428571428571427
12721,2010-12-20 11:38:00,2011-06-09 17:53:00,83,4,1698.91,171,57.0
12722,2011-07-12 11:55:00,2011-08-17 08:50:00,14,3,929.65,35,17.5
12724,2011-01-11 15:00:00,2011-06-19 13:37:00,73,2,280.36,158,158.0
12725,2010-12-03 15:45:00,2010-12-03 15:45:00,271,1,427.8,0,0.0
12726,2010-12-17 12:56:00,2011-06-08 10:10:00,84,5,1467.32,172,43.0
12727,2011-01-23 15:17:00,2011-06-05 15:29:00,87,5,2800.4,133,33.25
12728,2011-01-11 13:31:00,2011-03-27 13:07:00,157,3,617.31,74,37.0
12729,2011-08-18 11:40:00,2011-08-18 11:40:00,13,1,453.01,0,0.0
12731,2010-12-10 10:56:00,2011-07-18 14:10:00,44,8,11324.25,220,31.428571428571427
12732,2011-06-13 11:33:00,2011-06-13 11:33:00,79,1,236.26000000000002,0,0.0
12733,2011-04-19 16:19:00,2011-04-19 16:19:00,134,1,383.95,0,0.0
12734,2010-12-22 12:47:00,2010-12-22 12:47:00,252,1,110.39999999999999,0,0.0
12735,2011-01-06 14:26:00,2011-01-28 13:37:00,215,2,779.5699999999999,21,21.0
12736,2011-01-11 07:57:00,2011-01-11 07:57:00,232,1,234.0,0,0.0
12738,2010-12-02 18:27:00,2010-12-02 18:27:00,272,1,155.35,0,0.0
12743,2011-07-28 16:06:00,2011-07-28 16:21:00,34,2,546.43,0,0.0
12744,2011-01-25 13:26:00,2011-07-18 11:55:00,44,5,14211.970000000001,173,43.25
12747,2010-12-05 15:38:00,2011-08-22 10:38:00,9,8,2769.4,259,37.0
12748,2010-12-01 12:48:00,2011-08-30 12:00:00,1,127,13568.55,271,2.1507936507936507
12749,2011-05-10 15:25:00,2011-08-01 12:50:00,30,3,2755.23,82,41.0
12750,2011-08-03 09:13:00,2011-08-03 09:13:00,28,1,275.88,0,0.0
12753,2010-12-12 11:44:00,2011-07-27 09:32:00,35,5,16620.91,226,56.5
12754,2011-02-04 10:31:00,2011-04-18 09:00:00,135,3,3010.74,72,36.0
12755,2010-12-09 10:44:00,2011-03-04 12:42:00,180,2,3811.9500000000003,85,85.0
12757,2011-05-12 19:01:00,2011-07-20 12:05:00,42,7,5281.08,68,11.333333333333334
12758,2011-03-08 12:05:00,2011-08-15 10:22:00,16,2,2791.59,159,159.0
12759,2011-03-09 08:09:00,2011-06-21 09:26:00,71,2,1082.52,104,104.0
12763,2010-12-05 15:46:00,2011-07-24 14:12:00,38,2,494.08,230,230.0
12764,2011-01-27 10:19:00,2011-01-27 10:19:00,216,1,1693.88,0,0.0
12766,2010-12-08 13:53:00,2011-07-13 13:37:00,49,5,4952.1900000000005,216,54.0
12769,2011-04-15 10:25:00,2011-04-15 10:25:00,138,1,1143.6,0,0.0
12770,2011-05-13 09:33:00,2011-05-13 09:33:00,110,1,1351.45,0,0.0
12775,2011-02-01 13:45:00,2011-06-03 07:48:00,89,4,1164.68,121,40.333333333333336
12778,2011-01-31 14:35:00,2011-06-09 15:29:00,83,4,492.06,129,43.0
12779,2010-12-03 13:40:00,2011-06-03 10:37:00,89,7,2999.41,181,30.166666666666668
12781,2011-02-28 08:43:00,2011-02-28 08:43:00,184,1,549.26,0,0.0
12782,2010-12-17 11:30:00,2011-07-13 10:30:00,49,4,2078.67,207,69.0
12785,2010-12-10 13:48:00,2010-12-10 13:48:00,264,1,311.95,0,0.0
12787,2011-05-31 09:36:00,2011-05-31 09:36:00,92,1,158.1,0,0.0
12790,2011-05-31 14:14:00,2011-05-31 14:14:00,92,1,324.92,0,0.0
12791,2010-12-01 11:27:00,2010-12-01 11:27:00,273,1,192.60000000000002,0,0.0
12792,2011-03-28 11:36:00,2011-03-28 11:36:00,156,1,400.54,0,0.0
12793,2010-12-03 15:14:00,2011-01-09 12:12:00,234,2,545.48,36,36.0
12797,2010-12-09 10:55:00,2010-12-09 10:55:00,265,1,254.03,0,0.0
12798,2011-06-22 10:11:00,2011-06-22 10:11:00,70,1,1607.04,0,0.0
12802,2011-06-06 09:36:00,2011-06-06 09:36:00,86,1,427.58,0,0.0
12808,2010-12-06 10:27:00,2011-06-08 12:21:00,84,2,281.35,184,184.0
12809,2011-06-15 10:51:00,2011-06-15 10:51:00,77,1,489.31,0,0.0
12811,2011-02-28 15:39:00,2011-03-24 09:42:00,160,3,514.85,23,11.5
12814,2011-08-30 12:11:00,2011-08-30 12:11:00,1,1,125.92,0,0.0
12815,2011-05-25 13:34:00,2011-07-15 10:21:00,47,2,1063.46,50,50.0
12816,2011-06-16 13:24:00,2011-06-16 13:24:00,76,1,318.65000000000003,0,0.0
12817,2011-03-03 16:28:00,2011-03-03 16:28:00,181,1,166.04000000000002,0,0.0
12818,2011-03-23 12:06:00,2011-03-23 12:06:00,161,1,1542.08,0,0.0
12820,2011-01-17 12:34:00,2011-01-17 12:34:00,226,1,170.46,0,0.0
12821,2011-05-09 15:51:00,2011-05-09 15:51:00,114,1,92.72,0,0.0
12823,2011-02-16 12:15:00,2011-08-04 17:45:00,27,4,1224.0,169,56.333333333333336
12826,2010-12-09 15:21:00,2011-06-14 09:41:00,78,4,818.62,186,62.0
12828,2011-08-01 16:16:00,2011-08-19 09:23:00,12,2,338.2,17,17.0
12829,2010-12-14 14:54:00,2011-01-07 11:13:00,236,2,293.0,23,23.0
12830,2011-06-21 10:53:00,2011-07-28 17:18:00,34,4,5204.0,37,12.333333333333334
12831,2011-03-22 13:02:00,2011-03-22 13:02:00,162,1,215.05,0,0.0
12833,2011-07-17 13:46:00,2011-07-17 13:46:00,45,1,417.38,0,0.0
12834,2011-03-02 09:49:00,2011-03-02 09:49:00,182,1,312.38,0,0.0
12836,2011-02-01 11:19:00,2011-07-25 15:22:00,37,3,2112.53,174,87.0
12837,2011-06-19 16:07:00,2011-06-19 16:07:00,73,1,134.1,0,0.0
12838,2010-12-01 11:57:00,2010-12-01 11:57:00,273,1,390.79,0,0.0
12839,2010-12-07 15:48:00,2011-08-18 10:01:00,13,8,2683.81,253,36.142857142857146
12840,2011-04-27 12:21:00,2011-07-19 09:29:00,43,4,2726.77,82,27.333333333333332
12841,2010-12-03 10:43:00,2011-08-25 12:12:00,6,17,2851.44,265,16.5625
12842,2011-02-04 12:36:00,2011-02-04 12:36:00,208,1,310.73,0,0.0
12843,2011-03-20 14:38:00,2011-07-03 12:21:00,59,7,1692.31,104,17.333333333333332
12844,2011-08-01 13:11:00,2011-08-01 13:11:00,30,1,174.88,0,0.0
12845,2011-02-22 14:10:00,2011-03-17 13:34:00,167,4,354.09000000000003,22,7.333333333333333
12849,2011-03-16 12:26:00,2011-03-16 12:26:00,168,1,704.5,0,0.0
12852,2011-02-18 08:47:00,2011-02-18 08:47:00,194,1,311.55,0,0.0
12853,2011-01-28 10:28:00,2011-07-28 11:29:00,34,6,1957.1000000000001,181,36.2
12854,2011-01-25 13:35:00,2011-04-12 14:17:00,141,2,810.37,77,77.0
12855,2010-12-02 09:37:00,2010-12-02 09:37:00,272,1,38.1,0,0.0
12857,2011-02-10 12:32:00,2011-05-13 10:20:00,110,2,1106.4,91,91.0
12864,2011-07-24 13:03:00,2011-07-24 13:03:00,38,1,147.12,0,0.0
12865,2011-08-08 10:11:00,2011-08-08 10:11:00,23,1,981.38,0,0.0
12866,2011-03-01 14:11:00,2011-03-01 14:11:00,183,1,559.12,0,0.0
12867,2010-12-14 16:39:00,2011-06-27 15:04:00,65,5,2352.45,194,48.5
12868,2010-12-01 12:50:00,2011-06-07 10:42:00,85,6,1607.0600000000002,187,37.4
12871,2011-05-16 13:32:00,2011-05-16 13:32:00,107,1,132.0,0,0.0
12872,2010-12-09 14:44:00,2011-01-17 10:52:00,226,2,599.97,38,38.0
12873,2011-03-02 14:58:00,2011-03-02 14:58:00,182,1,374.0,0,0.0
12875,2010-12-12 12:03:00,2011-07-19 15:30:00,43,2,343.2300000000001,219,219.0
12876,2011-05-27 13:34:00,2011-05-27 13:34:00,96,1,726.43,0,0.0
12877,2010-12-16 12:23:00,2011-08-07 11:40:00,24,9,1059.23,233,29.125
12878,2011-03-18 14:02:00,2011-04-17 13:07:00,136,2,854.99,29,29.0
12881,2011-03-09 11:44:00,2011-03-09 11:44:00,175,1,298.0,0,0.0
12885,2011-08-08 11:45:00,2011-08-08 11:45:00,23,1,645.35,0,0.0
12886,2011-05-04 11:21:00,2011-05-04 11:21:00,119,1,775.0,0,0.0
12888,2011-03-29 14:31:00,2011-05-09 16:02:00,114,2,354.12,41,41.0
12891,2011-02-20 11:28:00,2011-06-07 12:31:00,85,3,331.0,107,53.5
12897,2011-02-11 11:40:00,2011-05-19 12:13:00,104,2,216.5,97,97.0
12901,2011-03-14 10:41:00,2011-08-23 10:56:00,8,19,11639.470000000001,162,9.0
12902,2011-03-20 12:06:00,2011-03-20 12:06:00,164,1,138.68,0,0.0
12904,2011-06-20 13:18:00,2011-06-20 13:18:00,72,1,244.69,0,0.0
12908,2011-01-31 12:37:00,2011-06-16 15:39:00,76,2,750.0,136,136.0
12909,2011-03-31 12:51:00,2011-05-22 11:52:00,101,3,1528.37,51,25.5
12910,2011-04-12 10:01:00,2011-07-28 14:36:00,34,4,1486.9,107,35.666666666666664
12913,2010-12-06 16:36:00,2011-03-02 10:49:00,182,3,866.39,85,42.5
12915,2010-12-02 12:33:00,2011-07-14 11:34:00,48,2,363.65,223,223.0
12916,2011-01-23 10:43:00,2011-07-24 10:35:00,38,4,3006.15,181,60.333333333333336
12917,2011-08-03 16:42:00,2011-08-03 16:42:00,28,1,594.0,0,0.0
12919,2011-06-23 09:22:00,2011-08-15 11:39:00,16,3,441.65,53,26.5
12921,2010-12-01 15:06:00,2011-08-01 10:03:00,30,22,8924.55,242,11.523809523809524
12922,2011-07-01 15:35:00,2011-07-01 15:35:00,61,1,405.38,0,0.0
12924,2011-01-16 11:49:00,2011-05-25 13:35:00,98,3,655.27,129,64.5
12928,2010-12-15 15:45:00,2011-07-15 08:09:00,47,3,1136.14,211,105.5
12929,2011-02-01 12:08:00,2011-02-01 12:08:00,211,1,117.85,0,0.0
12930,2011-06-21 13:25:00,2011-06-21 13:25:00,71,1,221.56,0,0.0
12931,2010-12-17 09:45:00,2011-08-30 11:54:00,1,11,32530.7,256,25.6
12933,2011-03-01 11:30:00,2011-06-21 16:13:00,71,2,357.49,112,112.0
12935,2011-01-24 13:58:00,2011-08-22 12:22:00,9,4,1535.34,209,69.66666666666667
12937,2011-03-17 14:19:00,2011-05-26 14:17:00,97,2,428.23,69,69.0
12939,2011-01-09 11:20:00,2011-07-24 12:51:00,38,4,7990.08,196,65.33333333333333
12942,2010-12-09 09:34:00,2011-07-31 14:39:00,31,3,683.9,234,117.0
12944,2010-12-20 10:41:00,2010-12-20 10:41:00,254,1,286.95,0,0.0
12945,2011-02-24 14:15:00,2011-02-24 14:15:00,188,1,462.95,0,0.0
12947,2010-12-01 16:21:00,2011-07-19 10:06:00,43,6,1603.99,229,45.8
12948,2011-03-20 10:17:00,2011-08-26 14:45:00,5,4,1423.96,159,53.0
12949,2011-04-01 13:20:00,2011-08-17 15:11:00,14,7,3449.42,138,23.0
12951,2011-01-13 10:33:00,2011-06-19 10:35:00,73,5,751.78,157,39.25
12955,2011-03-17 09:03:00,2011-07-19 10:49:00,43,5,1346.92,124,31.0
12956,2011-02-06 16:08:00,2011-02-06 16:08:00,206,1,108.07,0,0.0
12957,2011-01-04 12:18:00,2011-06-06 13:43:00,86,4,1715.29,153,51.0
12962,2011-08-18 13:38:00,2011-08-18 13:38:00,13,1,170.54,0,0.0
12963,2010-12-09 09:14:00,2010-12-09 09:14:00,265,1,365.8,0,0.0
12967,2010-12-03 09:49:00,2010-12-16 19:10:00,258,2,1660.9,13,13.0
12968,2011-08-19 15:44:00,2011-08-19 15:44:00,12,1,135.95,0,0.0
12970,2011-01-21 14:04:00,2011-01-21 14:21:00,222,2,23.8,0,0.0
12971,2010-12-02 16:42:00,2011-08-24 09:41:00,7,61,7854.76,264,4.4
12974,2011-05-26 09:33:00,2011-05-26 09:33:00,97,1,144.8,0,0.0
12976,2011-05-12 09:55:00,2011-05-12 09:55:00,111,1,738.6,0,0.0
12977,2011-07-06 16:40:00,2011-07-06 16:40:00,56,1,39.239999999999995,0,0.0
12980,2010-12-16 11:36:00,2011-07-05 09:34:00,57,9,7374.900000000001,200,25.0
12981,2011-07-29 14:14:00,2011-07-29 14:14:00,33,1,187.18,0,0.0
12982,2011-04-11 11:51:00,2011-04-11 11:51:00,142,1,390.54,0,0.0
12987,2011-05-26 12:00:00,2011-05-26 12:00:00,97,1,304.3,0,0.0
12988,2011-02-20 14:31:00,2011-02-20 14:31:00,192,1,535.32,0,0.0
12989,2010-12-10 13:24:00,2011-07-05 09:16:00,57,8,4469.14,206,29.428571428571427
12990,2011-02-02 15:39:00,2011-06-07 14:27:00,85,2,263.9,124,124.0
12991,2011-08-19 14:39:00,2011-08-19 14:39:00,12,1,303.56,0,0.0
12993,2011-02-14 14:29:00,2011-08-11 12:01:00,20,3,372.4,177,88.5
12994,2011-03-16 08:31:00,2011-08-11 17:02:00,20,2,645.47,148,148.0
12997,2011-01-26 15:49:00,2011-04-17 13:02:00,136,2,608.47,80,80.0
12999,2011-04-08 10:26:00,2011-05-27 13:24:00,96,3,455.88,49,24.5
13000,2010-12-10 10:26:00,2011-08-25 10:43:00,6,3,534.85,258,129.0
13001,2011-01-17 12:45:00,2011-07-04 16:08:00,58,11,8615.42,168,16.8
13002,2011-01-25 15:18:00,2011-01-25 15:18:00,218,1,120.95,0,0.0
13003,2011-05-09 08:23:00,2011-08-26 10:50:00,5,3,149.05,109,54.5
13004,2010-12-17 08:20:00,2011-08-17 14:44:00,14,12,3785.09,243,22.09090909090909
13005,2011-04-07 13:32:00,2011-06-19 10:53:00,73,2,513.7,72,72.0
13008,2011-01-20 14:24:00,2011-01-20 14:24:00,223,1,229.47,0,0.0
13011,2010-12-02 17:22:00,2010-12-02 17:22:00,272,1,50.550000000000004,0,0.0
13012,2011-02-18 09:43:00,2011-07-14 09:58:00,48,4,1012.3100000000001,146,48.666666666666664
13013,2010-12-03 12:28:00,2011-08-24 09:46:00,7,8,3382.79,263,37.57142857142857
13014,2011-03-03 18:28:00,2011-08-18 10:06:00,13,5,2022.48,167,41.75
13015,2011-04-04 14:28:00,2011-05-26 16:25:00,97,4,1763.04,52,17.333333333333332
13016,2011-08-08 15:00:00,2011-08-08 15:00:00,23,1,425.25,0,0.0
13018,2011-02-17 11:05:00,2011-08-09 13:22:00,22,17,4788.85,173,10.8125
13021,2010-12-16 10:12:00,2011-06-26 11:53:00,66,4,1152.47,192,64.0
13023,2011-08-02 09:34:00,2011-08-02 09:34:00,29,1,336.4,0,0.0
13026,2011-03-09 11:35:00,2011-05-03 10:51:00,120,2,243.72000000000003,54,54.0
13027,2010-12-20 12:45:00,2011-08-18 09:39:00,13,6,6912.0,240,48.0
13029,2010-12-21 13:53:00,2011-07-24 11:37:00,38,2,773.1999999999999,214,214.0
13030,2010-12-06 14:31:00,2010-12-06 14:31:00,268,1,427.74,0,0.0
13033,2010-12-17 14:23:00,2010-12-17 14:23:00,257,1,190.55,0,0.0
13034,2010-12-05 14:52:00,2010-12-05 14:52:00,269,1,165.86,0,0.0
13035,2011-03-24 09:21:00,2011-03-24 09:21:00,160,1,333.0,0,0.0
13037,2011-03-28 15:42:00,2011-07-24 15:46:00,38,3,881.07,118,59.0
13038,2011-02-22 11:43:00,2011-06-09 10:31:00,83,2,591.76,106,106.0
13043,2011-03-11 14:52:00,2011-03-11 14:52:00,173,1,516.42,0,0.0
13044,2011-02-21 15:20:00,2011-02-21 15:20:00,191,1,560.47,0,0.0
13046,2011-03-18 15:43:00,2011-03-18 15:43:00,166,1,197.72,0,0.0
13047,2010-12-01 08:34:00,2011-08-04 17:58:00,27,8,2682.01,246,35.142857142857146
13048,2011-01-16 14:36:00,2011-08-18 11:23:00,13,3,1375.05,213,106.5
13049,2011-01-25 16:33:00,2011-01-25 16:33:00,218,1,153.78000000000003,0,0.0
13050,2010-12-08 09:30:00,2011-08-25 14:21:00,6,13,4509.74,260,21.666666666666668
13052,2011-05-11 14:12:00,2011-05-11 14:12:00,112,1,348.15000000000003,0,0.0
13055,2011-05-10 08:58:00,2011-05-10 08:58:00,113,1,344.86,0,0.0
13058,2011-07-11 12:01:00,2011-07-11 12:01:00,51,1,47.550000000000004,0,0.0
13059,2011-04-04 10:40:00,2011-04-04 10:40:00,149,1,183.4,0,0.0
13060,2011-03-31 11:37:00,2011-03-31 11:37:00,153,1,307.53000000000003,0,0.0
13062,2011-06-01 15:12:00,2011-06-01 15:12:00,91,1,346.98,0,0.0
13064,2011-01-16 13:41:00,2011-07-10 11:34:00,52,2,659.25,174,174.0
13065,2010-12-01 16:52:00,2010-12-01 16:52:00,273,1,205.86,0,0.0
13068,2011-01-24 08:20:00,2011-01-24 08:20:00,219,1,165.0,0,0.0
13069,2010-12-05 11:02:00,2011-08-12 11:48:00,19,19,3397.94,250,13.88888888888889
13070,2011-05-31 13:45:00,2011-05-31 13:45:00,92,1,228.8,0,0.0
13072,2011-03-18 08:12:00,2011-03-18 08:12:00,166,1,177.15,0,0.0
13075,2011-08-02 10:19:00,2011-08-02 10:19:00,29,1,919.61,0,0.0
13077,2010-12-08 14:59:00,2011-02-22 16:19:00,190,3,577.44,76,38.0
13078,2010-12-08 09:07:00,2011-08-25 10:16:00,6,15,6917.150000000001,260,18.571428571428573
13079,2011-07-22 14:41:00,2011-07-22 14:41:00,40,1,23.8,0,0.0
13080,2011-06-13 14:59:00,2011-06-13 14:59:00,79,1,58.08,0,0.0
13081,2010-12-03 17:20:00,2011-07-19 11:47:00,43,8,18870.12,227,32.42857142857143
13082,2011-01-05 15:42:00,2011-08-05 16:16:00,26,9,3613.63,212,26.5
13085,2011-02-17 13:57:00,2011-07-05 12:11:00,57,2,416.08,137,137.0
13089,2010-12-05 10:27:00,2011-08-31 13:56:00,0,69,39010.65,269,3.9558823529411766
13090,2010-12-02 07:48:00,2011-07-26 14:51:00,36,9,4912.02,236,29.5
13092,2010-12-15 12:27:00,2011-05-12 10:22:00,111,4,439.75,147,49.0
13093,2010-12-01 15:00:00,2011-03-09 12:14:00,175,8,7832.47,97,13.857142857142858
13094,2010-12-06 10:34:00,2011-08-02 12:35:00,29,10,1545.72,239,26.555555555555557
13097,2010-12-14 15:13:00,2011-08-09 12:07:00,22,8,4643.71,237,33.857142857142854
13098,2011-01-26 13:46:00,2011-08-18 12:30:00,13,17,14468.08,203,12.6875
13101,2011-04-19 14:37:00,2011-04-19 14:37:00,134,1,101.19,0,0.0
13102,2010-12-09 13:38:00,2011-07-29 12:03:00,33,19,4961.7,231,12.833333333333334
13104,2010-12-20 11:58:00,2011-07-29 15:25:00,33,3,376.44,221,110.5
13106,2011-07-29 15:12:00,2011-07-29 15:12:00,33,1,76.5,0,0.0
13107,2011-01-10 12:28:00,2011-06-17 08:57:00,75,2,935.22,157,157.0
13108,2010-12-02 10:35:00,2010-12-02 10:35:00,272,1,350.06,0,0.0
13109,2011-07-05 14:56:00,2011-07-05 14:56:00,57,1,369.85,0,0.0
13110,2011-02-01 15:24:00,2011-07-25 16:20:00,37,5,1042.24,174,43.5
13113,2010-12-08 13:21:00,2011-08-18 10:10:00,13,20,10787.06,252,13.263157894736842
13115,2011-06-08 16:15:00,2011-06-08 16:15:00,84,1,878.55,0,0.0
13116,2011-07-24 14:33:00,2011-07-24 14:33:00,38,1,501.14,0,0.0
13117,2010-12-02 13:11:00,2011-08-10 10:09:00,21,7,841.77,250,41.666666666666664
13118,2011-02-24 12:32:00,2011-05-15 13:22:00,108,3,799.7,80,40.0
13120,2011-04-15 10:19:00,2011-04-15 10:19:00,138,1,30.6,0,0.0
13121,2011-03-15 16:47:00,2011-03-15 16:47:00,169,1,283.73,0,0.0
13122,2011-04-13 14:12:00,2011-04-13 14:12:00,140,1,903.6700000000001,0,0.0
13124,2010-12-15 15:00:00,2011-04-01 14:58:00,152,2,2574.12,106,106.0
13126,2010-12-08 11:42:00,2011-03-31 16:40:00,153,5,1077.42,113,28.25
13131,2011-06-05 10:54:00,2011-06-05 10:54:00,87,1,324.90000000000003,0,0.0
13132,2011-03-23 12:44:00,2011-03-23 12:44:00,161,1,77.3,0,0.0
13133,2011-02-08 15:48:00,2011-03-11 10:31:00,173,2,109.8,30,30.0
13134,2011-04-13 12:57:00,2011-06-09 11:37:00,83,3,885.74,56,28.0
13135,2011-05-27 10:52:00,2011-05-27 10:52:00,96,1,3096.0,0,0.0
13136,2011-05-11 12:47:00,2011-07-20 12:01:00,42,3,1226.68,69,34.5
13137,2011-02-04 11:54:00,2011-08-28 12:44:00,3,4,1457.75,205,68.33333333333333
13138,2010-12-02 15:03:00,2011-07-29 13:34:00,33,3,489.45,238,119.0
13139,2011-03-25 11:57:00,2011-08-22 10:04:00,9,3,1710.94,149,74.5
13140,2010-12-08 15:12:00,2011-08-23 15:33:00,8,3,423.72,258,129.0
13141,2011-01-28 13:04:00,2011-05-09 15:33:00,114,4,1401.03,101,33.666666666666664
13144,2011-01-11 11:15:00,2011-01-11 11:15:00,232,1,110.95,0,0.0
13145,2010-12-02 18:06:00,2011-08-04 19:06:00,27,2,413.8,245,245.0
13148,2010-12-10 13:06:00,2011-07-29 08:30:00,33,10,2789.87,230,25.555555555555557
13149,2011-02-23 13:57:00,2011-08-25 13:40:00,6,3,1132.6200000000001,182,91.0
13151,2011-02-17 12:29:00,2011-02-17 12:29:00,195,1,1257.8700000000001,0,0.0
13155,2010-12-06 12:44:00,2011-01-17 11:21:00,226,2,569.2,41,41.0
13157,2011-02-14 14:03:00,2011-07-21 14:34:00,41,3,873.2,157,78.5
13158,2011-01-25 09:58:00,2011-08-12 09:04:00,19,3,868.1700000000001,198,99.0
13159,2011-08-16 11:44:00,2011-08-25 15:12:00,6,2,851.59,9,9.0
13161,2011-01-30 14:03:00,2011-01-30 14:03:00,213,1,112.75,0,0.0
13162,2011-01-09 10:43:00,2011-08-09 15:59:00,22,4,1688.29,212,70.66666666666667
13165,2010-12-23 14:06:00,2010-12-23 14:06:00,251,1,354.64,0,0.0
13166,2011-03-01 15:16:00,2011-03-01 15:16:00,183,1,417.2,0,0.0
13167,2011-07-19 12:13:00,2011-08-01 12:12:00,30,2,417.55,12,12.0
13168,2011-01-25 13:55:00,2011-05-24 13:56:00,99,3,972.66,119,59.5
13169,2011-04-01 14:24:00,2011-04-01 14:24:00,152,1,505.2,0,0.0
13171,2011-02-13 14:16:00,2011-02-13 14:16:00,199,1,140.35,0,0.0
13173,2010-12-07 14:30:00,2010-12-07 14:30:00,267,1,165.94,0,0.0
13174,2010-12-05 16:24:00,2011-01-27 15:36:00,216,2,2108.27,52,52.0
13178,2010-12-14 12:22:00,2011-07-29 13:37:00,33,8,4391.7300000000005,227,32.42857142857143
13183,2011-01-09 10:50:00,2011-08-30 16:53:00,1,6,2394.98,233,46.6
13184,2011-02-22 17:25:00,2011-08-01 11:12:00,30,9,1504.44,159,19.875
13185,2011-03-17 11:56:00,2011-03-17 11:56:00,167,1,71.4,0,0.0
13186,2011-08-03 09:09:00,2011-08-03 09:09:00,28,1,988.34,0,0.0
13187,2011-01-06 18:57:00,2011-01-06 18:57:00,237,1,236.02,0,0.0
13189,2011-08-16 13:12:00,2011-08-16 13:12:00,15,1,127.0,0,0.0
13192,2011-05-18 14:57:00,2011-05-18 14:57:00,105,1,464.32,0,0.0
13194,2011-07-27 09:01:00,2011-07-27 09:01:00,35,1,60.7,0,0.0
13196,2011-03-22 14:24:00,2011-03-22 14:24:00,162,1,512.13,0,0.0
13198,2010-12-13 09:29:00,2011-08-11 12:48:00,20,5,3009.18,241,60.25
13199,2010-12-08 10:51:00,2011-08-28 12:43:00,3,21,4553.84,263,13.15
13200,2011-08-05 14:50:00,2011-08-05 14:50:00,26,1,319.32,0,0.0
13203,2011-04-11 14:40:00,2011-08-11 10:29:00,20,2,309.86,121,121.0
13207,2011-07-12 11:35:00,2011-07-12 11:35:00,50,1,197.52000000000004,0,0.0
13208,2011-02-03 19:32:00,2011-07-07 14:18:00,55,4,835.07,153,51.0
13209,2010-12-13 10:31:00,2011-08-03 12:10:00,28,5,4156.08,233,58.25
13211,2010-12-13 16:17:00,2010-12-13 16:17:00,261,1,110.7,0,0.0
13213,2011-05-24 12:22:00,2011-08-03 13:06:00,28,4,963.88,71,23.666666666666668
13216,2011-03-17 12:18:00,2011-03-17 12:18:00,167,1,333.74,0,0.0
13217,2011-07-06 12:08:00,2011-08-09 15:32:00,22,3,533.98,34,17.0
13218,2011-08-04 16:59:00,2011-08-04 16:59:00,27,1,62.64,0,0.0
13220,2011-04-17 10:59:00,2011-06-07 11:10:00,85,3,726.49,51,25.5
13221,2010-12-15 13:24:00,2011-04-13 16:58:00,140,2,847.41,119,119.0
13223,2011-04-21 15:16:00,2011-05-23 13:03:00,100,2,163.2,31,31.0
13224,2011-07-11 14:10:00,2011-07-11 14:10:00,51,1,1212.26,0,0.0
13225,2010-12-13 09:49:00,2011-07-19 16:36:00,43,5,4299.56,218,54.5
13226,2011-03-11 14:35:00,2011-03-11 14:35:00,173,1,108.21000000000001,0,0.0
13227,2011-05-22 11:47:00,2011-05-22 11:47:00,101,1,257.7,0,0.0
13229,2011-04-28 12:07:00,2011-04-28 12:07:00,125,1,160.95,0,0.0
13230,2010-12-09 19:28:00,2011-07-24 16:18:00,38,12,2234.18,226,20.545454545454547
13232,2011-04-10 13:48:00,2011-06-12 11:17:00,80,4,878.45,62,20.666666666666668
13233,2011-01-07 14:49:00,2011-01-07 14:49:00,236,1,304.24,0,0.0
13235,2011-05-11 17:13:00,2011-05-11 17:13:00,112,1,1031.07,0,0.0
13236,2011-08-25 08:58:00,2011-08-25 08:58:00,6,1,439.23,0,0.0
13238,2010-12-14 14:37:00,2011-06-29 12:12:00,63,2,318.85,196,196.0
13239,2011-03-23 10:25:00,2011-03-23 10:25:00,161,1,329.56,0,0.0
13240,2010-12-09 12:49:00,2011-06-19 15:33:00,73,3,553.61,192,96.0
13242,2011-05-10 12:26:00,2011-08-19 12:53:00,12,3,270.40000000000003,101,50.5
13243,2011-05-20 13:14:00,2011-05-20 13:14:00,103,1,600.07,0,0.0
13246,2011-01-13 13:36:00,2011-06-16 12:51:00,76,5,1860.99,153,38.25
13248,2011-06-03 13:05:00,2011-08-07 12:40:00,24,2,465.68,64,64.0
13249,2011-03-23 15:26:00,2011-03-23 15:26:00,161,1,291.84,0,0.0
13253,2011-01-04 15:43:00,2011-07-06 10:09:00,56,2,1030.4,182,182.0
13255,2010-12-01 11:58:00,2010-12-01 11:58:00,273,1,225.7,0,0.0
13258,2011-05-18 13:11:00,2011-05-18 13:11:00,105,1,224.62,0,0.0
13261,2011-02-27 10:41:00,2011-03-16 12:22:00,168,2,944.1,17,17.0
13262,2011-03-21 15:06:00,2011-03-21 15:06:00,163,1,200.29,0,0.0
13263,2011-01-18 16:31:00,2011-08-23 17:31:00,8,23,4870.68,217,9.863636363636363
13265,2011-03-11 09:54:00,2011-06-09 09:28:00,83,3,1465.66,89,44.5
13266,2011-03-28 10:14:00,2011-08-19 09:35:00,12,8,2535.58,143,20.428571428571427
13267,2010-12-08 09:20:00,2011-08-21 11:43:00,10,14,2800.94,256,19.692307692307693
13268,2011-03-17 13:20:00,2011-06-23 11:38:00,69,6,2150.25,97,19.4
13269,2010-12-05 11:51:00,2011-08-22 12:10:00,9,8,2981.45,260,37.142857142857146
13270,2010-12-08 14:53:00,2010-12-08 14:53:00,266,1,590.0,0,0.0
13273,2011-08-18 14:02:00,2011-08-18 14:02:00,13,1,138.98,0,0.0
13277,2011-07-29 10:06:00,2011-08-15 14:50:00,16,2,125.9,17,17.0
13280,2011-01-06 17:10:00,2011-08-09 13:14:00,22,3,814.86,214,107.0
13282,2011-05-03 12:03:00,2011-06-30 13:17:00,62,2,773.1,58,58.0
13283,2011-06-07 12:39:00,2011-06-07 12:39:00,85,1,25.5,0,0.0
13284,2011-01-13 09:23:00,2011-01-13 09:23:00,230,1,201.19,0,0.0
13285,2011-02-22 17:13:00,2011-07-01 14:53:00,61,3,1970.1,128,64.0
13291,2011-07-07 10:36:00,2011-07-07 10:36:00,55,1,361.11,0,0.0
13292,2011-02-28 15:00:00,2011-02-28 15:00:00,184,1,249.57,0,0.0
13294,2011-04-04 12:37:00,2011-06-03 08:54:00,89,2,873.74,59,59.0
13295,2010-12-15 11:21:00,2010-12-15 11:21:00,259,1,201.20000000000002,0,0.0
13296,2011-07-25 13:46:00,2011-07-25 13:46:00,37,1,87.4,0,0.0
13299,2011-03-16 12:55:00,2011-03-16 12:55:00,168,1,142.5,0,0.0
13300,2011-06-23 13:09:00,2011-06-23 13:09:00,69,1,371.89,0,0.0
13301,2011-02-20 13:13:00,2011-08-28 11:25:00,3,4,618.09,188,62.666666666666664
13302,2011-07-07 17:56:00,2011-07-07 17:56:00,55,1,63.75,0,0.0
13304,2010-12-23 14:35:00,2010-12-23 14:35:00,251,1,300.42,0,0.0
13305,2010-12-02 12:10:00,2011-08-16 14:41:00,15,6,1085.75,257,51.4
13307,2011-08-11 17:14:00,2011-08-11 17:14:00,20,1,15.0,0,0.0
13308,2011-05-20 13:13:00,2011-05-20 13:13:00,103,1,814.95,0,0.0
13309,2011-02-04 12:29:00,2011-05-17 12:44:00,106,2,546.64,102,102.0
13310,2011-01-19 14:50:00,2011-05-17 13:26:00,106,2,817.65,117,117.0
13311,2011-07-12 14:26:00,2011-07-12 14:26:00,50,1,490.11,0,0.0
13313,2011-01-04 10:00:00,2011-07-21 18:19:00,41,3,918.34,198,99.0
13316,2011-03-30 13:01:00,2011-07-31 11:48:00,31,2,3779.98,122,122.0
13317,2010-12-16 09:22:00,2011-05-25 10:35:00,98,5,1313.98,160,40.0
13319,2010-12-09 10:04:00,2011-08-18 16:43:00,13,18,6897.070000000001,252,14.823529411764707
13320,2011-05-10 10:29:00,2011-08-25 12:10:00,6,3,981.15,107,53.5
13324,2010-12-14 09:50:00,2011-05-20 14:06:00,103,7,3798.99,157,26.166666666666668
13327,2010-12-09 15:32:00,2011-08-19 11:55:00,12,7,2738.75,252,42.0
13328,2011-01-27 15:22:00,2011-01-27 15:22:00,216,1,1308.48,0,0.0
13329,2010-12-08 10:11:00,2010-12-08 10:11:00,266,1,304.2,0,0.0
13330,2011-01-28 10:08:00,2011-06-07 12:18:00,85,2,728.22,130,130.0
13334,2011-02-07 11:42:00,2011-06-02 11:33:00,90,2,2731.84,114,114.0
13338,2011-07-05 09:06:00,2011-07-05 09:06:00,57,1,487.02,0,0.0
13339,2011-05-23 08:31:00,2011-05-23 08:31:00,100,1,860.12,0,0.0
13340,2011-03-08 11:39:00,2011-08-26 09:55:00,5,5,9229.54,170,42.5
13341,2011-03-24 09:50:00,2011-03-24 09:50:00,160,1,775.85,0,0.0
13343,2011-06-15 12:24:00,2011-06-15 12:24:00,77,1,353.43,0,0.0
13344,2011-03-07 10:28:00,2011-03-07 10:28:00,177,1,1656.15,0,0.0
13345,2011-02-25 09:01:00,2011-02-25 09:01:00,187,1,389.5,0,0.0
13355,2011-08-09 14:48:00,2011-08-09 14:48:00,22,1,674.7,0,0.0
13357,2011-03-27 13:56:00,2011-03-27 13:56:00,157,1,609.95,0,0.0
13358,2011-03-16 11:52:00,2011-03-16 11:52:00,168,1,439.03000000000003,0,0.0
13362,2011-02-25 11:33:00,2011-04-08 08:21:00,145,2,1581.53,41,41.0
13365,2011-05-06 12:00:00,2011-05-06 12:00:00,117,1,700.6,0,0.0
13368,2011-01-06 12:32:00,2011-03-28 09:59:00,156,2,623.4,80,80.0
13369,2010-12-09 11:30:00,2010-12-09 11:30:00,265,1,308.28000000000003,0,0.0
13370,2010-12-03 10:26:00,2010-12-03 10:26:00,271,1,754.87,0,0.0
13373,2011-03-08 14:35:00,2011-07-04 12:19:00,58,2,2055.58,117,117.0
13376,2011-04-19 13:03:00,2011-05-20 09:08:00,103,2,770.0,30,30.0
13379,2011-07-26 12:26:00,2011-07-26 12:26:00,36,1,136.29,0,0.0
13381,2011-02-14 10:10:00,2011-08-18 13:47:00,13,4,2461.33,185,61.666666666666664
13382,2011-03-04 10:03:00,2011-03-04 10:03:00,180,1,222.99,0,0.0
13384,2011-06-14 12:47:00,2011-08-03 09:40:00,28,2,1755.84,49,49.0
13385,2011-01-14 09:52:00,2011-01-14 09:52:00,229,1,534.57,0,0.0
13388,2011-07-31 12:52:00,2011-07-31 12:52:00,31,2,677.1,0,0.0
13389,2011-04-21 12:12:00,2011-04-21 12:12:00,132,1,257.89,0,0.0
13391,2011-05-20 10:50:00,2011-05-20 10:50:00,103,1,59.8,0,0.0
13394,2011-02-03 10:39:00,2011-08-16 09:25:00,15,5,1543.45,193,48.25
13395,2011-06-07 15:04:00,2011-06-07 15:04:00,85,1,307.72,0,0.0
13396,2011-01-24 13:37:00,2011-01-24 13:37:00,219,1,387.27000000000004,0,0.0
13397,2011-01-04 13:50:00,2011-08-21 11:29:00,10,4,1228.19,228,76.0
13398,2011-05-31 13:17:00,2011-05-31 13:17:00,92,1,457.34000000000003,0,0.0
13402,2010-12-02 17:12:00,2011-08-04 15:51:00,27,2,621.23,244,244.0
13404,2011-05-11 11:57:00,2011-05-11 11:57:00,112,1,217.81,0,0.0
13405,2011-01-26 09:27:00,2011-05-19 16:31:00,104,2,557.45,113,113.0
13408,2010-12-01 10:39:00,2011-08-25 15:21:00,6,40,17408.08,267,6.846153846153846
13410,2011-02-21 14:38:00,2011-06-05 15:52:00,87,3,545.04,104,52.0
13411,2011-08-24 13:57:00,2011-08-24 13:57:00,7,1,213.55,0,0.0
13414,2011-02-16 12:13:00,2011-07-29 11:45:00,33,3,1390.5,162,81.0
13417,2011-05-18 16:26:00,2011-05-18 16:26:00,105,1,236.0,0,0.0
13418,2010-12-02 10:45:00,2011-08-07 15:43:00,24,14,4342.13,248,19.076923076923077
13420,2011-06-22 11:35:00,2011-07-13 08:48:00,49,2,159.85,20,20.0
13421,2011-02-22 15:46:00,2011-02-22 15:46:00,190,1,825.04,0,0.0
13425,2011-02-18 08:34:00,2011-08-23 17:13:00,8,3,1624.21,186,93.0
13426,2010-12-15 12:43:00,2011-06-10 09:23:00,82,5,1558.68,176,44.0
13427,2011-05-08 15:58:00,2011-08-11 12:53:00,20,2,464.86,94,94.0
13435,2011-06-03 17:07:00,2011-08-21 13:43:00,10,3,1088.12,78,39.0
13437,2011-06-02 14:30:00,2011-08-02 14:00:00,29,3,2024.25,60,30.0
13439,2011-03-29 14:20:00,2011-03-29 14:20:00,155,1,283.71,0,0.0
13448,2010-12-01 10:52:00,2011-05-05 11:53:00,118,4,1423.26,155,51.666666666666664
13450,2011-05-05 19:48:00,2011-08-07 10:24:00,24,4,1421.46,93,31.0
13451,2011-01-09 15:35:00,2011-08-05 16:43:00,26,4,2463.39,208,69.33333333333333
13452,2011-03-14 11:38:00,2011-03-25 14:19:00,159,2,590.0,11,11.0
13453,2011-02-23 09:44:00,2011-06-27 09:34:00,65,2,356.98,123,123.0
13455,2010-12-08 13:11:00,2010-12-08 13:11:00,266,1,692.94,0,0.0
13456,2011-05-16 15:34:00,2011-07-07 13:52:00,55,3,855.0600000000001,51,25.5
13458,2010-12-15 12:05:00,2011-07-27 10:40:00,35,9,7355.4400000000005,223,27.875
13461,2011-06-29 10:23:00,2011-07-24 11:32:00,38,2,884.2,25,25.0
13462,2011-04-01 11:20:00,2011-04-01 11:20:00,152,1,151.5,0,0.0
13466,2011-06-08 16:39:00,2011-06-08 16:39:00,84,1,307.90000000000003,0,0.0
13468,2010-12-01 15:08:00,2011-08-24 10:22:00,7,27,4255.53,265,10.192307692307692
13470,2011-08-16 17:06:00,2011-08-16 17:06:00,15,1,115.5,0,0.0
13473,2011-01-11 08:45:00,2011-01-11 08:45:00,232,1,241.26,0,0.0
13474,2011-04-17 13:53:00,2011-04-17 13:53:00,136,1,229.59,0,0.0
13475,2011-02-14 12:36:00,2011-06-01 13:52:00,91,4,1431.78,107,35.666666666666664
13476,2011-03-03 14:43:00,2011-06-14 12:00:00,78,2,1238.47,102,102.0
13477,2011-02-21 12:29:00,2011-07-24 13:17:00,38,4,899.55,153,51.0
13479,2011-04-19 11:27:00,2011-05-23 10:45:00,100,2,300.95,33,33.0
13481,2011-03-28 09:07:00,2011-08-23 13:28:00,8,4,1361.33,148,49.333333333333336
13482,2011-04-21 17:03:00,2011-04-21 17:03:00,132,1,184.64000000000001,0,0.0
13484,2011-04-12 16:30:00,2011-04-12 16:30:00,141,1,313.8,0,0.0
13485,2011-04-20 13:58:00,2011-04-20 13:58:00,133,1,454.24,0,0.0
13486,2011-07-07 17:19:00,2011-08-03 13:10:00,28,2,819.61,26,26.0
13487,2010-12-21 14:54:00,2011-05-10 16:19:00,113,2,408.8,140,140.0
13488,2010-12-07 13:01:00,2011-08-11 10:29:00,20,9,6596.38,246,30.75
13489,2011-02-18 10:42:00,2011-08-26 13:16:00,5,4,449.52,189,63.0
13491,2010-12-02 14:30:00,2011-07-15 09:00:00,47,9,1088.45,224,28.0
13492,2011-05-09 10:06:00,2011-07-26 14:25:00,36,3,1269.84,78,39.0
13493,2011-02-25 16:42:00,2011-03-09 15:35:00,175,2,618.63,11,11.0
13494,2011-02-01 11:58:00,2011-02-01 11:58:00,211,1,316.26000000000005,0,0.0
13495,2010-12-06 15:14:00,2011-04-21 15:15:00,132,3,1072.43,136,68.0
13496,2010-12-15 10:17:00,2010-12-15 10:17:00,259,1,501.01,0,0.0
13497,2010-12-06 11:37:00,2011-03-02 09:04:00,182,2,348.05,85,85.0
13499,2011-03-15 08:52:00,2011-04-28 14:59:00,125,2,463.79,44,44.0
13500,2011-08-09 12:20:00,2011-08-09 12:20:00,22,1,326.40000000000003,0,0.0
13501,2011-02-24 18:59:00,2011-02-24 18:59:00,188,1,1340.32,0,0.0
13502,2011-01-20 09:03:00,2011-03-10 08:40:00,174,2,189.16000000000003,48,48.0
13505,2011-04-21 12:07:00,2011-06-26 12:36:00,66,3,2583.12,66,33.0
13506,2010-12-05 12:15:00,2011-01-27 13:53:00,216,2,458.52,53,53.0
13507,2011-07-17 11:50:00,2011-08-24 15:12:00,7,2,1636.47,38,38.0
13508,2011-04-10 11:58:00,2011-04-10 11:58:00,143,1,110.97,0,0.0
13509,2011-02-28 13:27:00,2011-07-13 10:08:00,49,4,665.02,134,44.666666666666664
13510,2011-06-09 09:32:00,2011-06-09 09:32:00,83,1,585.32,0,0.0
13512,2011-03-24 10:03:00,2011-03-24 10:03:00,160,1,251.21,0,0.0
13513,2011-08-05 11:50:00,2011-08-05 11:50:00,26,1,205.1,0,0.0
13515,2011-04-06 10:33:00,2011-08-14 13:21:00,17,3,523.96,130,65.0
13516,2011-04-15 11:06:00,2011-04-15 11:06:00,138,1,146.0,0,0.0
13517,2011-06-13 08:44:00,2011-08-25 11:40:00,6,2,1612.18,73,73.0
13520,2010-12-03 10:36:00,2011-07-25 12:22:00,37,5,2947.98,234,58.5
13523,2010-12-08 14:22:00,2011-05-24 08:51:00,99,3,2369.24,166,83.0
13524,2011-05-04 12:26:00,2011-08-30 12:45:00,1,3,408.86,118,59.0
13525,2011-04-05 15:36:00,2011-04-05 15:36:00,148,1,282.88,0,0.0
13527,2011-01-17 11:17:00,2011-08-26 13:22:00,5,4,1366.42,221,73.66666666666667
13529,2011-05-19 11:50:00,2011-05-19 11:50:00,104,1,181.1,0,0.0
13531,2010-12-08 15:03:00,2011-05-18 16:56:00,105,2,483.8,161,161.0
13533,2011-03-17 12:47:00,2011-06-10 11:54:00,82,3,270.79,84,42.0
13534,2010-12-16 15:23:00,2011-08-24 10:36:00,7,21,4371.53,250,12.5
13538,2011-01-28 10:40:00,2011-08-11 08:50:00,20,5,891.75,194,48.5
13539,2011-02-03 15:23:00,2011-04-13 13:45:00,140,2,315.65,68,68.0
13544,2011-04-13 12:09:00,2011-04-13 12:09:00,140,1,122.91,0,0.0
13546,2011-05-23 12:14:00,2011-05-23 12:14:00,100,1,188.16,0,0.0
13548,2011-04-10 11:35:00,2011-04-10 11:35:00,143,1,281.01,0,0.0
13549,2011-04-11 13:42:00,2011-07-20 13:21:00,42,5,762.0500000000001,99,24.75
13551,2011-01-24 14:46:00,2011-01-24 14:46:00,219,1,91.80000000000001,0,0.0
13552,2011-01-28 10:10:00,2011-08-08 11:28:00,23,9,2762.91,192,24.0
13555,2011-05-22 11:06:00,2011-05-22 11:24:00,101,2,1590.05,0,0.0
13557,2011-03-04 12:14:00,2011-03-04 12:14:00,180,1,240.68,0,0.0
13561,2011-05-08 12:39:00,2011-05-08 12:39:00,115,1,141.85999999999999,0,0.0
13562,2011-04-08 12:42:00,2011-07-21 15:12:00,41,2,1209.73,104,104.0
13563,2011-07-22 17:21:00,2011-07-22 17:21:00,40,1,310.88,0,0.0
13564,2010-12-06 17:26:00,2011-07-18 14:33:00,44,3,1749.02,223,111.5
13565,2011-01-09 14:28:00,2011-01-09 14:28:00,234,1,110.17999999999999,0,0.0
13568,2011-06-19 14:42:00,2011-06-19 14:42:00,73,1,192.85,0,0.0
13569,2010-12-07 12:29:00,2010-12-07 12:29:00,267,1,118.32,0,0.0
13570,2011-04-10 13:36:00,2011-04-10 13:36:00,143,1,239.49,0,0.0
13571,2011-03-31 12:43:00,2011-08-04 11:59:00,27,6,801.15,125,25.0
13572,2011-05-18 11:59:00,2011-05-18 11:59:00,105,1,1384.25,0,0.0
13573,2011-03-31 14:47:00,2011-03-31 14:47:00,153,1,31.770000000000003,0,0.0
13575,2011-06-16 14:24:00,2011-07-29 11:28:00,33,2,218.75,42,42.0
13576,2010-12-01 17:24:00,2011-08-18 16:19:00,13,12,4517.21,259,23.545454545454547
13577,2011-04-12 10:33:00,2011-07-14 10:11:00,48,2,822.1,92,92.0
13579,2010-12-05 16:10:00,2010-12-05 16:10:00,269,1,164.7,0,0.0
13581,2011-02-03 14:41:00,2011-02-03 14:41:00,209,1,118.0,0,0.0
13583,2011-07-07 10:40:00,2011-07-07 10:40:00,55,1,781.03,0,0.0
13584,2011-02-06 12:49:00,2011-02-06 12:49:00,206,1,142.4,0,0.0
13588,2011-03-29 15:53:00,2011-08-11 15:25:00,20,3,1075.62,134,67.0
13589,2011-06-13 12:44:00,2011-06-13 12:44:00,79,1,147.0,0,0.0
13590,2011-02-09 13:25:00,2011-07-12 10:46:00,50,4,1116.38,152,50.666666666666664
13591,2011-03-18 12:18:00,2011-05-19 13:58:00,104,2,776.23,62,62.0
13592,2011-03-20 14:01:00,2011-05-18 09:13:00,105,3,205.51,58,29.0
13593,2011-01-07 16:32:00,2011-08-23 13:35:00,8,5,2037.0800000000002,227,56.75
13599,2010-12-08 10:11:00,2011-07-06 12:18:00,56,8,2313.84,210,30.0
13600,2011-01-31 15:27:00,2011-01-31 15:27:00,212,1,219.52,0,0.0
13601,2011-05-12 16:52:00,2011-05-12 16:52:00,111,1,373.2,0,0.0
13606,2011-02-01 11:42:00,2011-04-10 12:52:00,143,2,250.42,68,68.0
13610,2011-02-27 14:44:00,2011-08-21 14:42:00,10,5,776.21,174,43.5
13611,2010-12-15 10:31:00,2011-06-22 12:25:00,70,2,636.72,189,189.0
13614,2011-01-13 12:37:00,2011-06-28 14:58:00,64,2,794.98,166,166.0
13615,2011-01-25 08:21:00,2011-01-25 08:21:00,218,1,417.69,0,0.0
13617,2011-06-12 12:55:00,2011-08-18 13:17:00,13,2,365.7,67,67.0
13618,2011-06-19 11:09:00,2011-06-19 11:09:00,73,1,177.34,0,0.0
13621,2011-08-15 08:26:00,2011-08-15 08:26:00,16,1,213.85,0,0.0
13623,2011-02-15 13:08:00,2011-05-13 16:12:00,110,4,551.92,87,29.0
13626,2011-04-01 10:05:00,2011-04-01 10:05:00,152,1,257.23,0,0.0
13627,2010-12-17 09:52:00,2011-06-16 13:50:00,76,3,1027.0,181,90.5
13629,2011-01-05 12:09:00,2011-07-26 09:55:00,36,7,4897.36,201,33.5
13630,2011-02-27 12:49:00,2011-08-26 10:32:00,5,5,1361.46,179,44.75
13631,2011-03-17 17:13:00,2011-07-19 15:49:00,43,10,3017.92,123,13.666666666666666
13632,2011-04-10 15:07:00,2011-06-19 12:23:00,73,3,814.6,69,34.5
13634,2011-01-16 15:30:00,2011-08-25 13:46:00,6,3,783.77,220,110.0
13636,2011-02-27 14:29:00,2011-08-09 14:56:00,22,4,646.55,163,54.333333333333336
13637,2011-04-27 13:06:00,2011-06-05 13:24:00,87,2,684.85,39,39.0
13642,2011-05-08 12:34:00,2011-05-08 12:34:00,115,1,354.8,0,0.0
13643,2011-06-07 11:40:00,2011-06-07 11:40:00,85,1,87.9,0,0.0
13644,2011-08-26 11:53:00,2011-08-26 11:53:00,5,1,851.09,0,0.0
13645,2011-08-11 16:11:00,2011-08-11 16:11:00,20,1,252.1,0,0.0
13647,2011-04-19 09:49:00,2011-06-17 13:17:00,75,2,803.86,59,59.0
13649,2010-12-08 14:46:00,2011-03-28 11:51:00,156,2,346.6,109,109.0
13650,2011-03-17 12:37:00,2011-05-16 14:19:00,107,2,745.5200000000001,60,60.0
13652,2010-12-06 09:21:00,2011-03-28 09:21:00,156,2,638.24,112,112.0
13654,2011-03-11 12:54:00,2011-07-17 13:29:00,45,4,1714.27,128,42.666666666666664
13655,2011-04-12 09:53:00,2011-08-17 14:25:00,14,2,932.97,127,127.0
13656,2011-01-06 15:42:00,2011-06-28 10:31:00,64,2,379.65,172,172.0
13657,2011-05-22 12:35:00,2011-05-22 12:35:00,101,1,152.34,0,0.0
13658,2011-05-19 17:15:00,2011-05-19 17:15:00,104,1,933.3,0,0.0
13659,2011-01-23 12:08:00,2011-05-18 12:37:00,105,2,1573.2,115,115.0
13662,2011-03-25 13:23:00,2011-05-11 13:23:00,112,2,532.94,47,47.0
13663,2011-06-13 15:44:00,2011-06-13 15:44:00,79,1,189.47,0,0.0
13666,2011-02-25 13:05:00,2011-02-25 13:08:00,187,2,64.05,0,0.0
13667,2011-07-13 15:42:00,2011-07-13 15:42:00,49,1,305.02,0,0.0
13668,2010-12-12 12:35:00,2011-08-18 12:53:00,13,16,4934.87,249,16.6
13669,2011-07-13 11:44:00,2011-07-13 11:44:00,49,1,48.150000000000006,0,0.0
13672,2011-01-11 13:54:00,2011-02-11 13:53:00,201,2,186.39000000000001,30,30.0
13675,2011-02-28 12:14:00,2011-07-11 12:57:00,51,2,486.82000000000005,133,133.0
13678,2011-07-11 10:14:00,2011-07-11 10:14:00,51,1,232.6,0,0.0
13680,2011-01-04 14:12:00,2011-01-06 12:11:00,237,2,2391.59,1,1.0
13681,2011-07-07 15:21:00,2011-07-07 15:21:00,55,1,203.46,0,0.0
13682,2011-06-05 14:06:00,2011-06-05 14:06:00,87,1,59.5,0,0.0
13684,2011-02-27 10:13:00,2011-02-27 10:13:00,185,1,67.23,0,0.0
13686,2011-06-10 09:10:00,2011-06-10 09:10:00,82,1,72.0,0,0.0
13692,2011-04-17 12:57:00,2011-05-10 10:11:00,113,2,871.58,22,22.0
13694,2010-12-01 12:12:00,2011-08-24 13:27:00,7,39,45911.64,266,7.0
13695,2011-03-25 11:31:00,2011-08-12 11:41:00,19,11,1385.53,140,14.0
13699,2011-07-07 16:51:00,2011-07-07 16:51:00,55,1,308.58000000000004,0,0.0
13700,2011-01-16 13:18:00,2011-06-16 11:24:00,76,6,1245.8,150,30.0
13703,2011-01-25 13:10:00,2011-01-25 13:10:00,218,1,99.5,0,0.0
13705,2010-12-01 10:29:00,2011-07-18 09:15:00,44,2,522.68,228,228.0
13706,2011-02-10 09:21:00,2011-02-10 09:21:00,202,1,330.79,0,0.0
13707,2011-01-28 13:27:00,2011-03-17 18:03:00,167,2,806.41,48,48.0
13708,2011-03-13 13:46:00,2011-03-13 13:46:00,171,1,296.88,0,0.0
13709,2011-01-28 14:57:00,2011-08-30 10:20:00,1,5,2939.21,213,53.25
13711,2011-05-05 10:29:00,2011-05-05 10:31:00,118,2,252.06,0,0.0
13712,2011-04-07 12:33:00,2011-04-07 12:33:00,146,1,228.84,0,0.0
13715,2010-12-02 08:52:00,2011-03-03 19:21:00,181,5,1079.34,91,22.75
13716,2011-03-15 13:49:00,2011-03-15 13:49:00,169,1,138.28,0,0.0
13717,2011-02-14 13:21:00,2011-08-03 08:21:00,28,4,955.99,169,56.333333333333336
13718,2011-02-17 11:58:00,2011-04-07 13:24:00,146,2,306.55,49,49.0
13719,2011-04-19 13:56:00,2011-05-18 12:52:00,105,2,338.74,28,28.0
13720,2011-03-30 09:17:00,2011-08-15 12:46:00,16,4,799.9,138,46.0
13722,2011-03-02 11:43:00,2011-07-31 12:44:00,31,3,2375.41,151,75.5
13723,2011-05-06 17:04:00,2011-05-06 17:04:00,117,1,199.85000000000002,0,0.0
13725,2011-02-04 12:18:00,2011-06-23 16:02:00,69,7,1865.7,139,23.166666666666668
13726,2011-08-31 11:06:00,2011-08-31 11:06:00,0,1,292.68,0,0.0
13728,2011-02-02 12:09:00,2011-08-24 12:54:00,7,5,797.02,203,50.75
13730,2011-07-01 12:47:00,2011-07-27 08:35:00,35,2,752.6,25,25.0
13731,2011-04-07 10:10:00,2011-05-04 14:33:00,119,2,610.59,27,27.0
13735,2011-04-19 13:49:00,2011-06-17 11:07:00,75,2,1409.69,58,58.0
13736,2011-03-24 13:04:00,2011-03-24 13:04:00,160,1,357.53,0,0.0
13737,2011-05-23 16:32:00,2011-05-23 16:32:00,100,1,339.6,0,0.0
13740,2011-04-13 10:32:00,2011-04-13 10:32:00,140,1,350.75,0,0.0
13741,2011-05-06 13:43:00,2011-06-09 07:53:00,83,2,363.13,33,33.0
13742,2011-01-23 14:59:00,2011-06-30 13:25:00,62,10,2648.7200000000003,157,17.444444444444443
13743,2011-03-25 14:46:00,2011-08-24 10:20:00,7,5,912.12,151,37.75
13744,2011-02-20 14:08:00,2011-02-20 14:08:00,192,1,893.16,0,0.0
13745,2011-06-30 16:43:00,2011-06-30 16:43:00,62,1,300.04,0,0.0
13747,2010-12-01 10:37:00,2010-12-01 10:37:00,273,1,79.6,0,0.0
13748,2010-12-01 09:00:00,2011-04-21 14:30:00,132,3,580.85,141,70.5
13750,2011-01-07 11:49:00,2011-07-22 14:39:00,40,4,1316.63,196,65.33333333333333
13751,2011-02-24 15:56:00,2011-02-24 15:56:00,188,1,296.25,0,0.0
13752,2011-04-07 12:04:00,2011-08-07 14:16:00,24,6,1186.28,122,24.4
13753,2011-02-25 12:48:00,2011-02-25 12:48:00,187,1,741.26,0,0.0
13754,2011-01-26 14:58:00,2011-07-11 11:51:00,51,2,282.6,165,165.0
13756,2010-12-07 11:41:00,2011-08-02 17:04:00,29,7,2558.34,238,39.666666666666664
13758,2010-12-01 12:08:00,2011-05-22 15:12:00,101,5,2351.52,172,43.0
13760,2011-03-28 12:52:00,2011-03-28 12:52:00,156,1,135.09,0,0.0
13761,2011-06-13 08:43:00,2011-06-13 08:43:00,79,1,491.71,0,0.0
13762,2011-05-05 09:15:00,2011-05-05 09:15:00,118,1,306.72,0,0.0
13764,2011-01-06 14:53:00,2011-07-18 17:15:00,44,2,945.63,193,193.0
13767,2010-12-01 10:47:00,2011-08-23 10:24:00,8,28,9676.37,264,9.777777777777779
13769,2010-12-07 13:28:00,2011-08-09 10:47:00,22,6,1730.24,244,48.8
13771,2011-04-06 15:47:00,2011-05-24 12:57:00,99,2,1464.8500000000001,47,47.0
13772,2011-04-14 12:31:00,2011-04-14 12:31:00,139,1,228.42,0,0.0
13777,2010-12-01 16:01:00,2011-08-02 12:59:00,29,24,12360.24,243,10.565217391304348
13778,2011-08-28 15:25:00,2011-08-28 15:25:00,3,1,178.7,0,0.0
13780,2011-06-22 11:43:00,2011-06-22 11:43:00,70,1,116.28000000000002,0,0.0
13781,2011-04-03 12:08:00,2011-04-03 12:08:00,150,1,127.84,0,0.0
13782,2011-01-16 11:08:00,2011-08-07 12:21:00,24,3,487.93,203,101.5
13784,2011-01-11 14:38:00,2011-08-18 18:21:00,13,8,1968.6299999999999,219,31.285714285714285
13786,2010-12-07 13:53:00,2010-12-07 13:53:00,267,1,230.4,0,0.0
13787,2010-12-10 14:45:00,2010-12-10 14:45:00,264,1,106.4,0,0.0
13791,2011-06-24 16:38:00,2011-08-04 11:44:00,27,2,1516.0,40,40.0
13792,2011-02-25 14:03:00,2011-02-25 14:03:00,187,1,74.60000000000001,0,0.0
13798,2010-12-02 17:24:00,2011-08-24 10:37:00,7,41,28066.24,264,6.6
13799,2011-02-18 14:18:00,2011-08-15 12:07:00,16,2,688.86,177,177.0
13800,2011-02-03 12:27:00,2011-02-03 12:27:00,209,1,558.32,0,0.0
13802,2011-02-01 12:03:00,2011-07-24 10:54:00,38,3,4599.42,172,86.0
13803,2011-03-29 12:57:00,2011-03-29 12:57:00,155,1,277.07,0,0.0
13804,2011-02-23 09:09:00,2011-07-21 17:08:00,41,3,1355.11,148,74.0
13805,2011-08-02 15:29:00,2011-08-02 15:29:00,29,1,500.24,0,0.0
13807,2010-12-07 15:48:00,2010-12-07 15:48:00,267,1,112.6,0,0.0
13809,2011-02-07 13:15:00,2011-02-07 13:15:00,205,1,155.05,0,0.0
13811,2011-04-14 18:40:00,2011-06-09 09:54:00,83,3,814.5,55,27.5
13812,2011-08-26 12:54:00,2011-08-26 12:54:00,5,1,278.74,0,0.0
13813,2011-07-28 10:33:00,2011-07-28 10:33:00,34,1,385.14,0,0.0
13814,2011-07-25 13:54:00,2011-07-25 13:54:00,37,1,617.54,0,0.0
13815,2011-01-25 12:16:00,2011-06-20 13:08:00,72,2,2977.75,146,146.0
13817,2010-12-23 11:46:00,2010-12-23 11:46:00,251,1,128.7,0,0.0
13819,2011-01-24 10:38:00,2011-02-11 10:38:00,201,3,1140.35,18,9.0
13821,2011-03-23 11:30:00,2011-07-18 09:49:00,44,2,385.64,116,116.0
13824,2011-02-02 13:07:00,2011-07-27 09:22:00,35,4,1429.84,174,58.0
13826,2011-06-16 13:48:00,2011-06-16 13:48:00,76,1,189.5,0,0.0
13827,2011-07-19 15:38:00,2011-07-29 11:45:00,33,2,300.76,9,9.0
13831,2010-12-05 12:13:00,2011-07-24 12:26:00,38,4,1455.3899999999999,231,77.0
13833,2011-07-03 13:27:00,2011-07-03 13:27:00,59,1,384.8,0,0.0
13835,2011-05-08 15:22:00,2011-07-07 15:16:00,55,2,537.34,59,59.0
13837,2011-01-26 12:15:00,2011-05-12 12:10:00,111,2,271.24,105,105.0
13838,2010-12-05 10:45:00,2011-08-14 10:52:00,17,3,479.59,252,126.0
13841,2011-04-01 12:10:00,2011-04-01 12:10:00,152,1,85.0,0,0.0
13842,2010-12-08 10:39:00,2011-07-07 12:41:00,55,7,2165.27,211,35.166666666666664
13846,2010-12-14 16:07:00,2011-04-11 15:03:00,142,2,663.9300000000001,117,117.0
13848,2010-12-08 15:10:00,2011-02-15 10:17:00,197,2,935.0,68,68.0
13849,2011-06-22 10:11:00,2011-06-22 10:11:00,70,1,593.58,0,0.0
13850,2011-08-02 14:04:00,2011-08-02 14:04:00,29,1,1595.48,0,0.0
13851,2011-02-24 17:18:00,2011-08-03 14:07:00,28,2,1353.28,159,159.0
13854,2010-12-09 10:48:00,2011-08-25 12:59:00,6,19,6145.16,259,14.38888888888889
13856,2011-05-20 13:13:00,2011-06-24 10:03:00,68,3,388.5,34,17.0
13859,2011-01-17 16:14:00,2011-01-17 16:14:00,226,1,201.16,0,0.0
13862,2011-01-11 15:13:00,2011-08-23 14:53:00,8,6,1781.3,223,44.6
13863,2011-04-06 10:20:00,2011-04-06 10:20:00,147,1,305.78,0,0.0
13865,2011-02-23 12:04:00,2011-07-26 11:24:00,36,3,383.34000000000003,152,76.0
13867,2011-05-05 17:28:00,2011-05-05 17:28:00,118,1,138.85,0,0.0
13869,2010-12-17 15:14:00,2011-08-08 13:53:00,23,4,3104.9500000000003,233,77.66666666666667
13870,2011-02-25 09:09:00,2011-08-30 11:32:00,1,5,2179.4700000000003,186,46.5
13871,2011-02-04 09:30:00,2011-08-19 13:54:00,12,8,4074.2400000000002,196,28.0
13873,2011-02-03 09:37:00,2011-08-12 10:08:00,19,3,389.6,190,95.0
13874,2010-12-16 18:20:00,2010-12-16 18:20:00,258,1,540.45,0,0.0
13875,2011-02-11 15:39:00,2011-07-29 09:11:00,33,4,1424.8,167,55.666666666666664
13880,2010-12-07 14:00:00,2011-07-17 14:07:00,45,8,1680.76,222,31.714285714285715
13881,2011-02-01 10:14:00,2011-08-24 14:59:00,7,9,6969.14,204,25.5
13883,2011-03-31 17:17:00,2011-05-05 12:39:00,118,4,1742.78,34,11.333333333333334
13884,2011-03-01 13:40:00,2011-03-07 12:53:00,177,3,196.25,5,2.5
13885,2011-05-23 08:52:00,2011-06-03 15:07:00,89,2,506.8,11,11.0
13887,2011-05-19 17:22:00,2011-05-19 17:22:00,104,1,349.55,0,0.0
13888,2011-05-05 14:41:00,2011-08-12 10:13:00,19,2,605.63,98,98.0
13890,2010-12-16 09:31:00,2011-08-24 13:12:00,7,2,501.11,251,251.0
13892,2011-04-07 12:04:00,2011-04-07 12:04:00,146,1,54.519999999999996,0,0.0
13893,2011-02-15 11:30:00,2011-02-15 11:30:00,197,1,821.1,0,0.0
13894,2011-02-02 12:54:00,2011-02-02 12:54:00,210,1,160.85,0,0.0
13895,2011-06-28 10:17:00,2011-07-19 14:03:00,43,2,937.3000000000001,21,21.0
13898,2011-01-18 10:28:00,2011-01-18 10:28:00,225,1,155.93,0,0.0
13899,2011-03-10 09:30:00,2011-03-10 09:30:00,174,1,298.5,0,0.0
13900,2011-03-22 10:13:00,2011-06-09 19:26:00,83,3,740.95,79,39.5
13901,2011-01-25 09:01:00,2011-08-24 12:36:00,7,4,2652.28,211,70.33333333333333
13904,2011-02-18 11:18:00,2011-02-18 11:18:00,194,1,201.12,0,0.0
13908,2011-03-08 12:04:00,2011-08-05 11:46:00,26,3,1461.61,149,74.5
13911,2011-02-04 14:46:00,2011-07-18 13:30:00,44,8,2437.63,163,23.285714285714285
13917,2011-06-01 12:46:00,2011-06-01 12:46:00,91,1,65.38,0,0.0
13918,2011-03-31 18:05:00,2011-03-31 18:05:00,153,1,198.20000000000002,0,0.0
13919,2011-08-10 10:15:00,2011-08-10 10:15:00,21,1,213.15,0,0.0
13922,2010-12-23 10:38:00,2010-12-23 10:38:00,251,1,172.25,0,0.0
13925,2011-07-28 12:09:00,2011-08-10 12:41:00,21,2,496.05,13,13.0
13928,2011-07-29 15:59:00,2011-08-25 12:13:00,6,2,225.45000000000002,26,26.0
13929,2011-01-17 15:11:00,2011-06-23 15:26:00,69,2,842.65,157,157.0
13930,2011-07-26 11:00:00,2011-07-26 11:00:00,36,1,210.0,0,0.0
13931,2011-03-04 08:43:00,2011-03-04 08:43:00,180,1,378.21000000000004,0,0.0
13932,2011-02-18 12:02:00,2011-02-18 12:02:00,194,1,307.4,0,0.0
13933,2011-07-14 13:35:00,2011-08-22 14:03:00,9,2,608.79,39,39.0
13934,2011-03-21 08:39:00,2011-03-21 08:39:00,163,1,922.1,0,0.0
13936,2011-06-13 08:47:00,2011-06-13 08:47:00,79,1,376.58,0,0.0
13937,2011-06-23 16:35:00,2011-06-23 16:35:00,69,1,158.85,0,0.0
13939,2011-02-01 11:30:00,2011-08-23 11:53:00,8,2,390.21,203,203.0
13940,2011-07-18 16:05:00,2011-08-15 12:47:00,16,2,391.06,27,27.0
13941,2010-12-02 10:17:00,2011-06-21 09:44:00,71,3,2831.26,200,100.0
13946,2011-03-17 10:02:00,2011-05-22 12:03:00,101,2,485.96999999999997,66,66.0
13948,2010-12-14 10:18:00,2010-12-14 10:18:00,260,1,102.0,0,0.0
13950,2011-04-07 11:29:00,2011-04-07 11:29:00,146,1,179.31,0,0.0
13951,2011-02-18 15:21:00,2011-06-16 16:43:00,76,3,674.45,118,59.0
13952,2011-04-15 09:27:00,2011-05-06 09:00:00,117,2,3251.071,20,20.0
13953,2010-12-22 10:29:00,2011-08-16 10:03:00,15,5,2604.36,236,59.0
13955,2011-02-07 12:24:00,2011-07-08 17:19:00,54,2,322.96,151,151.0
13956,2011-03-13 12:51:00,2011-07-24 16:12:00,38,3,680.27,133,66.5
13959,2010-12-12 13:56:00,2011-03-03 18:16:00,181,2,337.44,81,81.0
13962,2011-04-08 11:21:00,2011-04-08 11:21:00,145,1,117.6,0,0.0
13963,2010-12-07 09:21:00,2011-02-04 14:43:00,208,4,664.54,59,19.666666666666668
13967,2011-07-17 12:02:00,2011-07-17 12:02:00,45,1,80.7,0,0.0
13969,2010-12-09 19:32:00,2011-08-24 15:47:00,7,11,3911.35,257,25.7
13971,2011-02-27 12:27:00,2011-08-25 14:23:00,6,6,1985.9,179,35.8
13972,2011-05-22 11:34:00,2011-05-22 11:34:00,101,1,145.9,0,0.0
13973,2011-02-25 15:21:00,2011-02-25 15:21:00,187,1,264.7,0,0.0
13975,2011-03-08 12:19:00,2011-08-03 13:39:00,28,4,1497.71,148,49.333333333333336
13976,2011-05-17 09:13:00,2011-05-17 09:13:00,106,1,357.98,0,0.0
13982,2010-12-09 13:57:00,2011-06-29 15:11:00,63,3,1230.14,202,101.0
13983,2010-12-08 10:38:00,2011-06-05 16:05:00,87,8,1681.06,179,25.571428571428573
13984,2010-12-08 15:58:00,2011-08-05 14:30:00,26,4,819.33,239,79.66666666666667
13985,2011-03-20 13:48:00,2011-08-24 13:11:00,7,7,2773.04,156,26.0
13988,2011-03-30 11:48:00,2011-06-30 11:54:00,62,3,1923.5,92,46.0
13989,2011-04-14 15:39:00,2011-04-14 15:39:00,139,1,896.67,0,0.0
13990,2011-05-10 15:19:00,2011-05-10 15:19:00,113,1,311.3,0,0.0
13991,2011-07-19 12:58:00,2011-07-19 12:58:00,43,1,126.35,0,0.0
13993,2011-01-13 10:43:00,2011-08-31 12:31:00,0,6,2247.41,230,46.0
13994,2011-07-14 18:28:00,2011-08-26 11:35:00,5,2,419.56,42,42.0
13995,2011-04-08 08:20:00,2011-08-16 09:00:00,15,3,871.9,130,65.0
13999,2010-12-13 11:23:00,2011-08-16 11:48:00,15,8,2561.94,246,35.142857142857146
14000,2011-05-12 16:50:00,2011-05-12 16:50:00,111,1,635.66,0,0.0
14001,2010-12-01 12:58:00,2011-04-21 09:26:00,132,2,1309.14,140,140.0
14002,2011-07-06 14:59:00,2011-07-28 15:55:00,34,2,529.73,22,22.0
14004,2011-02-24 09:28:00,2011-08-23 12:21:00,8,4,2962.26,180,60.0
14005,2011-05-08 10:33:00,2011-07-29 10:00:00,33,3,696.56,81,40.5
14006,2011-01-31 15:11:00,2011-08-16 09:39:00,15,3,962.19,196,98.0
14009,2011-05-18 13:00:00,2011-05-25 15:47:00,98,2,695.61,7,7.0
14012,2011-03-07 12:26:00,2011-03-07 12:26:00,177,1,328.8,0,0.0
14013,2011-03-09 08:59:00,2011-08-21 15:01:00,10,3,473.02,165,82.5
14016,2010-12-17 14:21:00,2011-07-01 11:29:00,61,4,4341.21,195,65.0
14019,2011-07-24 15:39:00,2011-07-24 15:39:00,38,1,384.29,0,0.0
14021,2011-03-28 15:10:00,2011-07-07 15:46:00,55,3,631.9,101,50.5
14022,2011-04-28 14:39:00,2011-04-28 14:39:00,125,1,440.0,0,0.0
14023,2011-04-03 15:50:00,2011-04-03 15:50:00,150,1,273.14,0,0.0
14024,2011-08-07 13:31:00,2011-08-10 11:30:00,21,2,327.7,2,2.0
14029,2011-07-18 16:57:00,2011-07-18 16:57:00,44,1,165.20000000000002,0,0.0
14030,2010-12-08 16:11:00,2011-08-10 16:19:00,21,6,1657.5,245,49.0
14031,2010-12-02 16:34:00,2011-08-05 14:49:00,26,13,9627.03,245,20.416666666666668
14032,2010-12-08 10:53:00,2011-06-24 11:08:00,68,6,1845.3700000000001,198,39.6
14034,2011-07-05 13:06:00,2011-07-05 13:15:00,57,2,473.90999999999997,0,0.0
14035,2011-02-15 12:48:00,2011-08-24 13:15:00,7,3,837.26,190,95.0
14036,2011-02-28 09:26:00,2011-02-28 09:26:00,184,1,626.65,0,0.0
14037,2010-12-10 11:39:00,2011-06-16 13:57:00,76,2,147.20000000000002,188,188.0
14038,2011-05-16 14:05:00,2011-07-18 15:15:00,44,2,1086.42,63,63.0
14040,2011-01-12 14:57:00,2011-08-14 12:12:00,17,9,2485.91,213,26.625
14041,2011-03-18 13:25:00,2011-03-18 13:25:00,166,1,141.41,0,0.0
14044,2011-02-03 11:39:00,2011-08-28 14:39:00,3,3,542.11,206,103.0
14045,2010-12-01 11:32:00,2011-08-22 15:27:00,9,4,1659.75,264,88.0
14046,2011-02-28 14:48:00,2011-02-28 14:48:00,184,1,154.99,0,0.0
14047,2010-12-02 10:09:00,2011-05-24 11:35:00,99,3,635.92,173,86.5
14048,2011-02-07 14:53:00,2011-02-07 14:53:00,205,1,409.93,0,0.0
14049,2011-01-26 11:27:00,2011-07-04 11:47:00,58,3,3285.39,159,79.5
14050,2011-08-25 13:46:00,2011-08-25 13:46:00,6,1,485.98,0,0.0
14051,2010-12-08 12:49:00,2011-08-18 17:39:00,13,15,8687.44,253,18.071428571428573
14053,2011-07-03 12:21:00,2011-08-07 14:27:00,24,2,260.25,35,35.0
14055,2011-08-25 15:04:00,2011-08-25 15:04:00,6,1,725.6400000000001,0,0.0
14056,2011-02-28 15:19:00,2011-08-24 16:02:00,7,17,5382.51,177,11.0625
14057,2010-12-14 12:11:00,2011-08-31 09:55:00,0,13,4811.98,259,21.583333333333332
14059,2011-03-18 10:06:00,2011-03-18 10:06:00,166,1,183.6,0,0.0
14060,2010-12-02 12:11:00,2011-08-23 16:49:00,8,14,4102.78,264,20.307692307692307
14062,2010-12-10 15:56:00,2011-08-19 11:56:00,12,9,7801.79,251,31.375
14064,2011-03-10 12:59:00,2011-08-18 18:11:00,13,4,1097.68,161,53.666666666666664
14066,2011-03-18 12:21:00,2011-03-18 12:21:00,166,1,152.55,0,0.0
14068,2011-01-23 16:02:00,2011-01-23 16:02:00,220,1,265.85,0,0.0
14071,2011-03-20 11:33:00,2011-03-24 13:28:00,160,2,356.81,4,4.0
14075,2011-03-23 16:35:00,2011-03-23 16:35:00,161,1,307.92,0,0.0
14076,2011-08-02 15:19:00,2011-08-02 15:19:00,29,1,122.47,0,0.0
14077,2011-03-10 15:52:00,2011-06-10 14:31:00,82,3,310.4,91,45.5
14078,2010-12-01 12:54:00,2011-08-30 12:16:00,1,6,1049.37,271,54.2
14079,2011-08-07 12:10:00,2011-08-07 12:10:00,24,1,375.1,0,0.0
14081,2010-12-05 15:47:00,2011-02-10 16:17:00,202,2,934.52,67,67.0
14082,2010-12-10 11:02:00,2010-12-10 11:02:00,264,1,182.25,0,0.0
14083,2010-12-03 12:24:00,2011-08-05 14:31:00,26,7,548.92,245,40.833333333333336
14085,2010-12-06 12:39:00,2011-07-21 13:48:00,41,12,3248.19,227,20.636363636363637
14088,2011-01-21 13:07:00,2011-08-03 11:21:00,28,7,25507.89,193,32.166666666666664
14090,2011-01-19 10:51:00,2011-01-19 10:51:00,224,1,76.32000000000001,0,0.0
14092,2010-12-16 15:47:00,2011-07-31 13:36:00,31,9,2437.8,226,28.25
14096,2011-08-30 10:49:00,2011-08-30 10:49:00,1,1,21.84,0,0.0
14099,2010-12-20 11:14:00,2011-08-11 15:34:00,20,8,2309.92,234,33.42857142857143
14100,2011-07-25 11:01:00,2011-07-25 11:01:00,37,1,194.9,0,0.0
14101,2011-01-17 13:09:00,2011-07-20 12:08:00,42,5,4944.39,183,45.75
14104,2011-06-27 12:49:00,2011-07-08 12:50:00,54,2,216.21,11,11.0
14105,2011-04-14 17:58:00,2011-04-14 17:58:00,139,1,1266.23,0,0.0
14107,2010-12-10 13:29:00,2011-06-16 16:47:00,76,5,1836.84,188,47.0
14108,2011-08-30 11:32:00,2011-08-30 11:32:00,1,1,291.33,0,0.0
14110,2011-03-18 09:59:00,2011-08-12 14:47:00,19,5,3259.62,147,36.75
14111,2011-04-12 11:36:00,2011-08-25 14:51:00,6,2,247.2,135,135.0
14112,2011-03-09 11:28:00,2011-08-01 12:16:00,30,4,1900.82,145,48.333333333333336
14113,2010-12-20 12:14:00,2010-12-20 12:14:00,254,1,433.5,0,0.0
14114,2011-01-13 11:05:00,2011-03-11 09:42:00,173,2,386.53,56,56.0
14116,2011-08-10 12:44:00,2011-08-10 12:44:00,21,1,319.97,0,0.0
14117,2011-07-19 09:49:00,2011-07-19 09:49:00,43,1,90.0,0,0.0
14127,2011-02-02 12:26:00,2011-08-09 10:49:00,22,3,709.71,187,93.5
14128,2011-03-29 10:49:00,2011-03-29 10:49:00,155,1,305.54,0,0.0
14129,2011-03-24 08:44:00,2011-03-24 08:44:00,160,1,358.90000000000003,0,0.0
14130,2011-01-24 16:05:00,2011-01-24 16:05:00,219,1,483.86,0,0.0
14132,2011-06-09 12:04:00,2011-08-18 11:59:00,13,5,1552.46,69,17.25
14133,2011-01-28 11:27:00,2011-08-02 11:34:00,29,3,605.64,186,93.0
14135,2010-12-02 10:27:00,2011-08-26 14:44:00,5,10,3190.32,267,29.666666666666668
14141,2011-08-26 14:40:00,2011-08-26 14:40:00,5,1,285.16,0,0.0
14142,2010-12-01 16:33:00,2010-12-01 16:33:00,273,1,311.81,0,0.0
14143,2011-07-29 09:48:00,2011-07-29 09:48:00,33,1,115.8,0,0.0
14145,2011-05-06 13:01:00,2011-07-06 11:52:00,56,3,2851.2,60,30.0
14146,2010-12-17 15:52:00,2011-03-30 11:04:00,154,2,1903.73,102,102.0
14147,2011-02-27 11:42:00,2011-02-27 11:42:00,185,1,182.8,0,0.0
14148,2011-04-20 12:02:00,2011-04-20 12:02:00,133,1,157.2,0,0.0
14149,2011-05-03 09:44:00,2011-05-03 09:44:00,120,1,446.62,0,0.0
14150,2010-12-15 10:04:00,2010-12-15 10:04:00,259,1,306.18,0,0.0
14152,2011-04-19 15:46:00,2011-04-19 15:46:00,134,1,314.51,0,0.0
14154,2011-04-14 15:58:00,2011-04-14 16:26:00,139,2,1345.62,0,0.0
14155,2011-03-18 14:13:00,2011-03-18 14:13:00,166,1,118.75,0,0.0
14156,2010-12-03 11:48:00,2011-08-17 13:45:00,14,35,85001.9,257,7.5588235294117645
14157,2011-02-27 13:04:00,2011-02-27 13:04:00,185,1,277.17,0,0.0
14159,2010-12-12 11:17:00,2011-07-18 11:47:00,44,6,2184.21,218,43.6
14161,2010-12-05 13:18:00,2011-05-08 11:41:00,115,3,1110.52,153,76.5
14162,2011-02-20 12:32:00,2011-06-19 11:36:00,73,2,289.36,118,118.0
14163,2011-04-14 17:33:00,2011-07-10 14:49:00,52,3,1659.39,86,43.0
14165,2011-03-09 12:39:00,2011-03-09 12:39:00,175,1,122.53999999999999,0,0.0
14167,2011-01-12 15:44:00,2011-06-27 16:46:00,65,3,402.1,166,83.0
14173,2011-05-04 14:03:00,2011-05-04 14:03:00,119,1,114.04,0,0.0
14175,2011-01-14 12:22:00,2011-06-21 14:29:00,71,2,1205.99,158,158.0
14176,2010-12-07 11:45:00,2011-02-15 13:12:00,197,4,576.9000000000001,70,23.333333333333332
14177,2011-06-13 11:10:00,2011-06-13 11:10:00,79,1,118.08,0,0.0
14178,2011-06-10 12:51:00,2011-07-19 13:01:00,43,2,312.89,39,39.0
14180,2010-12-02 13:08:00,2011-08-25 12:46:00,6,21,4110.12,265,13.25
14185,2011-01-12 13:52:00,2011-01-12 13:52:00,231,1,197.65,0,0.0
14188,2011-02-02 13:46:00,2011-08-22 13:42:00,9,4,1383.46,200,66.66666666666667
14189,2010-12-06 11:42:00,2011-08-18 14:48:00,13,10,2906.96,255,28.333333333333332
14191,2011-05-03 10:30:00,2011-08-23 14:25:00,8,7,2258.26,112,18.666666666666668
14193,2011-03-15 11:38:00,2011-03-15 11:38:00,169,1,422.54,0,0.0
14194,2011-02-04 14:51:00,2011-08-25 14:42:00,6,12,5666.45,201,18.272727272727273
14195,2011-04-01 16:50:00,2011-05-22 10:29:00,101,2,1012.0,50,50.0
14196,2011-08-25 10:25:00,2011-08-25 10:25:00,6,1,335.52,0,0.0
14198,2011-04-14 14:54:00,2011-07-17 15:47:00,45,2,356.95,94,94.0
14199,2011-05-05 13:44:00,2011-05-05 13:44:00,118,1,185.39999999999998,0,0.0
14201,2010-12-15 13:25:00,2011-07-13 15:18:00,49,5,521.24,210,52.5
14205,2011-03-20 15:07:00,2011-03-20 15:07:00,164,1,222.9,0,0.0
14206,2011-04-14 16:38:00,2011-04-14 16:38:00,139,1,328.15999999999997,0,0.0
14209,2011-01-11 12:56:00,2011-08-10 16:01:00,21,5,1876.33,211,52.75
14210,2010-12-03 12:43:00,2011-08-26 12:36:00,5,6,1905.8400000000001,265,53.0
14211,2011-02-17 15:50:00,2011-05-16 10:46:00,107,5,909.89,87,21.75
14214,2011-03-07 12:26:00,2011-07-06 15:02:00,56,3,899.16,121,60.5
14215,2010-12-06 15:34:00,2011-06-06 10:04:00,86,4,1098.27,181,60.333333333333336
14217,2010-12-08 13:28:00,2011-07-07 10:39:00,55,9,1085.0,210,26.25
14220,2010-12-16 18:18:00,2011-04-06 13:23:00,147,2,632.4000000000001,110,110.0
14221,2011-01-04 15:33:00,2011-08-18 17:43:00,13,7,2617.01,226,37.666666666666664
14222,2011-06-15 16:42:00,2011-06-15 16:42:00,77,1,683.17,0,0.0
14223,2011-03-20 16:02:00,2011-07-05 11:36:00,57,2,656.59,106,106.0
14224,2011-01-23 13:58:00,2011-08-21 13:24:00,10,4,1050.1200000000001,209,69.66666666666667
14226,2011-03-15 15:36:00,2011-05-13 14:16:00,110,2,1709.4,58,58.0
14227,2011-02-28 12:27:00,2011-05-27 14:50:00,96,7,2399.52,88,14.666666666666666
14229,2011-01-10 12:03:00,2011-02-21 09:45:00,191,2,762.13,41,41.0
14231,2011-02-24 11:55:00,2011-06-09 11:05:00,83,3,925.71,104,52.0
14232,2011-03-20 12:44:00,2011-08-16 12:52:00,15,4,1573.33,149,49.666666666666664
14233,2011-01-26 12:43:00,2011-05-12 10:45:00,111,3,959.1,105,52.5
14235,2011-03-24 13:23:00,2011-07-05 10:58:00,57,4,2802.86,102,34.0
14236,2010-12-02 18:49:00,2010-12-02 18:49:00,272,1,189.3,0,0.0
14237,2010-12-01 13:20:00,2010-12-01 13:20:00,273,1,161.0,0,0.0
14238,2011-01-17 14:40:00,2011-01-17 14:40:00,226,1,146.85,0,0.0
14239,2011-01-27 14:45:00,2011-08-01 10:09:00,30,7,1415.54,185,30.833333333333332
14240,2011-04-28 11:40:00,2011-04-28 11:40:00,125,1,226.85000000000002,0,0.0
14241,2011-06-09 11:46:00,2011-06-09 11:46:00,83,1,213.70000000000002,0,0.0
14242,2011-01-18 08:53:00,2011-04-19 11:46:00,134,2,280.55,91,91.0
14243,2010-12-09 08:34:00,2011-07-22 14:07:00,40,7,1990.78,225,37.5
14245,2011-03-21 10:41:00,2011-05-04 08:40:00,119,2,1693.45,43,43.0
14246,2011-04-08 08:25:00,2011-08-21 11:50:00,10,3,1474.06,135,67.5
14247,2011-03-06 15:21:00,2011-03-06 15:21:00,178,1,136.77,0,0.0
14248,2011-01-25 14:45:00,2011-01-25 14:45:00,218,1,302.58,0,0.0
14256,2010-12-10 11:44:00,2011-03-24 13:17:00,160,2,969.0600000000001,104,104.0
14257,2011-01-25 10:49:00,2011-08-08 15:35:00,23,4,2725.84,195,65.0
14258,2011-01-06 12:18:00,2011-07-11 10:12:00,51,7,9386.32,185,30.833333333333332
14259,2011-07-21 10:44:00,2011-07-21 10:44:00,41,1,120.0,0,0.0
14262,2011-04-13 12:23:00,2011-08-24 15:04:00,7,3,855.0,133,66.5
14264,2011-04-08 12:20:00,2011-07-08 10:20:00,54,2,333.97,90,90.0
14265,2011-07-14 09:10:00,2011-08-22 13:32:00,9,2,530.18,39,39.0
14267,2011-03-24 11:38:00,2011-06-30 10:09:00,62,3,1516.24,97,48.5
14270,2011-01-12 09:33:00,2011-01-12 09:33:00,231,1,492.65000000000003,0,0.0
14271,2011-04-28 12:47:00,2011-04-28 12:47:00,125,1,112.32000000000001,0,0.0
14272,2011-03-30 13:57:00,2011-03-30 13:57:00,154,1,132.09,0,0.0
14273,2011-04-11 13:24:00,2011-07-26 14:56:00,36,3,450.05,106,53.0
14276,2011-02-23 09:38:00,2011-06-12 09:56:00,80,2,720.4,109,109.0
14277,2011-05-11 13:20:00,2011-05-11 13:20:00,112,1,1637.43,0,0.0
14280,2011-05-27 10:37:00,2011-05-27 10:37:00,96,1,134.04,0,0.0
14282,2010-12-07 12:21:00,2011-08-22 11:03:00,9,9,2495.44,257,32.125
14285,2011-06-16 12:36:00,2011-06-16 12:36:00,76,1,5.9,0,0.0
14286,2011-04-11 08:16:00,2011-04-11 08:16:00,142,1,2050.08,0,0.0
14287,2011-05-25 11:41:00,2011-05-25 11:44:00,98,2,83.28,0,0.0
14288,2011-05-10 13:22:00,2011-05-10 13:22:00,113,1,426.6,0,0.0
14289,2011-02-23 12:33:00,2011-07-28 10:24:00,34,5,832.78,154,38.5
14290,2010-12-13 10:24:00,2010-12-13 10:24:00,261,1,777.5600000000001,0,0.0
14291,2011-03-09 15:20:00,2011-08-11 10:55:00,20,7,2355.54,154,25.666666666666668
14292,2011-03-02 08:26:00,2011-07-17 12:18:00,45,4,2590.21,137,45.666666666666664
14293,2010-12-06 10:18:00,2011-07-15 15:28:00,47,3,739.41,221,110.5
14297,2011-03-10 08:31:00,2011-03-10 08:31:00,174,1,232.6,0,0.0
14298,2010-12-14 12:59:00,2011-08-08 14:37:00,23,36,35591.84,237,6.771428571428571
14299,2010-12-09 10:30:00,2011-08-24 11:54:00,7,5,2437.14,258,64.5
14301,2011-08-14 15:33:00,2011-08-14 15:33:00,17,1,640.14,0,0.0
14304,2011-05-01 11:50:00,2011-05-01 11:50:00,122,1,383.45,0,0.0
14305,2011-07-27 14:14:00,2011-08-18 06:20:00,13,2,1048.45,21,21.0
14307,2010-12-01 11:41:00,2011-07-28 09:45:00,34,4,2307.89,238,79.33333333333333
14309,2010-12-16 13:05:00,2011-06-24 12:51:00,68,6,1310.02,189,37.8
14311,2011-04-11 10:14:00,2011-04-11 10:14:00,142,1,310.26,0,0.0
14312,2011-01-06 16:35:00,2011-06-06 09:01:00,86,4,854.59,150,50.0
14314,2011-08-25 10:39:00,2011-08-25 10:39:00,6,1,120.0,0,0.0
14315,2011-03-18 12:59:00,2011-08-02 13:31:00,29,5,1550.15,137,34.25
14320,2011-01-11 09:12:00,2011-05-17 09:24:00,106,2,477.79,126,126.0
14321,2011-01-10 11:35:00,2011-08-15 09:57:00,16,3,900.65,216,108.0
14323,2011-04-15 11:44:00,2011-08-17 11:37:00,14,2,605.0600000000001,123,123.0
14326,2011-04-11 15:04:00,2011-04-11 15:04:00,142,1,183.85,0,0.0
14327,2011-06-29 13:58:00,2011-06-29 13:58:00,63,1,311.65000000000003,0,0.0
14329,2011-01-14 13:42:00,2011-08-23 12:18:00,8,4,3485.03,220,73.33333333333333
14331,2011-07-27 15:14:00,2011-08-07 13:17:00,24,2,462.66,10,10.0
14332,2011-07-15 10:33:00,2011-07-15 10:33:00,47,1,119.04,0,0.0
14334,2010-12-16 17:37:00,2011-08-09 13:10:00,22,6,2013.51,235,47.0
14336,2011-03-08 16:48:00,2011-05-25 14:44:00,98,3,1114.39,77,38.5
14338,2011-05-27 13:30:00,2011-07-01 14:08:00,61,2,588.22,35,35.0
14339,2011-04-11 11:06:00,2011-04-11 11:06:00,142,1,309.52000000000004,0,0.0
14340,2011-05-05 09:44:00,2011-05-05 09:44:00,118,1,134.7,0,0.0
14341,2011-01-25 13:55:00,2011-08-01 14:05:00,30,6,1139.52,188,37.6
14342,2011-05-13 13:50:00,2011-07-25 14:35:00,37,2,419.74,73,73.0
14344,2010-12-06 11:58:00,2011-08-04 13:51:00,27,8,889.9300000000001,241,34.42857142857143
14346,2011-02-15 13:52:00,2011-08-11 09:47:00,20,2,1021.58,176,176.0
14348,2011-03-24 16:23:00,2011-03-24 16:23:00,160,1,409.57,0,0.0
14350,2011-03-10 14:14:00,2011-03-10 14:14:00,174,1,282.93,0,0.0
14351,2011-06-28 11:56:00,2011-06-28 11:56:00,64,1,51.0,0,0.0
14352,2011-03-11 14:58:00,2011-07-05 15:41:00,57,4,1078.96,116,38.666666666666664
14353,2011-05-08 16:06:00,2011-05-08 16:06:00,115,1,90.6,0,0.0
14355,2010-12-09 12:16:00,2010-12-09 12:16:00,265,1,174.4,0,0.0
14364,2011-05-12 12:56:00,2011-08-23 11:01:00,8,8,3717.35,102,14.571428571428571
14367,2011-03-08 14:12:00,2011-07-25 09:26:00,37,10,5448.45,138,15.333333333333334
14368,2011-01-24 09:52:00,2011-01-24 09:52:00,219,1,155.0,0,0.0
14371,2011-02-17 16:35:00,2011-02-17 16:35:00,195,1,100.5,0,0.0
14373,2010-12-16 15:40:00,2010-12-16 15:40:00,258,1,76.55,0,0.0
14375,2011-06-07 13:44:00,2011-06-07 13:44:00,85,1,257.68,0,0.0
14377,2011-03-22 13:38:00,2011-06-01 13:32:00,91,2,617.05,70,70.0
14379,2011-02-17 15:03:00,2011-02-17 15:03:00,195,1,110.98,0,0.0
14383,2011-06-29 10:18:00,2011-06-29 10:18:00,63,1,242.09,0,0.0
14386,2011-02-16 09:45:00,2011-02-16 09:45:00,196,1,142.4,0,0.0
14387,2011-08-22 14:13:00,2011-08-22 14:13:00,9,1,440.76,0,0.0
14388,2010-12-02 11:02:00,2011-08-10 11:58:00,21,5,1835.11,251,62.75
14389,2011-06-02 12:04:00,2011-06-02 12:04:00,90,1,311.14,0,0.0
14390,2010-12-02 11:57:00,2011-07-18 13:35:00,44,4,1592.66,228,76.0
14393,2011-05-05 18:16:00,2011-05-05 18:16:00,118,1,67.95,0,0.0
14395,2010-12-02 18:15:00,2011-06-15 12:21:00,77,6,1966.22,194,38.8
14396,2010-12-03 15:19:00,2010-12-03 15:19:00,271,1,110.35000000000001,0,0.0
14397,2011-05-10 12:25:00,2011-08-22 11:17:00,9,9,856.0,103,12.875
14400,2011-07-13 15:50:00,2011-07-13 15:50:00,49,1,574.7,0,0.0
14401,2010-12-15 09:07:00,2011-08-24 14:57:00,7,9,2766.2999999999997,252,31.5
14403,2011-04-06 14:23:00,2011-08-01 12:57:00,30,4,1475.81,116,38.666666666666664
14404,2010-12-05 16:00:00,2011-08-23 11:16:00,8,5,1347.52,260,65.0
14406,2011-08-12 16:54:00,2011-08-12 16:54:00,19,1,156.75,0,0.0
14407,2011-03-08 11:59:00,2011-08-24 14:02:00,7,6,2157.73,169,33.8
14408,2011-03-20 14:41:00,2011-08-01 11:23:00,30,5,1996.51,133,33.25
14409,2010-12-06 15:03:00,2011-08-09 10:52:00,22,5,1943.73,245,61.25
14410,2011-02-07 09:36:00,2011-07-21 15:16:00,41,7,979.98,164,27.333333333333332
14411,2011-02-02 10:56:00,2011-02-02 10:56:00,210,1,1063.0,0,0.0
14413,2010-12-12 13:37:00,2010-12-12 13:37:00,262,1,122.7,0,0.0
14414,2010-12-16 11:11:00,2011-08-22 12:55:00,9,5,1137.08,249,62.25
14415,2010-12-14 13:31:00,2011-08-08 12:36:00,23,8,3339.33,236,33.714285714285715
14418,2011-08-23 17:18:00,2011-08-23 17:18:00,8,1,150.44,0,0.0
14419,2010-12-10 10:56:00,2011-04-01 11:47:00,152,2,307.56,112,112.0
14421,2011-05-12 10:49:00,2011-05-12 10:49:00,111,1,455.18,0,0.0
14422,2011-03-17 17:26:00,2011-06-22 15:07:00,70,2,1032.15,96,96.0
14423,2011-05-05 15:12:00,2011-05-05 15:12:00,118,1,265.2,0,0.0
14426,2011-01-31 09:51:00,2011-07-22 11:56:00,40,6,2885.58,172,34.4
14428,2011-01-18 16:39:00,2011-04-14 09:43:00,139,2,330.62,85,85.0
14431,2011-02-10 10:40:00,2011-02-10 10:40:00,202,1,470.36,0,0.0
14437,2010-12-09 09:27:00,2010-12-09 09:27:00,265,1,63.0,0,0.0
14438,2011-02-06 14:56:00,2011-02-06 14:56:00,206,1,131.9,0,0.0
14439,2011-01-24 11:39:00,2011-01-24 11:39:00,219,1,2661.24,0,0.0
14440,2010-12-09 12:49:00,2011-01-27 10:30:00,216,2,1185.71,48,48.0
14441,2011-03-29 12:01:00,2011-03-29 12:01:00,155,1,356.84000000000003,0,0.0
14442,2011-01-27 09:33:00,2011-05-19 11:36:00,104,2,1589.82,112,112.0
14443,2010-12-06 11:03:00,2011-07-24 11:40:00,38,3,991.52,230,115.0
14446,2011-04-07 12:10:00,2011-04-07 12:10:00,146,1,303.04,0,0.0
14447,2011-03-04 10:49:00,2011-05-27 14:29:00,96,2,601.03,84,84.0
14448,2010-12-10 17:26:00,2010-12-10 17:26:00,264,1,102.35000000000001,0,0.0
14449,2010-12-02 14:09:00,2011-04-07 12:16:00,146,2,401.3,125,125.0
14450,2011-01-23 11:53:00,2011-06-12 10:46:00,80,3,483.25,139,69.5
14451,2011-05-29 12:35:00,2011-05-29 12:35:00,94,1,360.0,0,0.0
14453,2011-06-02 14:15:00,2011-06-02 14:15:00,90,1,119.93,0,0.0
14456,2011-07-20 13:06:00,2011-07-31 15:00:00,31,3,636.65,11,5.5
14457,2011-02-02 09:39:00,2011-02-02 09:39:00,210,1,113.64,0,0.0
14459,2011-07-07 13:35:00,2011-07-07 13:35:00,55,1,1837.92,0,0.0
14460,2011-02-02 11:55:00,2011-08-21 14:19:00,10,3,434.34,200,100.0
14461,2011-03-23 12:15:00,2011-07-14 17:11:00,48,3,2103.06,113,56.5
14462,2011-01-04 12:45:00,2011-08-11 09:57:00,20,9,1534.1,218,27.25
14463,2011-05-18 14:42:00,2011-06-22 10:31:00,70,2,309.42,34,34.0
14465,2011-02-10 12:13:00,2011-04-07 12:38:00,146,3,1058.6200000000001,56,28.0
14466,2010-12-02 13:36:00,2011-08-16 08:39:00,15,5,1580.45,256,64.0
14467,2011-01-31 12:35:00,2011-01-31 12:35:00,212,1,131.7,0,0.0
14470,2011-02-25 11:56:00,2011-02-25 11:56:00,187,1,297.64,0,0.0
14472,2010-12-19 14:03:00,2011-08-28 11:01:00,3,8,1936.84,251,35.857142857142854
14473,2011-03-02 13:56:00,2011-03-02 13:56:00,182,1,85.0,0,0.0
14475,2011-02-08 10:12:00,2011-06-06 13:06:00,86,2,622.1700000000001,118,118.0
14476,2011-03-27 15:39:00,2011-03-27 15:39:00,157,1,215.7,0,0.0
14477,2011-02-15 15:44:00,2011-06-08 13:33:00,84,2,523.0,112,112.0
14479,2010-12-09 12:59:00,2011-03-31 09:07:00,153,2,316.25,111,111.0
14481,2011-02-25 13:53:00,2011-06-28 10:38:00,64,2,636.51,122,122.0
14482,2011-04-14 16:41:00,2011-04-14 16:41:00,139,1,238.1,0,0.0
14483,2011-03-03 10:26:00,2011-03-03 10:26:00,181,1,137.1,0,0.0
14487,2010-12-06 13:22:00,2010-12-06 13:22:00,268,1,125.10000000000001,0,0.0
14489,2011-05-16 14:51:00,2011-05-16 14:51:00,107,1,463.38,0,0.0
14491,2010-12-02 12:10:00,2011-06-17 15:22:00,75,2,340.93,197,197.0
14493,2011-07-07 16:59:00,2011-07-07 16:59:00,55,1,611.22,0,0.0
14495,2011-08-10 14:13:00,2011-08-10 14:13:00,21,1,40.6,0,0.0
14496,2010-12-01 15:35:00,2011-02-01 09:01:00,211,2,538.8100000000001,61,61.0
14497,2011-02-03 17:01:00,2011-02-03 17:01:00,209,1,475.37,0,0.0
14498,2010-12-13 11:29:00,2011-08-15 14:10:00,16,4,1281.79,245,81.66666666666667
14499,2011-03-06 11:55:00,2011-07-29 11:49:00,33,2,370.96000000000004,144,144.0
14500,2011-06-03 10:08:00,2011-08-19 17:02:00,12,2,335.85,77,77.0
14501,2011-01-24 10:43:00,2011-06-09 12:02:00,83,2,251.21,136,136.0
14502,2011-01-30 15:52:00,2011-07-13 13:14:00,49,7,1176.01,163,27.166666666666668
14503,2011-06-14 10:00:00,2011-06-14 10:00:00,78,1,597.07,0,0.0
14504,2011-03-06 14:38:00,2011-04-10 16:01:00,143,3,542.71,35,17.5
14505,2010-12-12 16:14:00,2011-08-22 14:38:00,9,6,4255.64,252,50.4
14506,2010-12-05 14:25:00,2011-06-30 19:27:00,62,3,831.66,207,103.5
14507,2011-03-08 17:23:00,2011-08-30 15:16:00,1,4,924.6899999999999,174,58.0
14511,2011-07-29 12:13:00,2011-07-29 12:13:00,33,1,138.16,0,0.0
14512,2011-04-21 19:05:00,2011-06-05 12:39:00,87,2,275.28,44,44.0
14513,2011-02-24 09:36:00,2011-08-31 11:25:00,0,3,455.59000000000003,188,94.0
14514,2011-01-12 15:22:00,2011-05-22 15:12:00,101,2,403.11,129,129.0
14515,2011-05-05 12:13:00,2011-06-01 12:54:00,91,2,765.65,27,27.0
14517,2011-07-21 11:42:00,2011-07-21 11:42:00,41,1,252.45,0,0.0
14520,2011-02-22 09:15:00,2011-02-22 09:15:00,190,1,165.0,0,0.0
14522,2011-05-25 16:01:00,2011-05-25 16:01:00,98,1,278.63,0,0.0
14523,2011-08-23 13:13:00,2011-08-23 13:13:00,8,1,241.09,0,0.0
14524,2010-12-14 11:01:00,2011-06-14 12:46:00,78,5,1052.72,182,45.5
14525,2010-12-13 17:40:00,2011-08-31 14:28:00,0,7,2926.14,260,43.333333333333336
14527,2010-12-05 13:17:00,2011-08-24 12:11:00,7,39,5136.4,261,6.868421052631579
14529,2011-08-21 14:10:00,2011-08-21 14:10:00,10,1,135.24,0,0.0
14530,2011-02-16 10:47:00,2011-08-03 12:12:00,28,4,2021.27,168,56.0
14532,2010-12-22 13:48:00,2011-04-17 13:05:00,136,4,932.85,115,38.333333333333336
14533,2010-12-22 11:07:00,2011-08-19 12:06:00,12,2,734.98,240,240.0
14534,2011-01-25 12:33:00,2011-08-12 11:22:00,19,13,2904.05,198,16.5
14535,2011-04-05 12:50:00,2011-08-04 15:04:00,27,2,1653.91,121,121.0
14536,2011-03-25 12:21:00,2011-03-25 12:21:00,159,1,171.8,0,0.0
14538,2011-03-28 14:57:00,2011-03-28 14:57:00,156,1,106.5,0,0.0
14540,2011-02-03 15:02:00,2011-02-03 15:02:00,209,1,195.9,0,0.0
14541,2011-01-24 14:16:00,2011-06-24 10:31:00,68,7,1315.65,150,25.0
14542,2011-06-07 08:19:00,2011-06-07 08:19:00,85,1,103.25,0,0.0
14543,2010-12-10 11:51:00,2011-08-23 12:26:00,8,13,3265.1,256,21.333333333333332
14544,2010-12-13 12:50:00,2010-12-13 12:50:00,261,1,1121.92,0,0.0
14546,2011-04-05 12:37:00,2011-05-22 11:41:00,101,2,874.88,46,46.0
14548,2011-01-26 08:38:00,2011-07-12 12:19:00,50,2,652.8,167,167.0
14549,2011-02-01 13:47:00,2011-02-01 13:47:00,211,1,289.24,0,0.0
14551,2011-05-19 18:21:00,2011-05-19 18:21:00,104,1,125.43,0,0.0
14552,2011-07-11 12:49:00,2011-07-11 12:49:00,51,1,165.07,0,0.0
14553,2011-01-04 15:40:00,2011-05-05 11:08:00,118,2,312.32,120,120.0
14555,2011-02-10 17:19:00,2011-02-10 17:19:00,202,1,197.94,0,0.0
14560,2010-12-17 09:22:00,2011-08-22 12:46:00,9,13,1414.0,248,20.666666666666668
14561,2011-06-08 13:26:00,2011-06-30 13:43:00,62,2,566.99,22,22.0
14562,2011-02-08 14:45:00,2011-08-04 20:01:00,27,6,1985.3500000000001,177,35.4
14565,2010-12-13 13:25:00,2011-08-18 15:51:00,13,3,2560.32,248,124.0
14566,2011-08-21 11:05:00,2011-08-21 11:05:00,10,1,1432.0,0,0.0
14567,2011-08-01 13:48:00,2011-08-01 13:48:00,30,1,800.76,0,0.0
14570,2011-03-04 10:39:00,2011-03-04 10:58:00,180,2,218.06,0,0.0
14572,2011-01-19 17:23:00,2011-08-21 13:46:00,10,5,2089.44,213,53.25
14573,2010-12-02 19:59:00,2011-06-13 11:15:00,79,9,1653.42,192,24.0
14576,2010-12-02 17:51:00,2010-12-02 17:51:00,272,1,35.400000000000006,0,0.0
14577,2010-12-12 11:26:00,2011-06-29 11:46:00,63,3,646.64,199,99.5
14583,2011-05-18 11:28:00,2011-07-18 12:53:00,44,4,787.64,61,20.333333333333332
14584,2011-05-25 17:31:00,2011-06-23 18:33:00,69,4,1042.26,29,9.666666666666666
14586,2011-03-08 10:04:00,2011-03-08 10:04:00,176,1,237.35999999999999,0,0.0
14587,2011-01-12 13:16:00,2011-06-08 14:09:00,84,8,1473.53,147,21.0
14589,2010-12-03 11:42:00,2010-12-03 11:42:00,271,1,39.75,0,0.0
14591,2011-05-10 14:09:00,2011-05-10 14:09:00,113,1,250.22,0,0.0
14593,2011-05-25 11:14:00,2011-05-25 11:21:00,98,2,339.59,0,0.0
14594,2010-12-01 13:54:00,2010-12-01 13:54:00,273,1,255.0,0,0.0
14595,2011-01-30 13:36:00,2011-01-30 13:36:00,213,1,163.8,0,0.0
14597,2011-06-01 12:33:00,2011-06-01 12:33:00,91,1,165.1,0,0.0
14600,2011-02-07 09:48:00,2011-02-07 09:48:00,205,1,393.33000000000004,0,0.0
14603,2011-03-10 10:27:00,2011-03-10 10:27:00,174,1,660.0,0,0.0
14606,2010-12-01 16:57:00,2011-08-28 15:17:00,3,69,9329.38,269,3.9558823529411766
14607,2011-03-23 15:22:00,2011-03-23 15:22:00,161,1,495.0,0,0.0
14608,2010-12-12 14:49:00,2010-12-12 14:49:00,262,1,204.0,0,0.0
14609,2011-02-16 12:10:00,2011-07-19 17:04:00,43,3,486.36,153,76.5
14616,2011-01-26 12:42:00,2011-04-11 09:54:00,142,3,406.08000000000004,74,37.0
14618,2011-01-06 11:59:00,2011-01-06 11:59:00,237,1,211.8,0,0.0
14619,2011-04-08 07:37:00,2011-04-08 07:37:00,145,1,394.44,0,0.0
14620,2011-03-01 08:30:00,2011-05-18 11:58:00,105,2,412.78000000000003,78,78.0
14621,2010-12-16 13:00:00,2011-07-06 12:31:00,56,3,1002.9100000000001,201,100.5
14622,2011-06-08 12:42:00,2011-06-08 12:42:00,84,1,320.58000000000004,0,0.0
14623,2011-04-18 13:54:00,2011-08-15 13:51:00,16,3,608.71,118,59.0
14625,2010-12-13 15:36:00,2011-05-27 15:32:00,96,2,899.63,164,164.0
14626,2011-04-20 13:18:00,2011-08-09 10:20:00,22,2,1571.29,110,110.0
14628,2011-04-11 14:43:00,2011-04-11 14:43:00,142,1,331.58000000000004,0,0.0
14631,2011-02-14 09:31:00,2011-04-18 16:49:00,135,2,630.08,63,63.0
14632,2011-03-22 08:49:00,2011-03-22 08:49:00,162,1,114.56,0,0.0
14633,2011-03-18 17:07:00,2011-03-18 17:07:00,166,1,344.90000000000003,0,0.0
14636,2011-03-16 09:52:00,2011-03-16 09:52:00,168,1,300.19,0,0.0
14639,2010-12-13 13:50:00,2011-08-11 13:41:00,20,4,1989.23,240,80.0
14640,2011-04-26 12:31:00,2011-08-04 11:38:00,27,4,1501.06,99,33.0
14643,2010-12-16 17:53:00,2011-06-22 14:41:00,70,2,693.8100000000001,187,187.0
14644,2011-02-14 14:14:00,2011-02-14 14:14:00,198,1,187.50000000000003,0,0.0
14645,2011-03-09 09:52:00,2011-07-06 09:15:00,56,2,597.09,118,118.0
14646,2010-12-20 10:09:00,2011-08-26 14:20:00,5,40,176355.94,249,6.384615384615385
14647,2011-05-22 13:40:00,2011-05-22 13:40:00,101,1,243.22,0,0.0
14649,2011-05-11 14:37:00,2011-05-11 14:42:00,112,2,584.22,0,0.0
14651,2011-05-12 16:29:00,2011-05-12 16:29:00,111,1,416.32,0,0.0
14653,2011-01-05 13:40:00,2011-01-05 13:41:00,238,1,344.81,0,0.0
14655,2011-05-01 14:59:00,2011-05-01 14:59:00,122,1,810.56,0,0.0
14656,2011-03-01 13:19:00,2011-06-23 13:51:00,69,2,291.05,114,114.0
14657,2011-01-17 15:19:00,2011-07-07 19:54:00,55,3,638.94,171,85.5
14658,2011-08-14 15:42:00,2011-08-14 15:42:00,17,1,123.14,0,0.0
14659,2011-01-28 12:43:00,2011-07-17 12:31:00,45,6,1641.55,169,33.8
14660,2011-08-31 10:40:00,2011-08-31 10:40:00,0,1,128.95,0,0.0
14662,2011-01-27 17:41:00,2011-04-19 12:26:00,134,3,524.86,81,40.5
14665,2011-02-02 09:08:00,2011-02-16 10:34:00,196,3,731.66,14,7.0
14667,2010-12-06 13:13:00,2011-08-18 13:46:00,13,17,5488.22,255,15.9375
14669,2011-01-11 12:30:00,2011-04-12 11:43:00,141,3,1269.99,90,45.0
14670,2011-03-04 13:58:00,2011-03-04 14:13:00,180,2,411.53,0,0.0
14672,2011-01-07 15:48:00,2011-04-19 10:19:00,134,2,765.5500000000001,101,101.0
14673,2010-12-07 12:49:00,2010-12-07 12:49:00,267,1,373.49,0,0.0
14676,2011-03-01 14:26:00,2011-07-15 11:50:00,47,4,1690.92,135,45.0
14680,2010-12-03 12:05:00,2011-08-10 10:08:00,21,13,24196.4,249,20.75
14681,2011-05-12 10:45:00,2011-05-12 10:45:00,111,1,393.95,0,0.0
14682,2011-05-22 12:51:00,2011-06-05 12:12:00,87,2,52.0,13,13.0
14684,2010-12-12 12:44:00,2011-05-08 12:58:00,115,2,519.26,147,147.0
14687,2011-08-25 11:59:00,2011-08-25 11:59:00,6,1,628.38,0,0.0
14688,2010-12-01 09:37:00,2011-08-02 13:46:00,29,15,3852.54,244,17.428571428571427
14689,2011-05-15 11:22:00,2011-05-15 11:22:00,108,1,112.80000000000001,0,0.0
14690,2011-07-11 11:58:00,2011-07-11 11:58:00,51,1,216.71,0,0.0
14691,2011-05-11 09:55:00,2011-05-11 09:55:00,112,1,439.6,0,0.0
14692,2011-01-21 13:47:00,2011-07-25 15:08:00,37,4,591.55,185,61.666666666666664
14693,2011-03-20 12:50:00,2011-03-20 12:50:00,164,1,172.9,0,0.0
14696,2010-12-01 15:37:00,2011-08-12 12:37:00,19,5,1458.54,253,63.25
14697,2011-05-05 15:29:00,2011-05-05 15:39:00,118,2,188.61,0,0.0
14699,2011-05-09 14:54:00,2011-05-09 14:54:00,114,1,109.13000000000001,0,0.0
14700,2011-04-15 13:16:00,2011-06-03 11:59:00,89,2,1557.6,48,48.0
14701,2011-01-27 12:40:00,2011-06-20 11:36:00,72,7,1958.28,143,23.833333333333332
14702,2010-12-09 19:23:00,2011-08-15 11:30:00,16,9,1687.7,248,31.0
14704,2011-06-12 13:59:00,2011-07-20 12:01:00,42,2,221.16,37,37.0
14705,2011-05-25 12:39:00,2011-05-25 12:39:00,98,1,179.0,0,0.0
14708,2010-12-06 12:23:00,2011-07-08 16:08:00,54,2,701.1800000000001,214,214.0
14709,2010-12-16 13:43:00,2011-08-19 15:29:00,12,8,3364.44,246,35.142857142857146
14711,2011-03-22 13:32:00,2011-08-22 15:42:00,9,8,2064.42,153,21.857142857142858
14712,2011-08-19 13:33:00,2011-08-19 13:33:00,12,1,115.72,0,0.0
14713,2010-12-09 18:58:00,2011-08-04 18:44:00,27,8,1821.8799999999999,237,33.857142857142854
14715,2011-01-12 13:27:00,2011-02-14 13:19:00,198,2,247.45000000000002,32,32.0
14716,2011-07-14 12:42:00,2011-07-14 12:42:00,48,1,188.56,0,0.0
14719,2011-04-04 14:17:00,2011-06-13 12:52:00,79,2,488.12,69,69.0
14720,2011-08-05 12:06:00,2011-08-05 12:06:00,26,1,155.8,0,0.0
14722,2011-07-15 14:58:00,2011-07-15 14:58:00,47,1,187.92,0,0.0
14723,2010-12-03 14:18:00,2010-12-16 19:19:00,258,3,471.0,13,6.5
14727,2011-03-10 14:45:00,2011-03-10 14:45:00,174,1,268.58,0,0.0
14729,2010-12-01 12:43:00,2010-12-01 12:43:00,273,1,313.49,0,0.0
14730,2011-03-08 12:49:00,2011-08-24 13:07:00,7,5,904.21,169,42.25
14731,2011-05-11 13:06:00,2011-05-18 11:02:00,105,2,251.01999999999998,6,6.0
14732,2011-01-04 14:40:00,2011-07-19 09:31:00,43,5,1618.3,195,48.75
14733,2010-12-07 11:30:00,2011-08-21 11:57:00,10,11,9044.2,257,25.7
14735,2010-12-16 16:05:00,2011-08-21 13:48:00,10,22,3496.31,247,11.761904761904763
14737,2010-12-21 13:49:00,2011-08-03 10:04:00,28,2,1081.75,224,224.0
14738,2011-01-27 14:10:00,2011-07-29 10:34:00,33,5,757.6500000000001,182,45.5
14739,2010-12-07 14:58:00,2011-05-04 11:58:00,119,3,1307.6200000000001,147,73.5
14740,2011-03-01 08:35:00,2011-05-26 18:17:00,97,3,1448.21,86,43.0
14741,2010-12-02 08:43:00,2011-08-18 13:16:00,13,4,864.96,259,86.33333333333333
14744,2010-12-08 10:21:00,2011-02-15 11:33:00,197,5,928.03,69,17.25
14745,2011-02-27 15:25:00,2011-08-19 10:05:00,12,5,1220.26,172,43.0
14747,2011-04-04 14:09:00,2011-04-04 14:09:00,149,1,328.2,0,0.0
14748,2010-12-06 10:19:00,2011-08-08 12:28:00,23,4,1118.77,245,81.66666666666667
14754,2011-02-17 12:21:00,2011-02-17 12:21:00,195,1,228.27,0,0.0
14755,2011-01-09 14:02:00,2011-08-19 12:49:00,12,7,2867.68,221,36.833333333333336
14758,2011-03-25 12:10:00,2011-07-18 08:21:00,44,4,1484.06,114,38.0
14759,2011-04-21 10:55:00,2011-08-19 08:57:00,12,2,870.85,119,119.0
14760,2011-02-15 16:27:00,2011-02-15 16:27:00,197,1,89.2,0,0.0
14761,2011-01-09 12:03:00,2011-01-09 12:03:00,234,1,97.5,0,0.0
14762,2011-03-21 08:20:00,2011-03-21 08:20:00,163,1,300.52,0,0.0
14765,2011-06-16 19:49:00,2011-08-19 15:06:00,12,2,95.5,63,63.0
14766,2010-12-08 15:33:00,2011-06-24 15:00:00,68,4,1531.32,197,65.66666666666667
14768,2011-08-04 13:25:00,2011-08-04 13:25:00,27,1,133.20000000000002,0,0.0
14769,2010-12-17 11:40:00,2011-08-23 15:34:00,8,6,6487.94,249,49.8
14770,2011-01-20 15:00:00,2011-04-21 14:21:00,132,2,876.4200000000001,90,90.0
14772,2011-08-19 15:04:00,2011-08-19 15:04:00,12,1,139.26,0,0.0
14775,2010-12-02 16:38:00,2011-07-25 12:12:00,37,2,701.46,234,234.0
14776,2011-01-31 13:17:00,2011-08-26 14:23:00,5,8,1862.22,207,29.571428571428573
14778,2011-02-04 11:43:00,2011-08-04 15:23:00,27,2,730.86,181,181.0
14779,2011-01-20 12:04:00,2011-03-04 12:42:00,180,3,386.15,43,21.5
14782,2011-01-24 11:12:00,2011-01-24 11:12:00,219,1,200.10000000000002,0,0.0
14784,2011-01-20 09:25:00,2011-01-20 09:25:00,223,1,114.68,0,0.0
14790,2011-03-31 11:49:00,2011-08-12 12:15:00,19,2,364.04,134,134.0
14794,2011-01-09 16:11:00,2011-05-20 11:53:00,103,4,679.54,130,43.333333333333336
14795,2011-06-26 13:04:00,2011-06-26 13:04:00,66,1,131.45000000000002,0,0.0
14796,2010-12-08 10:40:00,2011-08-24 10:45:00,7,13,5757.42,259,21.583333333333332
14798,2011-02-02 15:26:00,2011-07-18 14:40:00,44,2,97.4,165,165.0
14800,2010-12-05 11:10:00,2011-08-22 12:26:00,9,9,3840.44,260,32.5
14803,2011-02-20 13:21:00,2011-06-30 13:58:00,62,3,845.5500000000001,130,65.0
14805,2011-01-30 10:43:00,2011-01-30 10:43:00,213,1,109.25,0,0.0
14808,2011-06-20 12:53:00,2011-07-18 13:33:00,44,6,1846.31,28,5.6
14810,2010-12-05 12:08:00,2011-08-28 11:02:00,3,10,1869.33,265,29.444444444444443
14813,2010-12-05 11:54:00,2010-12-05 11:57:00,269,2,155.43,0,0.0
14816,2011-05-26 13:16:00,2011-05-26 13:16:00,97,1,271.85,0,0.0
14817,2011-03-07 13:51:00,2011-05-23 13:35:00,100,2,1110.34,76,76.0
14818,2011-03-31 12:28:00,2011-06-23 14:13:00,69,2,409.63,84,84.0
14819,2011-05-31 13:50:00,2011-05-31 13:50:00,92,1,84.72,0,0.0
14820,2011-06-19 14:56:00,2011-06-19 14:56:00,73,1,139.77,0,0.0
14821,2010-12-08 08:43:00,2010-12-08 08:43:00,266,1,48.800000000000004,0,0.0
14823,2011-05-29 12:48:00,2011-06-12 13:12:00,80,3,321.43,14,7.0
14825,2010-12-06 12:30:00,2011-08-04 11:16:00,27,7,1339.3700000000001,240,40.0
14828,2011-01-07 09:50:00,2011-05-27 10:16:00,96,3,2139.76,140,70.0
14829,2010-12-02 16:12:00,2011-06-08 14:29:00,84,3,531.63,187,93.5
14834,2011-04-13 15:00:00,2011-08-11 14:36:00,20,2,429.3,119,119.0
14837,2011-05-22 12:49:00,2011-08-26 13:00:00,5,3,1345.56,96,48.0
14840,2011-03-17 12:00:00,2011-03-17 12:00:00,167,1,62.85,0,0.0
14841,2010-12-16 10:28:00,2011-06-13 14:55:00,79,4,2375.57,179,59.666666666666664
14842,2011-02-04 15:32:00,2011-06-01 08:38:00,91,2,1688.48,116,116.0
14844,2011-04-12 13:10:00,2011-08-08 13:34:00,23,3,2257.6800000000003,118,59.0
14847,2011-07-14 10:52:00,2011-07-14 10:52:00,48,1,309.40000000000003,0,0.0
14849,2010-12-01 12:22:00,2011-08-12 11:09:00,19,15,5025.25,253,18.071428571428573
14850,2011-02-01 11:21:00,2011-02-01 11:21:00,211,1,325.75,0,0.0
14851,2011-03-28 14:59:00,2011-03-28 14:59:00,156,1,206.13,0,0.0
14852,2011-04-01 13:22:00,2011-07-22 10:00:00,40,4,1634.21,111,37.0
14853,2011-05-12 15:17:00,2011-05-12 15:17:00,111,1,214.5,0,0.0
14854,2011-03-10 12:22:00,2011-07-29 15:40:00,33,6,2301.63,141,28.2
14855,2011-07-28 12:06:00,2011-08-12 14:02:00,19,2,645.65,15,15.0
14857,2011-07-14 15:03:00,2011-07-14 15:03:00,48,1,522.52,0,0.0
14859,2011-05-19 14:42:00,2011-05-19 14:42:00,104,1,296.86,0,0.0
14862,2011-07-14 11:20:00,2011-07-14 11:20:00,48,1,304.1,0,0.0
14865,2010-12-02 18:23:00,2010-12-02 18:23:00,272,1,37.2,0,0.0
14866,2010-12-08 14:58:00,2011-08-26 11:48:00,5,4,1163.9,260,86.66666666666667
14867,2011-01-07 16:34:00,2011-06-07 11:39:00,85,3,710.28,150,75.0
14868,2011-04-20 13:36:00,2011-08-11 14:55:00,20,4,1297.07,113,37.666666666666664
14869,2011-08-28 16:09:00,2011-08-28 16:09:00,3,1,391.31,0,0.0
14870,2011-03-23 10:51:00,2011-03-23 10:51:00,161,1,327.25,0,0.0
14871,2010-12-14 12:18:00,2011-06-14 13:04:00,78,3,354.75,182,91.0
14873,2011-05-13 13:52:00,2011-05-13 13:52:00,110,1,519.68,0,0.0
14875,2011-03-22 11:53:00,2011-08-24 12:20:00,7,2,1465.32,155,155.0
14878,2010-12-16 12:11:00,2011-06-19 11:14:00,73,6,1083.02,184,36.8
14880,2011-02-24 12:27:00,2011-06-07 13:27:00,85,2,363.27,103,103.0
14883,2011-05-12 09:49:00,2011-06-29 09:32:00,63,2,358.48,47,47.0
14885,2011-07-31 12:05:00,2011-07-31 12:05:00,31,1,765.3199999999999,0,0.0
14886,2011-04-01 08:56:00,2011-04-01 08:56:00,152,1,364.8,0,0.0
14888,2011-05-16 14:58:00,2011-05-16 14:58:00,107,1,369.2,0,0.0
14889,2011-01-07 15:19:00,2011-01-07 15:19:00,236,1,135.9,0,0.0
14890,2011-03-31 11:57:00,2011-03-31 11:57:00,153,1,125.65,0,0.0
14891,2011-06-05 10:58:00,2011-07-14 18:08:00,48,2,554.38,39,39.0
14895,2011-02-22 13:08:00,2011-08-21 15:50:00,10,10,6081.71,180,20.0
14896,2010-12-09 12:24:00,2011-05-19 10:20:00,104,2,468.77000000000004,160,160.0
14897,2011-02-16 08:37:00,2011-02-16 08:37:00,196,1,175.5,0,0.0
14898,2010-12-03 15:25:00,2011-07-28 14:03:00,34,5,1011.3,236,59.0
14901,2010-12-02 11:20:00,2011-08-30 12:00:00,1,5,822.12,271,67.75
14903,2011-03-06 11:50:00,2011-08-07 12:42:00,24,4,2411.82,154,51.333333333333336
14905,2011-04-20 10:48:00,2011-07-05 12:41:00,57,2,616.15,76,76.0
14907,2010-12-07 10:14:00,2011-07-15 10:27:00,47,4,1931.82,220,73.33333333333333
14911,2010-12-01 14:05:00,2011-08-26 14:29:00,5,106,74437.05,268,2.552380952380952
14912,2011-04-07 11:06:00,2011-04-07 11:06:00,146,1,482.79,0,0.0
14913,2010-12-15 14:35:00,2011-06-09 14:14:00,83,3,917.15,175,87.5
14915,2011-03-07 09:39:00,2011-03-07 09:39:00,177,1,142.28,0,0.0
14916,2011-01-19 15:30:00,2011-07-13 10:38:00,49,2,701.28,174,174.0
14918,2011-07-08 12:50:00,2011-08-16 11:50:00,15,2,1610.15,38,38.0
14920,2011-05-11 10:31:00,2011-05-11 10:32:00,112,2,977.77,0,0.0
14921,2011-05-22 12:51:00,2011-05-22 12:51:00,101,1,903.01,0,0.0
14924,2011-04-08 09:25:00,2011-04-08 09:25:00,145,1,310.05,0,0.0
14930,2011-03-10 14:42:00,2011-08-23 10:31:00,8,3,2372.86,165,82.5
14931,2011-04-13 09:32:00,2011-05-17 17:12:00,106,2,586.0,34,34.0
14932,2010-12-09 11:48:00,2010-12-09 11:48:00,265,1,363.53,0,0.0
14934,2011-03-02 11:48:00,2011-03-02 11:48:00,182,1,828.84,0,0.0
14935,2011-02-15 14:44:00,2011-02-15 14:44:00,197,1,1784.71,0,0.0
14936,2011-03-09 11:53:00,2011-08-23 12:30:00,8,3,5072.88,167,83.5
14937,2011-08-01 14:16:00,2011-08-01 14:16:00,30,1,759.56,0,0.0
14944,2011-02-16 12:47:00,2011-07-18 09:21:00,44,6,2507.73,151,30.2
14947,2011-08-01 09:31:00,2011-08-01 09:31:00,30,1,178.5,0,0.0
14948,2011-05-04 14:52:00,2011-08-22 11:13:00,9,3,556.87,109,54.5
14952,2010-12-10 12:48:00,2011-05-17 08:38:00,106,7,3534.61,157,26.166666666666668
14957,2011-03-31 17:59:00,2011-03-31 17:59:00,153,1,58.49,0,0.0
14958,2011-04-08 11:28:00,2011-07-15 14:20:00,47,3,499.68,98,49.0
14959,2011-02-16 13:00:00,2011-08-22 09:28:00,9,3,537.32,186,93.0
14960,2011-06-21 13:38:00,2011-06-21 13:38:00,71,1,88.3,0,0.0
14961,2010-12-14 11:38:00,2011-07-08 15:29:00,54,6,3906.98,206,41.2
14962,2011-03-14 09:42:00,2011-03-14 09:42:00,170,1,126.7,0,0.0
14963,2011-06-09 12:30:00,2011-06-09 12:30:00,83,1,294.2,0,0.0
14964,2011-04-06 14:13:00,2011-04-06 14:13:00,147,1,206.21,0,0.0
14970,2011-01-27 12:23:00,2011-07-25 14:45:00,37,3,1119.75,179,89.5
14972,2011-08-03 14:54:00,2011-08-03 14:54:00,28,1,114.77,0,0.0
14973,2011-04-28 12:22:00,2011-08-24 15:51:00,7,3,1314.45,118,59.0
14976,2011-01-17 11:09:00,2011-08-30 17:23:00,1,4,559.96,225,75.0
14978,2011-01-13 12:03:00,2011-04-18 10:55:00,135,4,1537.28,94,31.333333333333332
14981,2011-04-07 13:45:00,2011-04-07 13:45:00,146,1,102.12,0,0.0
14984,2011-06-12 11:04:00,2011-06-12 11:04:00,80,1,110.17999999999999,0,0.0
14985,2010-12-16 19:51:00,2011-05-25 14:29:00,98,2,296.75,159,159.0
14987,2010-12-09 12:13:00,2010-12-09 12:13:00,265,1,163.2,0,0.0
14988,2011-05-12 12:05:00,2011-05-12 12:05:00,111,1,334.54,0,0.0
14995,2011-03-04 13:14:00,2011-03-04 13:14:00,180,1,119.31,0,0.0
14997,2011-06-14 16:52:00,2011-06-14 16:52:00,78,1,155.28,0,0.0
14998,2011-04-12 16:28:00,2011-06-22 17:30:00,70,2,429.87,71,71.0
15002,2010-12-07 13:16:00,2011-08-16 10:44:00,15,4,1641.76,251,83.66666666666667
15004,2011-07-15 14:05:00,2011-07-15 14:05:00,47,1,1246.32,0,0.0
15005,2010-12-08 14:36:00,2011-08-23 15:24:00,8,19,4327.08,258,14.333333333333334
15007,2011-07-03 16:00:00,2011-07-03 16:00:00,59,1,156.91,0,0.0
15012,2010-12-01 12:49:00,2010-12-01 12:49:00,273,1,191.06,0,0.0
15014,2011-06-16 19:40:00,2011-06-16 19:40:00,76,1,117.72999999999999,0,0.0
15016,2011-06-20 12:06:00,2011-06-20 12:06:00,72,1,170.04,0,0.0
15018,2010-12-07 10:47:00,2011-04-01 09:56:00,152,2,291.34000000000003,114,114.0
15019,2011-03-18 12:35:00,2011-03-18 12:35:00,166,1,266.0,0,0.0
15021,2010-12-08 12:17:00,2011-07-06 11:52:00,56,5,1119.08,209,52.25
15023,2010-12-05 13:49:00,2011-08-15 15:06:00,16,8,5110.32,253,36.142857142857146
15024,2010-12-07 13:20:00,2011-08-18 19:13:00,13,5,845.62,254,63.5
15026,2011-03-07 13:45:00,2011-04-13 14:25:00,140,2,230.78,37,37.0
15027,2011-04-15 14:14:00,2011-06-24 14:33:00,68,3,966.97,70,35.0
15028,2010-12-06 12:47:00,2010-12-06 12:47:00,268,1,185.97,0,0.0
15030,2011-03-16 15:34:00,2011-03-16 15:34:00,168,1,152.76,0,0.0
15031,2011-03-02 14:46:00,2011-08-21 15:35:00,10,2,261.79,172,172.0
15032,2010-12-08 12:57:00,2011-03-28 15:03:00,156,3,4959.1,110,55.0
15033,2011-01-14 13:28:00,2011-08-22 13:40:00,9,6,1629.1,220,44.0
15034,2010-12-21 09:47:00,2011-04-21 11:03:00,132,5,2664.83,121,30.25
15036,2011-06-13 12:19:00,2011-06-15 13:35:00,77,2,245.69,2,2.0
15038,2010-12-05 10:54:00,2011-06-05 11:14:00,87,4,517.45,182,60.666666666666664
15039,2010-12-06 11:26:00,2011-08-17 12:20:00,14,36,17631.71,254,7.257142857142857
15041,2011-06-22 16:16:00,2011-06-22 16:16:00,70,1,180.35,0,0.0
15042,2011-05-24 16:25:00,2011-05-24 16:25:00,99,1,135.93,0,0.0
15044,2010-12-12 14:27:00,2011-07-26 13:57:00,36,13,5202.28,225,18.75
15045,2011-03-27 11:44:00,2011-07-11 11:33:00,51,2,735.66,105,105.0
15046,2011-01-05 15:30:00,2011-08-04 15:07:00,27,10,3863.33,210,23.333333333333332
15047,2011-03-15 10:49:00,2011-03-15 10:49:00,169,1,343.62,0,0.0
15048,2010-12-06 12:15:00,2011-08-15 10:02:00,16,3,324.53,251,125.5
15049,2011-03-11 12:13:00,2011-03-11 12:13:00,173,1,121.17000000000002,0,0.0
15051,2011-07-12 15:29:00,2011-07-12 15:29:00,50,1,377.74,0,0.0
15052,2011-01-24 15:52:00,2011-01-24 15:52:00,219,1,215.78,0,0.0
15053,2011-03-03 12:06:00,2011-07-06 13:06:00,56,2,478.6,125,125.0
15057,2011-01-28 09:09:00,2011-03-09 15:17:00,175,2,1489.5,40,40.0
15058,2011-01-31 15:35:00,2011-08-07 10:43:00,24,7,1245.66,187,31.166666666666668
15059,2011-01-09 11:54:00,2011-08-24 13:22:00,7,7,1008.6,227,37.833333333333336
15061,2010-12-02 15:19:00,2011-08-04 10:45:00,27,37,36575.0,244,6.777777777777778
15062,2010-12-15 15:37:00,2011-05-06 10:19:00,117,3,814.04,141,70.5
15063,2011-05-10 13:25:00,2011-05-10 13:25:00,113,1,370.79999999999995,0,0.0
15065,2011-02-21 12:54:00,2011-06-28 11:44:00,64,3,2858.75,126,63.0
15067,2011-03-02 12:10:00,2011-03-02 12:10:00,182,1,848.05,0,0.0
15068,2011-03-28 14:27:00,2011-03-28 14:27:00,156,1,239.95999999999998,0,0.0
15069,2011-06-13 14:16:00,2011-06-13 14:16:00,79,1,1109.53,0,0.0
15070,2010-12-02 11:23:00,2010-12-02 11:23:00,272,1,106.2,0,0.0
15071,2011-03-09 10:19:00,2011-03-09 10:19:00,175,1,588.6700000000001,0,0.0
15073,2011-06-06 09:59:00,2011-06-07 12:00:00,85,2,861.96,1,1.0
15074,2011-08-26 14:45:00,2011-08-26 14:45:00,5,1,748.87,0,0.0
15076,2011-06-20 08:23:00,2011-06-20 08:23:00,72,1,880.85,0,0.0
15078,2010-12-06 12:38:00,2011-08-26 11:19:00,5,22,6702.59,262,12.476190476190476
15079,2010-12-09 09:25:00,2011-05-11 12:45:00,112,4,895.61,153,51.0
15081,2010-12-07 16:20:00,2011-05-15 13:31:00,108,2,248.05,158,158.0
15083,2011-03-28 12:18:00,2011-03-28 12:18:00,156,1,88.2,0,0.0
15087,2011-03-03 10:34:00,2011-03-03 10:34:00,181,1,306.94,0,0.0
15089,2011-08-03 14:14:00,2011-08-23 13:40:00,8,2,1677.23,19,19.0
15090,2011-02-04 14:03:00,2011-02-04 14:03:00,208,1,381.32,0,0.0
15092,2011-03-01 12:24:00,2011-05-08 14:10:00,115,2,457.81,68,68.0
15093,2010-12-02 18:25:00,2011-08-15 09:59:00,16,5,4027.1,255,63.75
15095,2011-05-20 14:27:00,2011-08-28 12:01:00,3,4,1370.6000000000001,99,33.0
15098,2011-06-10 15:22:00,2011-06-10 15:33:00,82,3,39916.5,0,0.0
15100,2010-12-01 09:09:00,2011-01-10 10:35:00,233,3,876.0,40,20.0
15101,2010-12-15 12:54:00,2010-12-15 12:54:00,259,1,102.28,0,0.0
15104,2011-03-02 14:16:00,2011-05-27 12:29:00,96,2,1027.44,85,85.0
15105,2011-07-28 10:09:00,2011-07-28 10:09:00,34,1,532.98,0,0.0
15106,2011-03-15 12:52:00,2011-07-21 17:02:00,41,3,1032.83,128,64.0
15107,2010-12-02 13:45:00,2011-02-01 14:46:00,211,6,319.5,61,12.2
15108,2011-04-26 10:54:00,2011-07-21 10:24:00,41,4,1300.25,85,28.333333333333332
15109,2011-04-08 09:58:00,2011-04-08 09:58:00,145,1,484.95,0,0.0
15110,2011-01-25 11:41:00,2011-08-05 09:25:00,26,2,376.55,191,191.0
15111,2010-12-02 11:45:00,2010-12-02 11:45:00,272,1,288.5,0,0.0
15114,2011-02-11 08:45:00,2011-08-15 16:13:00,16,6,1354.01,185,37.0
15116,2011-05-19 08:50:00,2011-07-28 09:48:00,34,2,790.97,70,70.0
15117,2011-05-08 12:38:00,2011-08-11 11:51:00,20,2,675.73,94,94.0
15118,2011-07-28 14:54:00,2011-07-28 14:54:00,34,1,244.8,0,0.0
15119,2011-04-08 09:08:00,2011-04-08 09:08:00,145,1,266.4,0,0.0
15120,2011-07-29 09:48:00,2011-07-29 09:48:00,33,1,358.82,0,0.0
15121,2011-02-24 12:41:00,2011-02-24 12:41:00,188,1,295.15,0,0.0
15122,2011-02-15 09:59:00,2011-08-17 16:48:00,14,3,1633.78,183,91.5
15123,2011-05-17 14:57:00,2011-05-17 14:57:00,106,1,1069.47,0,0.0
15124,2011-06-01 09:06:00,2011-06-01 09:06:00,91,1,90.75,0,0.0
15125,2011-03-14 09:59:00,2011-08-18 17:50:00,13,12,10795.48,157,14.272727272727273
15128,2011-05-04 12:32:00,2011-08-05 10:31:00,26,3,1170.24,92,46.0
15129,2011-02-21 09:09:00,2011-08-25 10:45:00,6,10,2796.73,185,20.555555555555557
15130,2011-06-23 10:15:00,2011-06-23 10:15:00,69,1,330.11,0,0.0
15132,2011-03-22 12:02:00,2011-08-26 11:47:00,5,3,842.23,156,78.0
15133,2011-02-11 10:38:00,2011-08-04 10:44:00,27,3,982.42,174,87.0
15134,2011-04-13 11:05:00,2011-08-04 15:17:00,27,4,614.86,113,37.666666666666664
15135,2011-04-14 19:16:00,2011-04-14 19:16:00,139,1,139.05,0,0.0
15139,2011-01-07 12:44:00,2011-04-14 11:39:00,139,2,178.96,96,96.0
15140,2011-03-20 14:37:00,2011-08-16 11:38:00,15,5,1728.11,148,37.0
15143,2011-04-28 12:03:00,2011-04-28 12:03:00,125,1,259.45,0,0.0
15144,2011-01-31 13:17:00,2011-08-18 16:18:00,13,9,2968.94,199,24.875
15145,2011-04-05 15:20:00,2011-04-26 16:40:00,127,2,724.03,21,21.0
15146,2011-02-21 13:07:00,2011-06-28 12:09:00,64,2,1327.16,126,126.0
15147,2011-04-13 15:57:00,2011-04-13 15:57:00,140,1,623.5,0,0.0
15149,2011-07-29 10:58:00,2011-07-29 10:58:00,33,1,520.8000000000001,0,0.0
15150,2011-03-15 14:21:00,2011-08-22 15:05:00,9,5,3569.62,160,40.0
15152,2011-06-05 15:36:00,2011-08-18 12:53:00,13,6,2383.21,73,14.6
15157,2010-12-16 13:44:00,2011-07-08 13:26:00,54,2,1505.37,203,203.0
15159,2010-12-13 15:44:00,2011-08-19 09:38:00,12,18,8969.97,248,14.588235294117647
15160,2010-12-17 14:15:00,2010-12-17 14:15:00,257,1,158.16,0,0.0
15163,2011-05-31 15:22:00,2011-05-31 15:22:00,92,1,155.0,0,0.0
15164,2011-01-04 14:21:00,2011-05-15 13:14:00,108,2,368.18,130,130.0
15165,2010-12-01 14:03:00,2010-12-01 14:03:00,273,1,487.75,0,0.0
15167,2011-01-23 12:41:00,2011-01-23 12:41:00,220,1,163.0,0,0.0
15171,2011-01-12 15:36:00,2011-01-12 15:36:00,231,1,1289.5,0,0.0
15172,2011-04-17 11:56:00,2011-07-27 11:29:00,35,3,886.74,100,50.0
15174,2011-01-21 09:06:00,2011-01-21 09:06:00,222,1,135.75,0,0.0
15178,2011-03-24 15:12:00,2011-03-24 15:12:00,160,1,40.5,0,0.0
15179,2011-01-24 13:48:00,2011-04-20 09:03:00,133,3,1455.1200000000001,85,42.5
15180,2010-12-07 14:57:00,2010-12-07 14:57:00,267,1,87.5,0,0.0
15181,2011-03-15 12:03:00,2011-06-17 13:57:00,75,2,435.0,94,94.0
15182,2011-03-16 12:42:00,2011-07-08 13:37:00,54,2,622.85,114,114.0
15184,2011-06-02 12:06:00,2011-06-02 12:06:00,90,1,235.23000000000002,0,0.0
15186,2011-06-24 14:54:00,2011-06-24 14:54:00,68,1,229.26000000000002,0,0.0
15187,2011-05-11 13:49:00,2011-08-02 09:34:00,29,4,1552.04,82,27.333333333333332
15189,2011-01-11 12:29:00,2011-08-25 09:39:00,6,28,11128.54,225,8.333333333333334
15192,2010-12-09 14:56:00,2011-08-12 11:41:00,19,3,1044.32,245,122.5
15194,2010-12-06 15:00:00,2011-08-05 10:39:00,26,11,4469.53,241,24.1
15197,2010-12-16 18:01:00,2011-04-01 11:50:00,152,2,773.25,105,105.0
15198,2011-08-07 15:16:00,2011-08-07 15:16:00,24,1,107.64,0,0.0
15199,2011-02-04 14:04:00,2011-04-18 12:45:00,135,2,657.15,72,72.0
15201,2011-04-06 14:02:00,2011-08-05 14:05:00,26,4,933.26,121,40.333333333333336
15203,2011-02-01 12:29:00,2011-08-26 09:58:00,5,4,1328.32,205,68.33333333333333
15204,2010-12-17 13:49:00,2010-12-17 13:49:00,257,1,316.58,0,0.0
15205,2011-08-04 16:07:00,2011-08-04 16:07:00,27,1,476.29999999999995,0,0.0
15206,2011-03-09 08:59:00,2011-07-17 11:26:00,45,2,53.10000000000001,130,130.0
15208,2010-12-21 13:03:00,2011-06-29 13:51:00,63,2,323.52,190,190.0
15210,2011-04-28 16:11:00,2011-04-28 16:11:00,125,1,331.18,0,0.0
15211,2010-12-09 16:08:00,2010-12-09 16:08:00,265,1,383.07,0,0.0
15212,2011-04-12 13:45:00,2011-04-12 13:45:00,141,1,101.8,0,0.0
15213,2011-01-14 11:05:00,2011-01-25 12:21:00,218,2,328.35,11,11.0
15214,2011-04-11 09:46:00,2011-06-09 09:44:00,83,2,651.63,58,58.0
15218,2011-01-25 11:20:00,2011-08-15 12:06:00,16,8,3865.35,202,28.857142857142858
15219,2011-06-16 16:57:00,2011-06-16 16:57:00,76,1,305.75,0,0.0
15220,2011-03-04 10:24:00,2011-08-16 14:28:00,15,5,1284.05,165,41.25
15221,2010-12-08 13:08:00,2010-12-08 13:08:00,266,1,403.25,0,0.0
15222,2011-01-25 08:03:00,2011-01-25 08:03:00,218,1,585.0,0,0.0
15223,2011-04-04 12:17:00,2011-04-28 11:31:00,125,2,755.75,23,23.0
15224,2010-12-12 12:34:00,2010-12-16 15:02:00,258,2,322.08,4,4.0
15225,2011-04-19 14:51:00,2011-04-19 14:51:00,134,1,409.40000000000003,0,0.0
15226,2011-02-02 11:41:00,2011-02-02 11:41:00,210,1,154.41,0,0.0
15227,2011-01-26 15:31:00,2011-05-08 10:11:00,115,3,876.82,101,50.5
15228,2011-02-18 09:04:00,2011-08-02 12:27:00,29,3,2224.03,165,82.5
15230,2011-04-13 11:04:00,2011-04-14 14:39:00,139,2,429.6,1,1.0
15232,2011-07-22 12:21:00,2011-08-18 16:27:00,13,2,612.06,27,27.0
15234,2011-03-08 08:53:00,2011-03-08 08:53:00,176,1,197.0,0,0.0
15235,2010-12-01 17:22:00,2011-05-06 09:44:00,117,12,2247.51,155,14.090909090909092
15236,2011-02-14 10:52:00,2011-02-14 10:52:00,198,1,321.05,0,0.0
15237,2011-04-26 15:04:00,2011-05-20 14:47:00,103,2,1093.65,23,23.0
15238,2011-06-08 16:00:00,2011-06-08 16:00:00,84,1,300.14,0,0.0
15240,2011-02-01 08:23:00,2011-06-01 11:27:00,91,3,1045.38,120,60.0
15241,2011-03-01 11:02:00,2011-08-04 16:41:00,27,6,1344.86,156,31.2
15244,2011-04-05 15:12:00,2011-04-05 15:12:00,148,1,297.94,0,0.0
15245,2011-03-23 13:42:00,2011-07-28 18:56:00,34,3,2515.84,127,63.5
15246,2010-12-16 09:46:00,2011-04-15 14:45:00,138,2,514.15,120,120.0
15247,2011-08-09 12:52:00,2011-08-09 12:52:00,22,1,356.0,0,0.0
15249,2011-03-28 12:49:00,2011-08-24 10:19:00,7,10,5357.03,148,16.444444444444443
15251,2011-04-12 10:38:00,2011-08-25 10:49:00,6,7,7452.12,135,22.5
15252,2011-06-09 14:15:00,2011-06-09 14:15:00,83,1,300.55,0,0.0
15253,2011-06-23 12:19:00,2011-06-23 12:19:00,69,1,173.85,0,0.0
15254,2011-08-04 15:04:00,2011-08-04 15:04:00,27,1,300.36,0,0.0
15256,2011-07-14 11:47:00,2011-07-14 11:47:00,48,1,98.45,0,0.0
15257,2011-03-01 12:58:00,2011-03-01 12:58:00,183,1,317.15,0,0.0
15258,2011-05-06 14:16:00,2011-06-24 12:30:00,68,2,623.16,48,48.0
15260,2010-12-02 12:09:00,2011-08-31 13:55:00,0,7,1810.77,272,45.333333333333336
15261,2011-07-27 15:20:00,2011-07-27 15:20:00,35,1,254.82,0,0.0
15262,2011-01-20 12:16:00,2011-01-20 12:16:00,223,1,178.95000000000002,0,0.0
15263,2011-08-25 10:26:00,2011-08-25 10:26:00,6,1,156.51,0,0.0
15265,2011-04-18 12:16:00,2011-07-11 14:46:00,51,2,1506.1200000000001,84,84.0
15266,2011-01-05 13:40:00,2011-01-05 13:40:00,238,1,119.3,0,0.0
15267,2011-06-10 10:24:00,2011-07-07 11:36:00,55,2,1407.76,27,27.0
15270,2011-02-02 13:25:00,2011-08-14 10:38:00,17,5,1850.29,192,48.0
15271,2010-12-09 13:47:00,2011-08-15 14:35:00,16,9,1372.34,249,31.125
15279,2010-12-20 10:48:00,2010-12-20 10:48:00,254,1,290.51,0,0.0
15280,2011-06-20 17:14:00,2011-06-20 17:14:00,72,1,113.12,0,0.0
15281,2011-01-10 15:51:00,2011-07-26 09:23:00,36,8,2191.78,196,28.0
15288,2010-12-09 13:59:00,2011-07-07 10:28:00,55,4,2006.36,209,69.66666666666667
15289,2011-04-04 12:44:00,2011-07-25 11:01:00,37,2,697.98,111,111.0
15290,2010-12-15 16:03:00,2011-08-28 10:54:00,3,12,3392.59,255,23.181818181818183
15291,2010-12-01 09:32:00,2011-06-20 09:44:00,72,11,3306.27,201,20.1
15292,2011-05-22 15:00:00,2011-05-22 15:00:00,101,1,180.94,0,0.0
15296,2011-01-17 11:57:00,2011-08-22 14:20:00,9,5,2599.4900000000002,217,54.25
15298,2010-12-08 13:55:00,2011-07-20 14:58:00,42,6,2767.2,224,44.8
15299,2010-12-02 16:48:00,2011-06-28 17:01:00,64,5,3035.01,208,52.0
15301,2010-12-06 12:21:00,2011-08-18 09:45:00,13,9,3747.8,254,31.75
15303,2011-02-22 13:59:00,2011-02-22 13:59:00,190,1,574.02,0,0.0
15304,2010-12-06 11:42:00,2011-06-28 08:19:00,64,6,491.90000000000003,203,40.6
15306,2011-07-14 15:22:00,2011-07-14 15:22:00,48,1,344.62,0,0.0
15308,2011-03-10 13:08:00,2011-03-10 13:08:00,174,1,310.47,0,0.0
15311,2010-12-01 09:41:00,2011-08-19 15:06:00,12,63,45131.27,261,4.209677419354839
15312,2010-12-20 12:51:00,2011-08-28 14:00:00,3,3,794.8000000000001,251,125.5
15313,2011-08-21 16:02:00,2011-08-21 16:02:00,10,1,52.0,0,0.0
15314,2011-05-24 14:39:00,2011-05-24 14:39:00,99,1,327.97,0,0.0
15315,2011-08-15 15:17:00,2011-08-15 15:17:00,16,1,233.54,0,0.0
15316,2011-01-17 11:34:00,2011-01-17 11:34:00,226,1,165.0,0,0.0
15319,2011-03-01 12:48:00,2011-03-01 12:48:00,183,1,204.5,0,0.0
15321,2011-02-21 11:10:00,2011-02-21 11:10:00,191,1,1159.47,0,0.0
15325,2011-08-28 11:55:00,2011-08-28 11:55:00,3,1,162.29,0,0.0
15326,2011-01-10 11:38:00,2011-01-10 11:38:00,233,1,311.71,0,0.0
15329,2011-06-21 10:37:00,2011-07-28 15:31:00,34,2,754.0,37,37.0
15332,2010-12-05 12:00:00,2010-12-08 14:43:00,266,4,1661.06,3,1.0
15333,2011-05-15 13:27:00,2011-05-15 13:27:00,108,1,1028.56,0,0.0
15334,2011-06-19 13:51:00,2011-07-06 11:22:00,56,3,351.67,16,8.0
15339,2011-01-25 13:15:00,2011-01-25 13:15:00,218,1,257.9,0,0.0
15342,2011-08-02 10:19:00,2011-08-02 10:19:00,29,1,406.09000000000003,0,0.0
15346,2011-01-11 11:18:00,2011-01-11 11:18:00,232,1,252.42000000000002,0,0.0
15347,2010-12-08 15:25:00,2010-12-08 15:25:00,266,1,201.60000000000002,0,0.0
15349,2011-06-05 15:46:00,2011-07-04 16:06:00,58,2,473.81,29,29.0
15350,2010-12-01 13:33:00,2010-12-01 13:33:00,273,1,115.65,0,0.0
15351,2010-12-05 11:49:00,2010-12-05 11:49:00,269,1,274.67,0,0.0
15353,2010-12-07 11:49:00,2011-03-30 12:15:00,154,2,777.02,113,113.0
15356,2010-12-06 14:05:00,2011-08-26 13:25:00,5,8,2279.64,262,37.42857142857143
15358,2010-12-09 10:04:00,2011-08-11 12:44:00,20,15,5639.81,245,17.5
15361,2010-12-13 09:52:00,2010-12-13 09:52:00,261,1,418.92,0,0.0
15363,2010-12-02 12:28:00,2010-12-02 12:28:00,272,1,326.0,0,0.0
15364,2011-03-30 13:39:00,2011-03-30 13:39:00,154,1,331.8,0,0.0
15365,2011-01-28 13:08:00,2011-01-28 13:08:00,215,1,208.61,0,0.0
15366,2010-12-16 15:59:00,2010-12-16 15:59:00,258,1,105.54,0,0.0
15367,2011-03-09 13:53:00,2011-04-08 11:50:00,145,2,1416.18,29,29.0
15370,2011-01-11 11:32:00,2011-07-21 18:36:00,41,4,1513.46,191,63.666666666666664
15372,2011-07-25 16:39:00,2011-07-25 16:39:00,37,1,2007.4,0,0.0
15373,2010-12-03 14:40:00,2011-08-16 08:52:00,15,9,1686.9,255,31.875
15374,2011-08-03 09:59:00,2011-08-03 09:59:00,28,1,168.0,0,0.0
15376,2011-05-01 13:45:00,2011-08-14 15:39:00,17,2,989.02,105,105.0
15379,2010-12-16 13:02:00,2011-06-23 13:13:00,69,7,3703.29,189,31.5
15380,2010-12-09 15:01:00,2011-07-21 16:33:00,41,2,582.56,224,224.0
15381,2011-03-16 13:44:00,2011-05-10 11:55:00,113,2,596.85,54,54.0
15382,2011-02-17 12:01:00,2011-06-08 11:57:00,84,4,2127.12,110,36.666666666666664
15384,2010-12-15 11:34:00,2011-06-23 10:57:00,69,2,642.41,189,189.0
15386,2011-06-06 13:47:00,2011-06-06 13:47:00,86,1,394.14,0,0.0
15388,2011-03-14 13:53:00,2011-03-14 13:53:00,170,1,140.54,0,0.0
15389,2011-06-20 16:18:00,2011-06-20 16:18:00,72,1,500.0,0,0.0
15392,2010-12-14 15:50:00,2010-12-14 15:50:00,260,1,338.98,0,0.0
15393,2011-03-03 16:58:00,2011-03-03 16:58:00,181,1,124.10000000000001,0,0.0
15394,2010-12-16 12:46:00,2011-05-19 14:27:00,104,2,1436.44,154,154.0
15395,2011-01-18 12:40:00,2011-01-18 12:40:00,225,1,107.45,0,0.0
15396,2011-08-19 10:56:00,2011-08-19 10:56:00,12,1,288.18,0,0.0
15397,2011-02-23 09:25:00,2011-02-23 09:25:00,189,1,94.0,0,0.0
15400,2011-03-06 11:27:00,2011-08-18 09:48:00,13,4,611.2,164,54.666666666666664
15402,2011-05-27 13:32:00,2011-07-14 12:17:00,48,2,626.77,47,47.0
15405,2011-06-03 14:44:00,2011-06-03 14:44:00,89,1,349.1,0,0.0
15406,2011-02-11 16:19:00,2011-02-11 16:20:00,201,1,252.29,0,0.0
15407,2011-02-07 13:18:00,2011-06-09 11:32:00,83,3,740.73,121,60.5
15408,2011-03-20 15:02:00,2011-03-20 15:02:00,164,1,267.18,0,0.0
15410,2011-03-23 10:15:00,2011-08-02 08:49:00,29,6,2702.67,131,26.2
15411,2011-06-10 12:30:00,2011-08-07 12:54:00,24,2,382.21000000000004,58,58.0
15412,2011-06-21 15:24:00,2011-06-21 15:24:00,71,1,190.53,0,0.0
15414,2011-04-11 13:45:00,2011-04-11 13:45:00,142,1,36.2,0,0.0
15415,2011-01-30 14:13:00,2011-01-30 14:13:00,213,1,572.8100000000001,0,0.0
15416,2011-03-02 08:41:00,2011-07-07 18:29:00,55,3,3144.33,127,63.5
15421,2011-02-02 14:36:00,2011-05-08 14:02:00,115,3,739.36,94,47.0
15422,2011-01-20 14:17:00,2011-01-20 16:17:00,223,2,97.7,0,0.0
15424,2011-03-30 13:00:00,2011-03-30 13:02:00,154,2,383.34,0,0.0
15426,2010-12-05 13:55:00,2011-03-27 16:05:00,157,2,662.98,112,112.0
15433,2011-03-17 14:12:00,2011-05-10 10:45:00,113,2,533.3,53,53.0
15434,2011-05-23 14:18:00,2011-08-24 16:24:00,7,3,587.28,93,46.5
15436,2011-04-19 16:52:00,2011-04-19 16:52:00,134,1,489.05,0,0.0
15437,2011-03-22 13:11:00,2011-03-22 13:11:00,162,1,200.16,0,0.0
15438,2011-07-31 14:19:00,2011-07-31 14:19:00,31,1,156.57999999999998,0,0.0
15440,2011-05-15 11:30:00,2011-07-26 14:27:00,36,2,237.66,72,72.0
15442,2011-04-05 12:24:00,2011-04-05 12:24:00,148,1,594.0,0,0.0
15443,2011-01-23 13:25:00,2011-08-22 12:52:00,9,2,684.8,210,210.0
15445,2011-03-20 15:06:00,2011-03-20 15:06:00,164,1,113.5,0,0.0
15447,2011-01-13 11:26:00,2011-01-13 11:26:00,230,1,155.17000000000002,0,0.0
15448,2011-01-31 10:42:00,2011-01-31 10:42:00,212,1,494.64,0,0.0
15449,2011-03-23 10:43:00,2011-06-07 16:42:00,85,2,647.7,76,76.0
15452,2011-03-20 15:21:00,2011-03-20 15:21:00,164,1,247.25,0,0.0
15453,2011-06-05 12:37:00,2011-07-31 13:07:00,31,3,485.01,56,28.0
15454,2010-12-12 14:21:00,2010-12-12 14:21:00,262,1,179.1,0,0.0
15456,2010-12-15 15:34:00,2011-03-01 13:51:00,183,3,447.22,75,37.5
15457,2011-03-22 15:31:00,2011-03-22 15:31:00,162,1,237.07,0,0.0
15460,2010-12-20 16:08:00,2010-12-20 16:08:00,254,1,216.76,0,0.0
15462,2011-06-05 15:36:00,2011-07-19 11:56:00,43,2,169.8,43,43.0
15464,2011-01-05 15:56:00,2011-01-05 15:56:00,238,1,1048.85,0,0.0
15465,2010-12-05 10:12:00,2011-07-24 10:03:00,38,15,5992.129999999999,230,16.428571428571427
15467,2011-07-10 14:42:00,2011-07-17 15:24:00,45,2,402.56,7,7.0
15469,2011-08-11 16:54:00,2011-08-11 16:54:00,20,1,304.3,0,0.0
15472,2011-08-18 15:17:00,2011-08-18 15:17:00,13,1,371.56,0,0.0
15480,2011-08-15 14:32:00,2011-08-15 14:32:00,16,1,905.5,0,0.0
15482,2010-12-16 10:08:00,2011-06-27 10:29:00,65,4,2103.5,193,64.33333333333333
15483,2011-03-18 12:26:00,2011-07-01 13:07:00,61,4,233.81,105,35.0
15485,2010-12-01 13:23:00,2011-01-07 17:18:00,236,2,1278.63,37,37.0
15489,2011-05-12 12:54:00,2011-05-12 12:54:00,111,1,348.26,0,0.0
15491,2011-04-18 10:04:00,2011-08-31 10:30:00,0,5,2800.9300000000003,135,33.75
15493,2011-03-14 11:44:00,2011-07-13 11:19:00,49,3,1318.75,120,60.0
15494,2011-08-10 15:29:00,2011-08-10 15:29:00,21,1,1127.38,0,0.0
15497,2011-01-24 10:01:00,2011-01-24 10:01:00,219,1,970.6,0,0.0
15498,2010-12-08 12:29:00,2011-08-11 08:39:00,20,19,9126.37,245,13.61111111111111
15502,2010-12-05 15:40:00,2011-08-08 11:45:00,23,5,5955.53,245,61.25
15503,2010-12-12 10:57:00,2010-12-12 10:57:00,262,1,147.09,0,0.0
15505,2011-07-07 13:33:00,2011-08-18 10:57:00,13,3,2091.14,41,20.5
15506,2011-07-24 11:45:00,2011-07-24 11:45:00,38,1,209.35,0,0.0
15507,2011-06-21 11:19:00,2011-06-21 11:19:00,71,1,492.36,0,0.0
15508,2011-04-18 15:31:00,2011-06-03 15:43:00,89,6,1000.27,46,9.2
15510,2011-01-13 12:10:00,2011-01-13 12:10:00,230,1,250.0,0,0.0
15512,2010-12-15 12:01:00,2011-07-07 10:20:00,55,2,121.0,203,203.0
15513,2010-12-01 11:22:00,2011-08-25 14:34:00,6,15,8928.87,267,19.071428571428573
15514,2010-12-10 13:50:00,2011-04-28 12:06:00,125,6,2561.94,138,27.6
15517,2011-04-20 14:02:00,2011-04-20 14:02:00,133,1,267.03,0,0.0
15518,2011-01-11 12:55:00,2011-08-07 13:08:00,24,7,1624.76,208,34.666666666666664
15521,2011-03-30 09:15:00,2011-07-14 16:12:00,48,5,2116.98,106,26.5
15525,2010-12-01 13:17:00,2010-12-01 13:17:00,273,1,313.93,0,0.0
15527,2010-12-20 14:15:00,2011-07-18 11:42:00,44,5,1330.79,209,52.25
15528,2011-03-30 16:14:00,2011-03-30 16:14:00,154,1,229.33,0,0.0
15529,2010-12-08 12:24:00,2011-07-20 11:38:00,42,8,2399.08,223,31.857142857142858
15530,2011-04-07 11:16:00,2011-07-13 12:15:00,49,3,1168.73,97,48.5
15532,2010-12-16 16:45:00,2011-07-31 13:13:00,31,3,1225.79,226,113.0
15535,2011-01-16 12:35:00,2011-06-19 16:02:00,73,4,536.4,154,51.333333333333336
15537,2011-06-29 13:10:00,2011-06-29 13:10:00,63,1,110.92,0,0.0
15541,2011-08-17 14:58:00,2011-08-17 14:58:00,14,1,85.13000000000001,0,0.0
15543,2011-02-24 15:26:00,2011-02-24 15:26:00,188,1,127.86,0,0.0
15544,2010-12-02 12:47:00,2011-08-12 09:10:00,19,7,2772.37,252,42.0
15545,2010-12-03 17:28:00,2010-12-03 17:28:00,271,1,135.32999999999998,0,0.0
15547,2010-12-12 13:26:00,2011-08-21 16:24:00,10,8,2770.71,252,36.0
15549,2011-01-27 15:38:00,2011-07-05 12:47:00,57,2,1631.68,158,158.0
15550,2011-02-11 12:49:00,2011-08-25 15:18:00,6,3,433.28,195,97.5
15552,2011-05-06 14:47:00,2011-05-06 14:47:00,117,1,90.12,0,0.0
15554,2011-03-07 09:00:00,2011-03-07 09:00:00,177,1,217.2,0,0.0
15555,2010-12-05 14:45:00,2011-08-28 12:16:00,3,10,2819.94,265,29.444444444444443
15561,2011-05-08 11:38:00,2011-07-13 11:20:00,49,3,449.66999999999996,65,32.5
15562,2010-12-23 09:55:00,2010-12-23 09:55:00,251,1,134.55,0,0.0
15563,2010-12-16 11:27:00,2011-05-23 11:44:00,100,2,735.62,158,158.0
15569,2011-01-11 13:26:00,2011-08-28 10:15:00,3,5,1375.71,228,57.0
15570,2010-12-05 12:57:00,2011-07-21 12:29:00,41,9,2826.68,227,28.375
15572,2011-03-06 14:44:00,2011-08-22 10:44:00,9,4,1555.29,168,56.0
15574,2010-12-02 15:46:00,2011-06-15 12:01:00,77,4,702.25,194,64.66666666666667
15577,2011-02-07 13:32:00,2011-07-11 17:03:00,51,3,258.88,154,77.0
15578,2011-06-30 13:03:00,2011-06-30 13:03:00,62,1,127.1,0,0.0
15579,2011-01-30 12:09:00,2011-01-30 12:09:00,213,1,199.6,0,0.0
15581,2010-12-08 14:38:00,2011-08-11 09:38:00,20,13,3679.9700000000003,245,20.416666666666668
15582,2011-05-03 13:36:00,2011-08-31 14:52:00,0,2,541.51,120,120.0
15584,2011-06-30 16:39:00,2011-06-30 16:39:00,62,1,154.65,0,0.0
15585,2011-06-16 08:38:00,2011-06-16 08:38:00,76,1,455.3,0,0.0
15587,2010-12-23 09:59:00,2011-07-20 11:00:00,42,2,456.84,209,209.0
15589,2011-02-02 10:46:00,2011-03-29 09:54:00,155,3,478.53,54,27.0
15594,2011-04-19 10:08:00,2011-04-19 10:08:00,134,1,267.91,0,0.0
15596,2010-12-09 16:10:00,2011-08-31 10:55:00,0,5,1406.59,264,66.0
15599,2011-05-19 13:05:00,2011-05-19 13:05:00,104,1,448.83,0,0.0
15601,2010-12-02 10:39:00,2011-08-09 09:26:00,22,11,5585.46,249,24.9
15602,2010-12-06 15:35:00,2011-05-23 12:35:00,100,5,542.95,167,41.75
15605,2010-12-01 13:38:00,2011-04-01 13:47:00,152,3,690.1800000000001,121,60.5
15606,2011-01-19 12:07:00,2011-08-12 15:00:00,19,8,2439.38,205,29.285714285714285
15607,2011-01-07 12:44:00,2011-01-07 12:44:00,236,1,104.76,0,0.0
15608,2011-08-11 09:56:00,2011-08-11 09:56:00,20,1,285.68,0,0.0
15609,2011-06-08 13:00:00,2011-06-08 13:00:00,84,1,298.48,0,0.0
15611,2011-01-09 11:32:00,2011-08-28 10:40:00,3,8,947.14,230,32.857142857142854
15615,2010-12-15 16:21:00,2011-08-26 12:41:00,5,19,7367.85,253,14.055555555555555
15618,2011-07-26 10:13:00,2011-07-26 10:13:00,36,1,222.831,0,0.0
15620,2010-12-16 14:34:00,2011-05-03 11:22:00,120,2,875.01,137,137.0
15622,2011-03-02 13:42:00,2011-05-26 14:09:00,97,5,2602.0,85,21.25
15623,2011-07-21 17:26:00,2011-07-21 17:26:00,41,1,301.03000000000003,0,0.0
15624,2011-03-28 13:32:00,2011-08-15 11:38:00,16,4,588.13,139,46.333333333333336
15625,2011-04-18 14:01:00,2011-08-28 10:21:00,3,4,1534.26,131,43.666666666666664
15626,2011-01-14 10:10:00,2011-01-14 10:10:00,229,1,281.88,0,0.0
15628,2010-12-08 09:51:00,2011-08-03 12:06:00,28,4,1313.55,238,79.33333333333333
15630,2011-05-19 10:16:00,2011-05-19 10:16:00,104,1,396.86,0,0.0
15632,2011-03-10 08:29:00,2011-08-10 10:57:00,21,6,2351.84,153,30.6
15636,2011-03-02 14:50:00,2011-03-02 14:50:00,182,1,306.7,0,0.0
15639,2011-07-28 14:30:00,2011-07-28 14:30:00,34,1,425.32,0,0.0
15640,2010-12-02 15:40:00,2011-08-10 10:45:00,21,11,8919.34,250,25.0
15641,2010-12-15 14:45:00,2011-08-26 14:04:00,5,4,1887.2,253,84.33333333333333
15643,2011-03-02 14:34:00,2011-06-01 07:38:00,91,3,664.0,90,45.0
15644,2011-03-23 15:37:00,2011-06-26 14:54:00,66,4,813.0,94,31.333333333333332
15646,2010-12-02 16:59:00,2011-07-05 09:53:00,57,3,447.64000000000004,214,107.0
15648,2011-03-17 18:59:00,2011-05-19 15:53:00,104,2,657.35,62,62.0
15649,2010-12-07 10:06:00,2011-01-07 13:34:00,236,2,816.0,31,31.0
15651,2011-03-24 08:56:00,2011-03-24 08:56:00,160,1,227.32,0,0.0
15653,2011-08-16 09:50:00,2011-08-16 09:50:00,15,1,48.0,0,0.0
15655,2011-04-10 15:25:00,2011-04-10 15:25:00,143,1,560.6700000000001,0,0.0
15656,2011-02-28 15:32:00,2011-06-14 13:48:00,78,3,563.63,105,52.5
15658,2010-12-02 10:53:00,2011-06-02 15:22:00,90,5,1024.1000000000001,182,45.5
15660,2010-12-09 09:49:00,2011-07-27 09:14:00,35,6,884.34,229,45.8
15661,2011-01-05 12:32:00,2011-01-26 13:56:00,217,2,309.8,21,21.0
15663,2011-08-25 15:50:00,2011-08-25 15:50:00,6,1,138.14,0,0.0
15665,2011-04-10 15:09:00,2011-06-24 14:57:00,68,2,2242.01,74,74.0
15668,2011-05-06 10:39:00,2011-05-06 10:39:00,117,1,76.32000000000001,0,0.0
15669,2011-03-21 09:13:00,2011-08-28 11:19:00,3,3,565.54,160,80.0
15670,2011-02-16 10:50:00,2011-02-16 10:50:00,196,1,173.05,0,0.0
15671,2011-03-14 09:37:00,2011-08-05 16:37:00,26,4,1334.49,144,48.0
15673,2011-01-16 16:25:00,2011-07-06 10:15:00,56,3,2104.39,170,85.0
15674,2011-03-30 09:19:00,2011-05-10 10:39:00,113,4,1379.6599999999999,41,13.666666666666666
15675,2011-03-04 14:21:00,2011-07-07 19:14:00,55,2,225.39000000000001,125,125.0
15676,2011-03-01 10:19:00,2011-03-01 10:19:00,183,1,897.8,0,0.0
15679,2011-06-10 08:24:00,2011-07-08 13:31:00,54,2,260.26,28,28.0
15680,2010-12-08 14:43:00,2010-12-08 14:43:00,266,1,478.89,0,0.0
15681,2011-03-04 13:46:00,2011-06-09 16:34:00,83,3,703.22,97,48.5
15683,2011-08-14 12:56:00,2011-08-14 12:56:00,17,1,193.75,0,0.0
15687,2011-01-13 15:13:00,2011-06-06 09:13:00,86,5,1679.45,143,35.75
15689,2010-12-13 09:57:00,2011-08-12 09:37:00,19,2,254.1,241,241.0
15690,2011-08-31 11:40:00,2011-08-31 11:40:00,0,1,111.0,0,0.0
15691,2011-04-01 15:13:00,2011-04-01 15:13:00,152,1,136.8,0,0.0
15694,2010-12-02 07:49:00,2011-06-16 16:06:00,76,9,3305.7799999999997,196,24.5
15695,2011-03-18 08:31:00,2011-03-18 08:32:00,166,2,409.98,0,0.0
15696,2011-01-17 11:24:00,2011-05-03 11:34:00,120,6,1637.9,106,21.2
15700,2011-06-19 15:36:00,2011-06-20 16:53:00,72,2,696.68,1,1.0
15701,2011-08-21 12:36:00,2011-08-21 12:36:00,10,1,857.0,0,0.0
15703,2011-03-20 10:51:00,2011-03-20 10:51:00,164,1,211.5,0,0.0
15704,2011-05-08 12:42:00,2011-07-22 13:35:00,40,4,2293.62,75,25.0
15705,2011-05-22 15:37:00,2011-05-22 15:37:00,101,1,143.1,0,0.0
15706,2011-08-15 14:32:00,2011-08-15 14:32:00,16,1,450.05,0,0.0
15708,2010-12-05 11:12:00,2011-07-24 12:20:00,38,6,2700.4300000000003,231,46.2
15709,2011-03-01 10:38:00,2011-03-01 10:38:00,183,1,133.25,0,0.0
15712,2011-02-25 11:32:00,2011-08-22 11:44:00,9,3,766.3100000000001,178,89.0
15713,2010-12-08 15:16:00,2011-07-19 13:34:00,43,2,356.7,222,222.0
15716,2010-12-05 12:26:00,2011-07-17 11:59:00,45,4,1118.81,223,74.33333333333333
15717,2011-04-19 13:21:00,2011-04-19 13:21:00,134,1,150.3,0,0.0
15719,2011-01-06 12:31:00,2011-08-05 12:27:00,26,10,3553.5,210,23.333333333333332
15722,2011-02-22 12:24:00,2011-08-23 11:30:00,8,3,1424.8,181,90.5
15723,2010-12-10 11:12:00,2010-12-10 11:12:00,264,1,203.10000000000002,0,0.0
15724,2011-02-28 10:40:00,2011-05-22 14:40:00,101,2,218.25,83,83.0
15727,2010-12-15 15:47:00,2011-08-24 14:54:00,7,6,4609.29,251,50.2
15729,2011-05-11 12:36:00,2011-05-11 12:36:00,112,1,85.0,0,0.0
15730,2011-05-17 12:43:00,2011-05-17 12:43:00,106,1,467.43,0,0.0
15732,2010-12-02 15:00:00,2011-05-11 14:24:00,112,2,294.12,159,159.0
15733,2011-03-02 09:05:00,2011-03-02 09:05:00,182,1,162.3,0,0.0
15734,2011-05-23 14:59:00,2011-08-17 10:50:00,14,2,1339.45,85,85.0
15737,2011-04-11 10:01:00,2011-07-15 12:33:00,47,5,897.9300000000001,95,23.75
15738,2010-12-02 12:50:00,2011-08-22 09:51:00,9,12,3558.41,262,23.818181818181817
15743,2011-06-08 10:14:00,2011-08-18 12:43:00,13,2,434.05,71,71.0
15745,2011-04-17 13:04:00,2011-04-17 13:04:00,136,1,302.85,0,0.0
15746,2011-07-28 15:21:00,2011-07-28 15:21:00,34,1,196.88,0,0.0
15747,2011-06-20 11:30:00,2011-08-11 14:04:00,20,2,549.47,52,52.0
15749,2011-01-11 12:55:00,2011-04-18 13:20:00,135,3,44534.3,97,48.5
15750,2010-12-08 10:36:00,2011-06-22 12:16:00,70,4,1109.83,196,65.33333333333333
15752,2010-12-02 09:43:00,2011-08-16 10:36:00,15,5,1623.63,257,64.25
15753,2011-02-08 12:41:00,2011-02-08 12:41:00,204,1,79.2,0,0.0
15754,2011-04-07 12:24:00,2011-04-07 12:24:00,146,1,91.8,0,0.0
15755,2011-02-18 11:53:00,2011-08-23 15:20:00,8,3,1144.83,186,93.0
15756,2011-04-04 14:00:00,2011-07-10 11:19:00,52,3,364.84,96,48.0
15757,2011-05-06 11:40:00,2011-05-06 11:40:00,117,1,261.36,0,0.0
15759,2010-12-16 15:29:00,2011-05-05 15:13:00,118,3,253.04000000000002,139,69.5
15764,2011-03-08 09:23:00,2011-08-24 15:09:00,7,5,3276.62,169,42.25
15768,2011-04-28 09:20:00,2011-08-16 10:48:00,15,3,621.83,110,55.0
15769,2010-12-03 15:16:00,2011-08-30 11:37:00,1,19,41863.72,269,14.944444444444445
15775,2011-04-08 12:56:00,2011-04-08 12:56:00,145,1,104.9,0,0.0
15776,2011-07-29 13:46:00,2011-07-29 13:46:00,33,1,241.62,0,0.0
15777,2010-12-13 16:38:00,2011-04-12 16:43:00,141,4,1047.1100000000001,120,40.0
15780,2010-12-17 11:43:00,2011-06-09 12:01:00,83,3,475.28000000000003,174,87.0
15781,2011-02-07 09:15:00,2011-07-25 12:25:00,37,2,211.3,168,168.0
15785,2011-02-17 14:17:00,2011-07-05 10:08:00,57,4,1665.8300000000002,137,45.666666666666664
15786,2011-08-17 13:33:00,2011-08-17 13:33:00,14,1,3160.84,0,0.0
15789,2010-12-16 14:35:00,2010-12-16 14:35:00,258,1,351.3,0,0.0
15791,2011-05-19 15:15:00,2011-05-19 15:15:00,104,1,1223.24,0,0.0
15793,2011-03-16 10:45:00,2011-03-16 10:45:00,168,1,306.64,0,0.0
15795,2011-07-13 10:43:00,2011-07-13 10:43:00,49,1,610.01,0,0.0
15796,2011-02-10 15:40:00,2011-08-22 14:35:00,9,5,1575.72,192,48.0
15797,2011-01-24 15:47:00,2011-08-18 17:04:00,13,4,2207.4,206,68.66666666666667
15799,2011-01-09 15:13:00,2011-06-07 15:28:00,85,2,481.24,149,149.0
15800,2011-04-07 12:39:00,2011-08-24 14:23:00,7,2,699.08,139,139.0
15801,2011-08-22 09:53:00,2011-08-22 09:53:00,9,1,137.22,0,0.0
15802,2011-07-20 11:38:00,2011-07-20 11:38:00,42,1,451.42,0,0.0
15804,2011-05-25 10:12:00,2011-08-23 09:57:00,8,4,2076.91,89,29.666666666666668
15805,2010-12-10 09:33:00,2011-08-25 14:50:00,6,11,3568.0,258,25.8
15806,2011-03-08 09:24:00,2011-07-05 12:15:00,57,2,521.88,119,119.0
15808,2010-12-05 13:05:00,2011-02-06 14:33:00,206,4,3734.9700000000003,63,21.0
15809,2011-02-10 11:16:00,2011-06-08 15:31:00,84,4,399.21000000000004,118,39.333333333333336
15810,2011-02-16 09:11:00,2011-06-22 14:01:00,70,3,1361.19,126,63.0
15811,2010-12-09 15:29:00,2011-08-26 09:37:00,5,5,1773.8,259,64.75
15812,2011-01-26 12:12:00,2011-08-24 14:19:00,7,5,1801.14,210,52.5
15813,2011-04-14 09:09:00,2011-05-16 08:13:00,107,2,1303.9099999999999,31,31.0
15815,2011-03-25 08:43:00,2011-07-22 12:20:00,40,4,1874.7,119,39.666666666666664
15819,2011-03-08 09:45:00,2011-07-31 15:22:00,31,3,1585.47,145,72.5
15820,2011-01-24 12:00:00,2011-01-24 12:00:00,219,1,206.98,0,0.0
15822,2010-12-15 13:38:00,2010-12-15 13:38:00,259,1,440.2,0,0.0
15823,2010-12-02 15:08:00,2010-12-02 15:08:00,272,1,15.0,0,0.0
15825,2011-06-20 13:27:00,2011-06-20 13:27:00,72,1,532.94,0,0.0
15826,2011-05-13 10:44:00,2011-05-13 10:44:00,110,1,720.0,0,0.0
15827,2010-12-02 13:06:00,2011-08-17 15:05:00,14,13,1598.16,258,21.5
15829,2011-07-22 10:23:00,2011-07-22 10:23:00,40,1,325.44,0,0.0
15831,2011-01-19 14:52:00,2011-08-07 13:54:00,24,2,451.11,199,199.0
15832,2011-03-30 15:29:00,2011-03-30 15:29:00,154,1,836.79,0,0.0
15834,2011-03-07 17:52:00,2011-06-27 10:16:00,65,3,1791.82,111,55.5
15835,2011-01-13 10:35:00,2011-07-25 12:50:00,37,3,675.51,193,96.5
15838,2010-12-07 11:26:00,2011-08-23 12:18:00,8,12,14153.5,259,23.545454545454547
15839,2011-07-14 16:35:00,2011-07-14 16:35:00,48,1,299.18,0,0.0
15840,2011-06-20 11:42:00,2011-06-20 11:42:00,72,1,241.74,0,0.0
15841,2011-01-05 11:25:00,2011-05-05 14:37:00,118,2,613.26,120,120.0
15843,2011-02-09 10:19:00,2011-02-09 10:19:00,203,1,118.95,0,0.0
15845,2011-01-06 17:19:00,2011-07-18 10:05:00,44,5,2526.76,192,48.0
15847,2011-02-24 16:46:00,2011-02-24 16:46:00,188,1,180.68,0,0.0
15850,2011-06-24 14:16:00,2011-06-24 14:16:00,68,1,118.88,0,0.0
15852,2011-05-26 13:26:00,2011-06-06 11:22:00,86,2,160.71,10,10.0
15854,2010-12-13 11:47:00,2011-07-22 13:17:00,40,9,2393.69,221,27.625
15855,2011-03-21 12:32:00,2011-07-26 10:20:00,36,5,712.24,126,31.5
15856,2010-12-09 13:34:00,2011-08-31 17:16:00,0,15,10098.45,265,18.928571428571427
15858,2010-12-07 14:31:00,2011-02-23 13:21:00,189,2,816.22,77,77.0
15860,2010-12-06 11:38:00,2011-08-07 13:43:00,24,5,654.28,244,61.0
15861,2011-03-17 20:12:00,2011-07-28 11:29:00,34,3,1130.0,132,66.0
15862,2010-12-01 11:21:00,2011-08-19 16:34:00,12,3,659.73,261,130.5
15863,2011-05-31 11:36:00,2011-05-31 11:36:00,92,1,9.2,0,0.0
15864,2011-01-27 16:43:00,2011-06-15 15:35:00,77,2,414.26,138,138.0
15865,2011-05-10 11:44:00,2011-05-10 11:44:00,113,1,313.93,0,0.0
15866,2011-08-30 14:09:00,2011-08-30 14:09:00,1,1,230.53,0,0.0
15867,2010-12-05 14:17:00,2011-08-18 16:24:00,13,12,2949.91,256,23.272727272727273
15869,2011-03-07 17:19:00,2011-03-07 17:23:00,177,2,149.64,0,0.0
15874,2011-02-28 13:28:00,2011-06-15 11:01:00,77,6,2207.75,106,21.2
15880,2010-12-05 13:00:00,2010-12-05 13:00:00,269,1,343.28,0,0.0
15881,2010-12-10 13:32:00,2011-01-31 16:59:00,212,5,501.39,52,13.0
15882,2010-12-06 13:01:00,2011-05-25 11:35:00,98,4,516.36,169,56.333333333333336
15885,2011-02-03 15:28:00,2011-02-03 15:28:00,209,1,15.0,0,0.0
15889,2010-12-05 15:12:00,2011-07-06 11:10:00,56,2,446.87,212,212.0
15891,2011-04-27 12:35:00,2011-04-27 12:35:00,126,1,524.52,0,0.0
15894,2010-12-05 14:06:00,2011-03-31 13:50:00,153,2,263.55,115,115.0
15895,2011-07-13 10:27:00,2011-07-13 10:27:00,49,1,179.17,0,0.0
15897,2011-05-29 13:32:00,2011-05-29 13:50:00,94,2,222.05,0,0.0
15898,2010-12-06 11:01:00,2011-04-27 10:03:00,126,4,1002.99,141,47.0
15899,2010-12-06 10:36:00,2010-12-06 10:36:00,268,1,56.25,0,0.0
15901,2011-07-08 12:18:00,2011-07-08 12:18:00,54,1,110.49,0,0.0
15903,2011-02-17 14:04:00,2011-04-26 11:51:00,127,2,641.64,67,67.0
15906,2011-03-29 13:28:00,2011-07-18 11:37:00,44,4,797.71,110,36.666666666666664
15907,2011-05-13 13:01:00,2011-06-16 12:45:00,76,2,529.52,33,33.0
15909,2011-06-19 10:38:00,2011-06-19 10:38:00,73,1,191.94,0,0.0
15910,2011-01-27 11:55:00,2011-05-16 16:36:00,107,4,550.61,109,36.333333333333336
15912,2011-04-20 17:10:00,2011-06-14 14:29:00,78,2,264.62,54,54.0
15916,2010-12-08 13:07:00,2011-06-01 11:52:00,91,5,848.53,174,43.5
15917,2011-04-06 10:40:00,2011-04-06 10:40:00,147,1,123.1,0,0.0
15918,2011-03-13 15:55:00,2011-06-02 11:42:00,90,2,334.23,80,80.0
15919,2010-12-06 11:26:00,2010-12-06 11:26:00,268,1,270.72,0,0.0
15920,2011-07-08 15:16:00,2011-07-08 15:31:00,54,4,167.5,0,0.0
15921,2011-06-20 11:03:00,2011-06-20 11:03:00,72,1,336.03000000000003,0,0.0
15922,2010-12-01 13:51:00,2010-12-01 13:51:00,273,1,369.5,0,0.0
15923,2010-12-02 12:16:00,2010-12-02 12:16:00,272,1,127.08,0,0.0
15925,2011-05-29 15:35:00,2011-05-29 15:35:00,94,1,207.15,0,0.0
15932,2011-02-23 14:50:00,2011-08-24 12:00:00,7,6,1885.95,181,36.2
15935,2011-04-12 09:35:00,2011-04-14 13:27:00,139,2,416.86,2,2.0
15938,2011-01-20 10:11:00,2011-08-19 12:56:00,12,5,404.58000000000004,211,52.75
15939,2011-01-12 12:43:00,2011-08-24 14:46:00,7,14,5860.25,224,17.23076923076923
15940,2011-02-01 16:18:00,2011-02-01 16:18:00,211,1,35.8,0,0.0
15942,2011-07-29 09:01:00,2011-07-29 09:01:00,33,1,337.44,0,0.0
15944,2011-03-08 10:33:00,2011-03-08 10:33:00,176,1,325.1,0,0.0
15945,2010-12-09 13:14:00,2010-12-09 13:14:00,265,1,181.0,0,0.0
15950,2010-12-15 11:56:00,2011-08-25 14:13:00,6,2,1091.38,253,253.0
15951,2011-02-27 11:57:00,2011-02-27 11:57:00,185,1,375.17,0,0.0
15952,2011-04-28 12:55:00,2011-07-03 13:33:00,59,2,327.8,66,66.0
15953,2010-12-05 15:15:00,2011-05-12 11:44:00,111,4,826.14,157,52.333333333333336
15955,2010-12-02 11:22:00,2011-08-25 11:36:00,6,8,2463.65,266,38.0
15965,2010-12-07 13:18:00,2010-12-07 13:18:00,267,1,156.19,0,0.0
15967,2011-01-25 11:57:00,2011-01-25 11:57:00,218,1,173.8,0,0.0
15969,2011-06-07 12:19:00,2011-06-07 12:19:00,85,1,308.7,0,0.0
15970,2011-02-09 12:08:00,2011-02-09 12:08:00,203,1,314.09999999999997,0,0.0
15971,2011-02-01 16:47:00,2011-08-23 09:53:00,8,7,2109.45,202,33.666666666666664
15973,2010-12-08 11:42:00,2010-12-08 11:42:00,266,1,307.82000000000005,0,0.0
15974,2011-02-24 10:10:00,2011-07-29 10:21:00,33,5,2547.13,155,38.75
15976,2011-05-03 17:12:00,2011-06-27 13:00:00,65,2,430.94,54,54.0
15980,2011-03-30 15:05:00,2011-03-30 15:05:00,154,1,760.18,0,0.0
15981,2011-02-01 13:50:00,2011-07-25 10:47:00,37,6,2458.2,173,34.6
15983,2010-12-01 12:15:00,2010-12-14 12:30:00,260,3,1148.27,13,6.5
15984,2010-12-06 13:21:00,2011-08-31 12:11:00,0,7,1848.76,267,44.5
15985,2011-04-17 11:04:00,2011-08-08 16:31:00,23,2,1142.42,113,113.0
15987,2010-12-06 08:34:00,2011-08-11 09:45:00,20,6,1206.42,248,49.6
15990,2011-02-25 15:35:00,2011-02-25 15:35:00,187,1,401.37,0,0.0
15996,2010-12-08 15:59:00,2011-08-15 13:09:00,16,5,907.86,249,62.25
15998,2010-12-12 13:32:00,2011-06-21 10:48:00,71,3,2112.06,190,95.0
16003,2010-12-15 12:09:00,2011-07-28 11:20:00,34,3,1793.9,224,112.0
16005,2011-03-14 11:46:00,2011-06-10 12:01:00,82,2,298.08,88,88.0
16006,2011-05-12 13:12:00,2011-05-12 13:12:00,111,1,101.4,0,0.0
16007,2011-05-08 13:32:00,2011-06-12 12:01:00,80,2,733.45,34,34.0
16008,2011-05-19 10:54:00,2011-05-19 10:54:00,104,1,139.15,0,0.0
16009,2011-07-03 11:26:00,2011-07-03 11:26:00,59,1,462.19,0,0.0
16010,2010-12-12 12:18:00,2011-04-08 10:14:00,145,3,407.5,116,58.0
16011,2010-12-08 16:34:00,2011-08-12 14:12:00,19,10,1725.28,246,27.333333333333332
16012,2011-07-07 18:02:00,2011-08-03 11:44:00,28,2,1132.12,26,26.0
16013,2010-12-03 13:09:00,2011-08-22 13:20:00,9,34,21587.74,262,7.9393939393939394
16014,2011-02-21 17:42:00,2011-07-10 16:29:00,52,2,529.9300000000001,138,138.0
16016,2010-12-08 12:36:00,2011-05-27 13:53:00,96,4,817.57,170,56.666666666666664
16018,2011-06-12 13:52:00,2011-06-12 13:52:00,80,1,161.9,0,0.0
16019,2010-12-10 12:29:00,2011-07-26 14:03:00,36,7,2952.25,228,38.0
16022,2011-03-24 13:16:00,2011-03-24 13:16:00,160,1,628.28,0,0.0
16023,2011-03-18 13:32:00,2011-05-31 14:19:00,92,2,500.69,74,74.0
16027,2011-02-10 12:19:00,2011-07-25 13:16:00,37,5,776.22,165,41.25
16029,2010-12-01 09:57:00,2011-08-24 13:33:00,7,46,52387.24,266,5.911111111111111
16030,2011-02-03 11:28:00,2011-02-03 11:28:00,209,1,331.24,0,0.0
16031,2011-04-06 14:23:00,2011-04-06 14:23:00,147,1,305.63,0,0.0
16033,2010-12-05 10:36:00,2011-08-23 14:19:00,8,16,5878.3,261,17.4
16034,2011-01-11 11:54:00,2011-05-27 16:17:00,96,3,437.70000000000005,136,68.0
16036,2011-03-21 13:01:00,2011-03-21 13:01:00,163,1,188.73000000000002,0,0.0
16037,2010-12-16 10:18:00,2011-03-15 09:13:00,169,3,855.02,88,44.0
16038,2011-05-22 11:29:00,2011-06-15 13:50:00,77,2,393.33,24,24.0
16040,2011-03-16 09:58:00,2011-07-14 16:12:00,48,2,876.1800000000001,120,120.0
16041,2011-07-21 16:27:00,2011-07-21 16:28:00,41,2,2739.8,0,0.0
16042,2011-01-11 13:25:00,2011-08-24 12:04:00,7,2,460.28,224,224.0
16043,2011-01-26 11:14:00,2011-05-12 13:43:00,111,3,676.49,106,53.0
16045,2011-02-22 14:55:00,2011-08-12 12:41:00,19,4,1340.7,170,56.666666666666664
16048,2010-12-01 15:27:00,2010-12-01 15:28:00,273,2,256.44,0,0.0
16050,2011-06-19 11:44:00,2011-06-19 11:44:00,73,1,137.9,0,0.0
16053,2011-08-09 14:57:00,2011-08-09 14:57:00,22,1,1124.19,0,0.0
16054,2011-07-17 13:08:00,2011-07-17 13:08:00,45,1,783.9,0,0.0
16055,2011-05-03 09:26:00,2011-05-03 09:26:00,120,1,134.8,0,0.0
16057,2011-02-28 10:35:00,2011-05-12 13:10:00,111,3,1059.54,73,36.5
16059,2010-12-07 10:36:00,2011-06-29 10:50:00,63,4,951.3000000000001,204,68.0
16062,2010-12-10 12:00:00,2011-07-29 12:50:00,33,3,778.14,231,115.5
16063,2011-03-24 14:55:00,2011-03-24 14:56:00,160,1,335.32,0,0.0
16065,2010-12-09 13:03:00,2010-12-09 13:03:00,265,1,372.09,0,0.0
16066,2011-08-07 14:33:00,2011-08-07 14:33:00,24,1,316.38,0,0.0
16072,2011-02-24 14:32:00,2011-02-24 14:32:00,188,1,584.3199999999999,0,0.0
16073,2011-02-15 15:41:00,2011-02-15 15:41:00,197,1,122.4,0,0.0
16076,2011-05-15 12:31:00,2011-08-11 14:39:00,20,3,887.8000000000001,88,44.0
16078,2011-03-01 09:47:00,2011-03-01 09:47:00,183,1,79.2,0,0.0
16080,2011-03-10 14:44:00,2011-03-10 14:44:00,174,1,130.26,0,0.0
16081,2010-12-08 11:16:00,2011-06-07 13:31:00,85,3,992.37,181,90.5
16083,2010-12-14 11:51:00,2011-08-31 10:47:00,0,2,1317.62,259,259.0
16084,2011-02-13 16:05:00,2011-02-13 16:05:00,199,1,436.18,0,0.0
16085,2011-01-23 12:07:00,2011-04-17 12:25:00,136,2,325.04,84,84.0
16086,2010-12-07 13:45:00,2011-05-23 15:29:00,100,3,587.0600000000001,167,83.5
16091,2011-05-25 09:18:00,2011-07-08 08:45:00,54,2,315.06,43,43.0
16092,2011-03-30 15:38:00,2011-08-17 10:46:00,14,3,817.86,139,69.5
16093,2011-08-25 11:09:00,2011-08-25 11:09:00,6,1,17.0,0,0.0
16094,2011-05-04 13:57:00,2011-05-04 13:57:00,119,1,252.1,0,0.0
16096,2011-03-20 13:38:00,2011-03-20 13:38:00,164,1,320.62,0,0.0
16097,2011-04-13 13:47:00,2011-04-13 13:47:00,140,1,185.04999999999998,0,0.0
16098,2010-12-01 09:45:00,2011-08-03 17:05:00,28,6,1712.49,245,49.0
16099,2011-04-28 08:34:00,2011-07-25 10:28:00,37,2,592.1,88,88.0
16102,2011-08-03 12:50:00,2011-08-03 12:50:00,28,1,839.76,0,0.0
16103,2011-04-20 12:28:00,2011-07-05 10:54:00,57,4,1156.4,75,25.0
16105,2011-04-05 10:13:00,2011-04-05 10:13:00,148,1,336.96,0,0.0
16107,2011-06-09 18:42:00,2011-08-28 14:53:00,3,3,1494.1200000000001,79,39.5
16109,2011-02-04 12:37:00,2011-05-05 09:17:00,118,2,611.88,89,89.0
16110,2011-02-01 14:01:00,2011-03-22 13:54:00,162,2,693.93,48,48.0
16112,2011-01-05 11:47:00,2011-07-19 14:28:00,43,4,195.74,195,65.0
16113,2011-06-09 16:16:00,2011-06-09 16:16:00,83,1,161.38,0,0.0
16114,2011-06-22 10:13:00,2011-06-22 10:13:00,70,1,135.75000000000003,0,0.0
16115,2011-02-20 12:14:00,2011-08-14 12:55:00,17,5,931.68,175,43.75
16116,2011-05-12 12:01:00,2011-05-12 12:01:00,111,1,612.78,0,0.0
16117,2011-06-03 11:42:00,2011-06-03 11:42:00,89,1,232.21,0,0.0
16121,2011-05-08 11:52:00,2011-05-08 11:52:00,115,1,287.89,0,0.0
16122,2010-12-08 11:41:00,2011-08-19 10:18:00,12,3,550.26,253,126.5
16124,2011-01-26 14:45:00,2011-01-26 14:45:00,217,1,249.0,0,0.0
16125,2010-12-07 15:48:00,2010-12-07 15:48:00,267,1,289.35,0,0.0
16126,2011-02-16 11:18:00,2011-08-30 10:07:00,1,3,3706.7,194,97.0
16128,2011-03-02 12:21:00,2011-07-19 12:19:00,43,2,694.7,138,138.0
16131,2011-04-14 08:32:00,2011-08-16 12:32:00,15,4,2278.5,124,41.333333333333336
16133,2011-01-25 15:55:00,2011-08-30 13:47:00,1,23,10619.27,216,9.818181818181818
16134,2010-12-15 14:00:00,2010-12-15 14:00:00,259,1,283.53000000000003,0,0.0
16135,2011-03-22 12:30:00,2011-03-22 12:30:00,162,1,517.55,0,0.0
16136,2011-03-07 09:52:00,2011-03-07 09:52:00,177,1,159.3,0,0.0
16139,2011-05-17 10:23:00,2011-08-19 14:49:00,12,2,306.37,94,94.0
16140,2010-12-03 14:40:00,2010-12-03 14:40:00,271,1,124.14,0,0.0
16142,2011-04-04 10:16:00,2011-04-04 10:16:00,149,1,535.34,0,0.0
16143,2010-12-05 15:18:00,2011-08-23 16:01:00,8,5,1949.3600000000001,261,65.25
16144,2011-04-07 10:09:00,2011-04-07 10:09:00,146,1,175.2,0,0.0
16145,2010-12-15 09:09:00,2011-08-08 09:22:00,23,7,2282.3,236,39.333333333333336
16146,2011-04-21 15:25:00,2011-07-05 14:20:00,57,3,734.13,74,37.0
16147,2011-07-29 09:57:00,2011-07-29 09:57:00,33,1,375.0,0,0.0
16148,2011-02-16 14:01:00,2011-02-16 14:01:00,196,1,76.32000000000001,0,0.0
16149,2011-07-20 14:54:00,2011-07-20 14:54:00,42,1,163.68,0,0.0
16150,2010-12-02 18:27:00,2011-08-03 09:07:00,28,3,1408.7,243,121.5
16152,2011-03-16 09:47:00,2011-03-16 09:47:00,168,1,1829.04,0,0.0
16153,2010-12-20 09:22:00,2011-08-16 09:34:00,15,4,1023.54,239,79.66666666666667
16156,2011-02-02 12:02:00,2011-07-11 10:24:00,51,5,1445.17,158,39.5
16159,2011-03-03 12:27:00,2011-03-03 12:27:00,181,1,348.2,0,0.0
16161,2010-12-06 10:03:00,2011-07-22 15:02:00,40,12,3063.7,228,20.727272727272727
16162,2011-04-01 15:03:00,2011-04-01 15:03:00,152,1,37.4,0,0.0
16163,2010-12-09 16:28:00,2011-04-21 15:15:00,132,2,856.6,132,132.0
16168,2010-12-05 11:38:00,2011-08-28 12:11:00,3,16,2361.2,266,17.733333333333334
16170,2011-04-05 13:42:00,2011-08-19 10:06:00,12,5,1560.66,135,33.75
16172,2011-04-12 12:02:00,2011-08-01 15:37:00,30,3,800.35,111,55.5
16174,2011-07-11 09:23:00,2011-08-05 13:26:00,26,3,1009.55,25,12.5
16175,2011-04-13 14:38:00,2011-06-23 18:59:00,69,3,736.89,71,35.5
16178,2011-07-24 16:05:00,2011-07-24 16:05:00,38,1,197.9,0,0.0
16180,2011-04-01 10:23:00,2011-08-31 16:28:00,0,8,10254.18,152,21.714285714285715
16182,2011-02-18 10:11:00,2011-08-01 16:41:00,30,3,4844.0,164,82.0
16184,2011-05-12 13:33:00,2011-08-26 09:55:00,5,5,985.8000000000001,105,26.25
16185,2011-04-21 11:59:00,2011-04-21 11:59:00,132,1,335.0,0,0.0
16186,2010-12-02 14:40:00,2011-08-28 12:57:00,3,9,2696.5299999999997,268,33.5
16187,2011-02-28 13:34:00,2011-08-18 10:31:00,13,10,4601.32,170,18.88888888888889
16188,2011-04-11 09:44:00,2011-07-21 16:20:00,41,3,755.03,101,50.5
16191,2010-12-14 12:38:00,2011-03-22 08:54:00,162,8,2615.68,97,13.857142857142858
16193,2011-04-17 11:45:00,2011-04-17 11:45:00,136,1,314.45,0,0.0
16200,2011-06-28 15:47:00,2011-06-28 15:47:00,64,1,550.57,0,0.0
16201,2011-08-22 10:47:00,2011-08-22 10:47:00,9,1,303.8,0,0.0
16202,2010-12-14 10:43:00,2010-12-14 10:43:00,260,1,365.27,0,0.0
16203,2010-12-02 15:39:00,2011-07-15 12:45:00,47,3,378.3,224,112.0
16205,2011-06-13 11:33:00,2011-06-13 11:33:00,79,1,112.35,0,0.0
16206,2011-01-16 11:07:00,2011-08-07 10:45:00,24,3,409.86,202,101.0
16208,2011-02-23 13:37:00,2011-02-23 13:37:00,189,1,497.59000000000003,0,0.0
16209,2011-04-07 12:23:00,2011-08-12 14:25:00,19,4,2116.9,127,42.333333333333336
16210,2010-12-01 12:27:00,2011-08-15 14:44:00,16,10,10904.08,257,28.555555555555557
16212,2011-03-01 12:51:00,2011-03-01 12:51:00,183,1,498.15000000000003,0,0.0
16214,2011-03-15 13:23:00,2011-06-22 11:30:00,70,3,1062.75,98,49.0
16216,2011-03-17 15:34:00,2011-03-17 15:34:00,167,1,914.9300000000001,0,0.0
16217,2011-03-02 15:28:00,2011-04-18 13:31:00,135,2,304.25,46,46.0
16218,2010-12-01 11:29:00,2011-08-17 09:16:00,14,6,2635.48,258,51.6
16221,2010-12-07 13:13:00,2011-03-09 10:51:00,175,2,315.37,91,91.0
16222,2011-01-25 13:38:00,2011-01-25 13:38:00,218,1,846.72,0,0.0
16224,2011-04-04 12:00:00,2011-07-21 19:17:00,41,3,865.88,108,54.0
16225,2011-03-07 12:17:00,2011-07-13 12:18:00,49,4,953.64,128,42.666666666666664
16226,2011-04-18 12:58:00,2011-05-20 14:41:00,103,3,255.12,32,16.0
16227,2011-04-28 13:33:00,2011-04-28 13:33:00,125,1,314.22,0,0.0
16229,2011-05-11 10:18:00,2011-05-11 10:18:00,112,1,358.2,0,0.0
16230,2011-05-03 15:12:00,2011-06-03 10:06:00,89,2,542.03,30,30.0
16232,2011-05-08 14:05:00,2011-07-19 13:01:00,43,3,725.04,71,35.5
16233,2010-12-08 12:51:00,2011-01-14 10:31:00,229,2,326.5,36,36.0
16235,2011-01-11 15:42:00,2011-06-06 11:26:00,86,3,665.29,145,72.5
16239,2011-06-03 09:30:00,2011-06-03 09:30:00,89,1,347.9,0,0.0
16241,2010-12-05 11:04:00,2011-08-17 11:14:00,14,8,1507.8700000000001,255,36.42857142857143
16242,2011-03-07 17:04:00,2011-06-27 14:41:00,65,3,846.59,111,55.5
16244,2010-12-02 11:41:00,2011-05-12 10:18:00,111,2,1522.75,160,160.0
16245,2011-03-28 09:30:00,2011-08-10 09:34:00,21,2,769.7,135,135.0
16247,2011-06-22 14:23:00,2011-06-22 14:23:00,70,1,114.56,0,0.0
16249,2011-04-14 13:50:00,2011-08-19 11:47:00,12,4,1440.77,126,42.0
16250,2010-12-01 09:59:00,2011-03-23 15:07:00,161,2,389.44,112,112.0
16253,2011-03-29 13:33:00,2011-03-29 13:33:00,155,1,1700.4,0,0.0
16255,2010-12-09 14:25:00,2011-07-31 12:02:00,31,6,1797.75,233,46.6
16256,2011-03-18 12:18:00,2011-03-18 12:18:00,166,1,752.4300000000001,0,0.0
16257,2011-06-16 10:11:00,2011-06-16 10:11:00,76,1,46.95,0,0.0
16258,2011-05-04 14:33:00,2011-08-04 14:33:00,27,4,3741.0600000000004,92,30.666666666666668
16261,2011-04-07 19:05:00,2011-08-18 18:51:00,13,2,418.38,132,132.0
16265,2010-12-10 10:21:00,2011-08-21 12:39:00,10,7,4062.02,254,42.333333333333336
16266,2011-05-17 14:50:00,2011-08-16 12:00:00,15,6,761.12,90,18.0
16270,2010-12-21 14:26:00,2010-12-21 14:26:00,253,1,1141.24,0,0.0
16271,2010-12-16 16:36:00,2011-08-05 17:43:00,26,3,893.03,232,116.0
16272,2011-08-15 10:53:00,2011-08-15 10:54:00,16,1,411.7,0,0.0
16274,2010-12-01 15:35:00,2010-12-01 15:35:00,273,1,357.95,0,0.0
16275,2011-05-27 12:41:00,2011-05-27 12:41:00,96,1,559.87,0,0.0
16276,2011-06-16 09:34:00,2011-06-16 09:34:00,76,1,810.6,0,0.0
16278,2011-08-31 17:12:00,2011-08-31 17:12:00,0,1,566.38,0,0.0
16279,2011-06-16 11:50:00,2011-06-16 11:50:00,76,1,359.08000000000004,0,0.0
16282,2011-01-04 11:42:00,2011-01-04 11:42:00,239,1,168.3,0,0.0
16283,2011-05-15 13:37:00,2011-08-11 12:00:00,20,3,586.35,87,43.5
16287,2011-06-23 09:08:00,2011-06-23 09:08:00,69,1,142.5,0,0.0
16292,2011-08-10 12:24:00,2011-08-10 12:24:00,21,1,302.25,0,0.0
16293,2010-12-07 15:02:00,2011-05-16 12:26:00,107,4,1129.74,159,53.0
16297,2011-03-16 08:29:00,2011-03-16 08:29:00,168,1,301.9,0,0.0
16298,2011-06-06 10:06:00,2011-06-06 10:06:00,86,1,114.30000000000001,0,0.0
16302,2011-08-05 09:44:00,2011-08-05 09:44:00,26,1,233.22,0,0.0
16303,2011-01-10 14:16:00,2011-08-16 11:04:00,15,2,4036.33,217,217.0
16305,2011-07-24 12:18:00,2011-07-24 12:18:00,38,1,361.22,0,0.0
16306,2010-12-07 15:18:00,2011-05-10 12:12:00,113,6,632.27,153,30.6
16308,2011-03-23 14:46:00,2011-08-24 10:52:00,7,3,1600.0,153,76.5
16309,2011-04-13 11:46:00,2011-08-25 15:35:00,6,2,706.57,134,134.0
16315,2011-01-13 11:57:00,2011-01-13 11:57:00,230,1,226.37,0,0.0
16316,2010-12-16 14:26:00,2011-07-05 14:42:00,57,7,2212.81,201,33.5
16317,2011-02-15 14:30:00,2011-08-12 12:46:00,19,3,1341.65,177,88.5
16319,2011-05-06 11:27:00,2011-05-06 11:27:00,117,1,404.40000000000003,0,0.0
16320,2011-05-10 15:31:00,2011-06-20 15:25:00,72,2,1038.46,40,40.0
16321,2011-01-20 12:11:00,2011-02-07 15:10:00,205,3,223.65,18,9.0
16323,2011-05-27 14:48:00,2011-05-27 14:48:00,96,1,207.50000000000003,0,0.0
16324,2011-06-15 14:26:00,2011-08-03 12:58:00,28,3,428.68,48,24.0
16325,2011-04-08 09:20:00,2011-07-07 13:44:00,55,2,416.02000000000004,90,90.0
16326,2011-01-09 12:01:00,2011-08-14 10:38:00,17,7,1224.92,216,36.0
16327,2010-12-05 12:43:00,2011-05-24 14:00:00,99,4,2469.64,170,56.666666666666664
16330,2011-08-19 17:08:00,2011-08-19 17:10:00,12,2,48.96,0,0.0
16332,2011-02-07 14:16:00,2011-08-01 13:29:00,30,3,659.27,174,87.0
16333,2011-02-03 10:50:00,2011-08-08 11:56:00,23,17,14369.2,186,11.625
16338,2011-07-05 13:56:00,2011-07-05 13:56:00,57,1,214.8,0,0.0
16339,2011-02-28 13:41:00,2011-02-28 13:41:00,184,1,109.95,0,0.0
16340,2011-08-24 14:53:00,2011-08-24 14:53:00,7,1,549.07,0,0.0
16341,2011-05-22 13:20:00,2011-05-22 13:20:00,101,1,797.65,0,0.0
16342,2011-06-13 10:10:00,2011-08-24 08:27:00,7,3,283.71000000000004,71,35.5
16344,2011-07-04 15:50:00,2011-07-04 15:50:00,58,1,101.10000000000001,0,0.0
16348,2011-04-13 15:49:00,2011-08-03 15:28:00,28,4,775.14,111,37.0
16349,2011-02-22 12:40:00,2011-02-22 12:40:00,190,1,53.5,0,0.0
16350,2011-01-10 09:44:00,2011-01-10 09:44:00,233,1,376.7,0,0.0
16351,2011-01-11 10:26:00,2011-01-11 10:26:00,232,1,153.9,0,0.0
16353,2010-12-05 12:09:00,2011-08-28 13:42:00,3,13,3325.9100000000003,266,22.166666666666668
16356,2011-03-07 12:31:00,2011-05-26 11:51:00,97,3,211.77,79,39.5
16357,2011-05-10 10:35:00,2011-06-30 16:51:00,62,2,257.95,51,51.0
16358,2011-06-08 15:05:00,2011-06-08 15:05:00,84,1,462.15000000000003,0,0.0
16359,2011-01-12 10:49:00,2011-06-16 18:19:00,76,6,1246.83,155,31.0
16364,2011-07-25 14:35:00,2011-07-25 14:35:00,37,1,347.55,0,0.0
16365,2010-12-07 17:19:00,2011-08-08 16:15:00,23,7,862.56,243,40.5
16367,2010-12-12 12:01:00,2010-12-12 12:01:00,262,1,170.91,0,0.0
16369,2011-05-27 09:39:00,2011-05-27 09:39:00,96,1,354.45,0,0.0
16370,2011-04-28 16:40:00,2011-08-14 12:56:00,17,3,953.11,107,53.5
16374,2011-03-22 13:46:00,2011-03-22 13:46:00,162,1,156.3,0,0.0
16377,2011-03-17 15:41:00,2011-03-17 15:41:00,167,1,676.2,0,0.0
16378,2011-02-02 12:42:00,2011-04-06 15:07:00,147,3,362.95,63,31.5
16383,2011-03-16 13:00:00,2011-03-16 13:00:00,168,1,309.46,0,0.0
16384,2011-03-21 10:13:00,2011-03-21 10:13:00,163,1,409.1,0,0.0
16385,2010-12-08 12:56:00,2011-07-04 13:53:00,58,2,274.85,208,208.0
16386,2011-03-31 12:19:00,2011-03-31 12:19:00,153,1,61.10000000000001,0,0.0
16387,2011-01-21 11:34:00,2011-01-21 11:34:00,222,1,94.36,0,0.0
16389,2011-03-01 15:47:00,2011-05-18 13:55:00,105,2,670.1700000000001,77,77.0
16392,2011-03-15 12:11:00,2011-03-15 12:11:00,169,1,221.19,0,0.0
16393,2010-12-05 13:10:00,2011-07-20 11:54:00,42,8,1506.63,226,32.285714285714285
16394,2011-02-23 10:58:00,2011-06-21 13:22:00,71,3,933.1,118,59.0
16395,2011-01-13 12:10:00,2011-06-24 15:28:00,68,3,967.25,162,81.0
16398,2011-03-31 09:38:00,2011-07-08 15:16:00,54,2,1705.8,99,99.0
16399,2011-04-18 13:46:00,2011-04-18 13:46:00,135,1,178.41,0,0.0
16401,2011-01-16 10:56:00,2011-07-31 12:16:00,31,7,2455.42,196,32.666666666666664
16402,2010-12-05 13:42:00,2011-03-20 12:25:00,164,2,299.6,104,104.0
16403,2011-01-31 13:39:00,2011-01-31 13:39:00,212,1,177.5,0,0.0
16405,2011-02-02 17:08:00,2011-02-10 15:24:00,202,2,167.25,7,7.0
16407,2011-01-31 14:02:00,2011-08-21 14:00:00,10,8,1529.6200000000001,201,28.714285714285715
16409,2011-01-26 14:51:00,2011-07-12 14:57:00,50,3,1039.27,167,83.5
16411,2010-12-05 13:26:00,2010-12-05 13:26:00,269,1,131.5,0,0.0
16414,2011-03-04 13:27:00,2011-03-04 13:27:00,180,1,50.8,0,0.0
16418,2011-04-27 16:54:00,2011-04-27 16:54:00,126,1,145.91,0,0.0
16419,2011-02-01 12:25:00,2011-08-19 12:33:00,12,6,972.23,199,39.8
16422,2010-12-05 15:35:00,2011-08-24 09:30:00,7,38,28566.72,261,7.054054054054054
16424,2011-06-01 13:40:00,2011-06-01 13:40:00,91,1,133.56,0,0.0
16425,2011-02-10 14:30:00,2011-02-10 14:30:00,202,1,302.7,0,0.0
16426,2011-03-08 15:45:00,2011-03-08 15:45:00,176,1,328.37,0,0.0
16427,2011-02-28 15:18:00,2011-03-21 17:10:00,163,2,241.06,21,21.0
16429,2011-08-25 13:54:00,2011-08-25 13:54:00,6,1,284.55,0,0.0
16431,2011-02-15 14:02:00,2011-05-10 14:09:00,113,3,642.81,84,42.0
16434,2011-02-13 12:17:00,2011-05-31 14:37:00,92,3,724.22,107,53.5
16440,2011-05-09 12:25:00,2011-05-09 12:25:00,114,1,272.46,0,0.0
16441,2011-02-21 17:35:00,2011-02-21 17:35:00,191,1,211.0,0,0.0
16442,2010-12-14 10:46:00,2011-04-26 11:51:00,127,2,437.03,133,133.0
16444,2011-03-20 12:14:00,2011-05-29 11:03:00,94,2,240.08,69,69.0
16446,2011-05-18 09:52:00,2011-05-18 09:52:00,105,1,2.9,0,0.0
16447,2011-07-27 12:45:00,2011-07-27 12:45:00,35,1,259.01,0,0.0
16448,2011-05-25 16:28:00,2011-05-25 16:28:00,98,1,188.89000000000001,0,0.0
16449,2011-03-04 12:15:00,2011-05-26 10:25:00,97,2,707.69,82,82.0
16450,2011-07-13 11:47:00,2011-07-13 11:47:00,49,1,311.92,0,0.0
16455,2010-12-03 16:44:00,2011-05-19 11:28:00,104,5,1133.78,166,41.5
16456,2010-12-01 14:11:00,2011-08-28 12:06:00,3,4,1700.77,269,89.66666666666667
16457,2011-05-05 13:19:00,2011-05-05 13:19:00,118,1,208.36,0,0.0
16458,2010-12-14 11:51:00,2011-08-25 15:47:00,6,11,2151.5,254,25.4
16461,2011-06-15 12:07:00,2011-06-15 12:07:00,77,1,151.42,0,0.0
16462,2011-03-01 08:58:00,2011-06-07 11:07:00,85,2,68.0,98,98.0
16463,2011-05-19 14:45:00,2011-05-19 14:45:00,104,1,319.37,0,0.0
16464,2011-07-20 13:53:00,2011-07-20 13:53:00,42,1,385.0,0,0.0
16466,2011-02-20 11:39:00,2011-08-28 13:08:00,3,5,1002.1800000000001,189,47.25
16469,2011-04-07 13:11:00,2011-04-07 13:16:00,146,2,276.88,0,0.0
16470,2010-12-16 11:53:00,2011-08-16 11:40:00,15,3,539.13,242,121.0
16471,2011-03-10 09:41:00,2011-03-10 09:41:00,174,1,223.95000000000002,0,0.0
16473,2011-01-07 10:55:00,2011-06-28 09:10:00,64,3,316.11,171,85.5
16474,2011-07-17 14:51:00,2011-07-17 14:51:00,45,1,355.57,0,0.0
16475,2011-03-11 09:39:00,2011-07-19 11:08:00,43,3,459.3,130,65.0
16477,2010-12-03 12:48:00,2011-07-31 12:47:00,31,6,1999.26,239,47.8
16483,2011-05-31 13:08:00,2011-05-31 13:08:00,92,1,139.35,0,0.0
16484,2011-06-02 10:39:00,2011-06-19 12:06:00,73,2,404.3,17,17.0
16488,2011-07-14 11:46:00,2011-08-17 09:05:00,14,2,354.57,33,33.0
16493,2011-01-14 08:16:00,2011-06-19 15:15:00,73,3,782.29,156,78.0
16494,2011-02-16 12:49:00,2011-02-16 12:49:00,196,1,826.53,0,0.0
16495,2011-03-08 16:38:00,2011-03-08 16:39:00,176,2,246.51,0,0.0
16496,2011-01-27 09:42:00,2011-05-16 10:48:00,107,2,1185.04,109,109.0
16497,2011-01-10 13:20:00,2011-05-20 13:58:00,103,5,1550.7,130,32.5
16498,2011-06-30 19:52:00,2011-07-01 15:07:00,61,2,100.97,0,0.0
16499,2010-12-10 10:27:00,2010-12-14 13:31:00,260,2,365.45,4,4.0
16500,2011-01-13 10:28:00,2011-01-13 10:28:00,230,1,165.0,0,0.0
16503,2010-12-14 13:50:00,2011-08-25 11:46:00,6,4,1431.93,253,84.33333333333333
16509,2011-02-16 09:25:00,2011-02-16 09:25:00,196,1,363.70000000000005,0,0.0
16510,2010-12-02 13:39:00,2010-12-02 13:39:00,272,1,248.1,0,0.0
16511,2011-03-18 11:24:00,2011-07-18 10:49:00,44,2,582.7,121,121.0
16515,2011-02-01 13:09:00,2011-07-12 11:16:00,50,3,987.61,160,80.0
16517,2011-03-07 13:50:00,2011-03-07 13:50:00,177,1,162.70000000000002,0,0.0
16518,2011-02-28 16:36:00,2011-02-28 16:36:00,184,1,190.7,0,0.0
16519,2010-12-09 14:08:00,2010-12-09 14:08:00,265,1,103.7,0,0.0
16520,2010-12-09 13:08:00,2011-06-06 13:24:00,86,3,1046.57,179,89.5
16523,2011-01-28 12:06:00,2011-08-16 14:33:00,15,12,4768.25,200,18.181818181818183
16525,2010-12-08 11:31:00,2011-08-14 11:31:00,17,20,9998.55,249,13.105263157894736
16526,2011-06-21 12:02:00,2011-06-21 12:02:00,71,1,290.36,0,0.0
16529,2011-06-02 17:23:00,2011-06-02 17:23:00,90,1,455.25,0,0.0
16531,2010-12-14 13:19:00,2011-08-04 15:55:00,27,4,684.53,233,77.66666666666667
16532,2011-01-05 12:37:00,2011-07-27 10:41:00,35,2,4516.8,202,202.0
16536,2011-08-21 15:54:00,2011-08-21 15:54:00,10,1,548.97,0,0.0
16539,2010-12-01 15:40:00,2011-05-04 09:52:00,119,3,1053.61,153,76.5
16545,2011-06-28 10:37:00,2011-06-28 10:37:00,64,1,339.3,0,0.0
16546,2010-12-02 12:07:00,2011-02-22 11:20:00,190,2,787.15,81,81.0
16549,2011-01-09 14:03:00,2011-08-07 15:43:00,24,2,781.52,210,210.0
16550,2010-12-06 13:53:00,2011-08-23 11:12:00,8,5,2298.97,259,64.75
16551,2011-01-07 10:24:00,2011-08-01 12:28:00,30,2,617.17,206,206.0
16552,2010-12-01 12:36:00,2011-04-11 10:04:00,142,2,379.73,130,130.0
16553,2010-12-14 13:58:00,2011-06-29 15:42:00,63,12,5719.82,197,17.90909090909091
16554,2011-01-12 12:41:00,2011-05-01 14:17:00,122,2,314.11,109,109.0
16555,2011-08-22 12:32:00,2011-08-22 12:32:00,9,1,151.98000000000002,0,0.0
16556,2010-12-14 13:32:00,2011-08-26 11:58:00,5,6,2556.37,254,50.8
16557,2011-07-25 13:28:00,2011-07-25 13:28:00,37,1,101.15,0,0.0
16558,2010-12-08 12:01:00,2011-08-10 13:25:00,21,13,4362.4,245,20.416666666666668
16560,2010-12-16 14:36:00,2010-12-16 14:36:00,258,1,332.18,0,0.0
16565,2010-12-10 15:21:00,2010-12-10 15:21:00,264,1,173.7,0,0.0
16566,2011-02-20 10:29:00,2011-06-22 14:24:00,70,3,463.88,122,61.0
16567,2011-01-07 09:31:00,2011-05-29 13:57:00,94,2,865.6,142,142.0
16570,2011-02-01 10:37:00,2011-08-04 14:06:00,27,6,2134.07,184,36.8
16571,2011-03-03 09:41:00,2011-06-16 13:14:00,76,2,896.79,105,105.0
16572,2011-03-09 12:04:00,2011-08-04 16:34:00,27,3,1009.6,148,74.0
16573,2011-02-22 15:14:00,2011-02-22 15:14:00,190,1,292.63,0,0.0
16581,2011-06-10 10:05:00,2011-06-10 10:05:00,82,1,105.84,0,0.0
16582,2011-08-18 17:02:00,2011-08-18 17:02:00,13,1,313.62,0,0.0
16583,2010-12-01 12:03:00,2010-12-01 12:03:00,273,1,233.45,0,0.0
16584,2011-03-30 13:14:00,2011-03-30 13:14:00,154,1,611.94,0,0.0
16586,2011-04-05 09:32:00,2011-04-05 09:32:00,148,1,463.95,0,0.0
16587,2011-04-21 15:51:00,2011-04-21 15:51:00,132,1,225.15,0,0.0
16589,2011-07-01 13:31:00,2011-08-25 10:00:00,6,2,214.68,54,54.0
16592,2011-02-25 10:19:00,2011-07-26 11:39:00,36,10,2214.33,151,16.77777777777778
16593,2011-01-16 12:11:00,2011-06-03 12:17:00,89,2,255.5,138,138.0
16596,2010-12-08 16:18:00,2010-12-08 16:18:00,266,1,120.65,0,0.0
16598,2011-02-27 11:42:00,2011-02-27 11:42:00,185,1,145.05,0,0.0
16600,2011-01-05 12:13:00,2011-03-31 19:20:00,153,2,237.46,85,85.0
16607,2010-12-16 08:41:00,2011-08-03 15:02:00,28,10,2267.58,230,25.555555555555557
16609,2011-04-01 10:11:00,2011-07-27 13:51:00,35,5,2710.04,117,29.25
16610,2011-05-04 13:13:00,2011-05-04 13:13:00,119,1,75.66,0,0.0
16611,2011-06-06 15:46:00,2011-06-06 15:46:00,86,1,129.49,0,0.0
16612,2011-02-01 10:38:00,2011-08-12 14:32:00,19,3,870.3000000000001,192,96.0
16614,2011-06-10 11:36:00,2011-06-10 11:36:00,82,1,506.19,0,0.0
16616,2011-07-05 13:38:00,2011-07-05 13:38:00,57,1,210.10000000000002,0,0.0
16617,2011-04-18 10:35:00,2011-04-18 10:35:00,135,1,151.85,0,0.0
16618,2011-01-21 11:55:00,2011-05-13 10:37:00,110,4,1441.29,111,37.0
16619,2011-03-21 08:18:00,2011-03-21 08:18:00,163,1,226.21,0,0.0
16620,2011-03-24 10:37:00,2011-03-24 10:37:00,160,1,95.75999999999999,0,0.0
16621,2011-03-07 11:32:00,2011-07-15 11:45:00,47,3,609.41,130,65.0
16623,2011-04-08 10:09:00,2011-04-08 10:09:00,145,1,129.45000000000002,0,0.0
16624,2011-05-26 14:20:00,2011-05-26 14:20:00,97,1,426.43,0,0.0
16625,2011-03-10 12:50:00,2011-03-10 12:50:00,174,1,333.08,0,0.0
16626,2011-03-18 12:27:00,2011-08-18 14:53:00,13,7,2165.34,153,25.5
16628,2011-04-19 08:55:00,2011-08-25 12:11:00,6,4,1619.8400000000001,128,42.666666666666664
16633,2011-04-19 14:36:00,2011-08-17 14:11:00,14,3,1168.26,119,59.5
16634,2010-12-02 17:41:00,2011-05-01 12:09:00,122,2,217.9,149,149.0
16637,2011-04-28 10:20:00,2011-08-08 12:00:00,23,2,530.55,102,102.0
16638,2010-12-06 10:19:00,2011-08-25 11:31:00,6,8,1429.71,262,37.42857142857143
16639,2011-04-18 09:31:00,2011-05-17 10:10:00,106,2,471.15000000000003,29,29.0
16641,2011-08-26 12:49:00,2011-08-26 12:49:00,5,1,231.1,0,0.0
16642,2011-05-16 12:35:00,2011-05-16 12:35:00,107,1,307.73,0,0.0
16643,2011-04-08 08:24:00,2011-04-08 08:24:00,145,1,487.51,0,0.0
16644,2011-05-11 12:53:00,2011-06-15 12:39:00,77,2,833.78,34,34.0
16647,2011-05-19 09:31:00,2011-06-23 11:47:00,69,2,214.06,35,35.0
16652,2011-03-11 13:13:00,2011-08-22 11:00:00,9,5,4525.87,163,40.75
16654,2010-12-06 15:09:00,2011-07-21 15:23:00,41,4,601.27,227,75.66666666666667
16655,2011-01-12 10:16:00,2011-07-31 15:31:00,31,3,1868.89,200,100.0
16656,2010-12-10 11:23:00,2011-08-11 15:05:00,20,10,6257.0,244,27.11111111111111
16657,2011-03-30 12:02:00,2011-07-14 11:45:00,48,2,446.11,105,105.0
16658,2010-12-06 13:47:00,2010-12-06 13:47:00,268,1,123.24,0,0.0
16659,2011-06-03 15:03:00,2011-06-03 15:03:00,89,1,39.12,0,0.0
16660,2011-01-24 12:44:00,2011-05-13 10:44:00,110,2,384.36,108,108.0
16665,2010-12-12 14:03:00,2010-12-12 14:03:00,262,1,135.4,0,0.0
16667,2011-02-28 12:57:00,2011-02-28 12:57:00,184,1,203.35,0,0.0
16668,2011-02-28 12:46:00,2011-08-15 12:22:00,16,5,266.52,167,41.75
16670,2010-12-16 10:30:00,2011-08-25 17:22:00,6,8,3239.9700000000003,252,36.0
16671,2011-06-28 11:20:00,2011-06-28 11:20:00,64,1,1382.88,0,0.0
16672,2011-03-18 10:15:00,2011-08-19 14:43:00,12,16,6303.74,154,10.266666666666667
16676,2011-01-06 13:00:00,2011-05-10 15:10:00,113,3,1098.5,124,62.0
16678,2011-03-02 09:24:00,2011-08-12 16:07:00,19,7,1830.34,163,27.166666666666668
16679,2010-12-08 13:51:00,2010-12-08 13:51:00,266,1,129.75,0,0.0
16681,2011-03-31 13:46:00,2011-07-18 10:21:00,44,4,1332.68,108,36.0
16682,2011-06-05 11:02:00,2011-07-04 10:42:00,58,2,626.3,28,28.0
16684,2010-12-16 17:34:00,2011-07-29 15:12:00,33,18,33883.5,224,13.176470588235293
16686,2010-12-19 14:41:00,2011-08-28 12:31:00,3,5,2065.52,251,62.75
16690,2011-05-22 10:53:00,2011-05-22 10:53:00,101,1,86.5,0,0.0
16692,2011-02-23 15:41:00,2011-03-28 14:46:00,156,2,1276.0,32,32.0
16693,2011-03-13 11:06:00,2011-03-13 11:06:00,171,1,157.56,0,0.0
16696,2011-04-05 15:20:00,2011-07-27 14:23:00,35,4,657.9,112,37.333333333333336
16697,2011-04-12 17:12:00,2011-04-12 17:12:00,141,1,112.75,0,0.0
16698,2011-03-31 13:33:00,2011-04-27 10:52:00,126,2,1998.0,26,26.0
16700,2010-12-08 16:34:00,2011-08-10 09:52:00,21,10,4095.9500000000003,244,27.11111111111111
16701,2010-12-13 11:51:00,2011-08-02 12:11:00,29,10,4050.42,232,25.77777777777778
16705,2010-12-16 10:51:00,2011-07-18 12:15:00,44,9,8194.43,214,26.75
16706,2011-08-17 15:53:00,2011-08-17 15:53:00,14,1,291.53,0,0.0
16709,2011-03-03 10:55:00,2011-05-24 11:46:00,99,4,1984.5900000000001,82,27.333333333333332
16710,2010-12-06 13:13:00,2011-07-24 14:21:00,38,7,1843.89,230,38.333333333333336
16711,2010-12-17 12:43:00,2011-07-22 14:23:00,40,3,909.87,217,108.5
16712,2011-03-08 15:07:00,2011-08-23 12:37:00,8,7,2017.06,167,27.833333333333332
16713,2010-12-08 13:01:00,2011-08-16 12:12:00,15,11,3970.77,250,25.0
16714,2011-01-26 13:40:00,2011-05-05 11:09:00,118,3,1161.53,98,49.0
16716,2011-02-01 15:35:00,2011-03-18 10:03:00,166,2,901.2,44,44.0
16717,2010-12-08 16:48:00,2011-06-30 11:49:00,62,3,1136.16,203,101.5
16718,2010-12-05 13:03:00,2010-12-05 13:03:00,269,1,623.75,0,0.0
16719,2010-12-06 12:06:00,2011-07-14 09:54:00,48,5,1286.43,219,54.75
16721,2011-03-22 16:08:00,2011-03-22 16:08:00,162,1,292.47,0,0.0
16722,2010-12-06 12:59:00,2011-08-25 12:33:00,6,9,3234.5,261,32.625
16723,2011-08-24 11:31:00,2011-08-24 11:31:00,7,1,424.15000000000003,0,0.0
16725,2010-12-03 16:02:00,2011-02-10 16:52:00,202,7,781.02,69,11.5
16726,2010-12-13 13:28:00,2011-05-27 13:00:00,96,4,795.19,164,54.666666666666664
16727,2010-12-10 13:48:00,2010-12-10 13:48:00,264,1,272.82,0,0.0
16728,2011-03-20 13:28:00,2011-06-26 11:59:00,66,3,550.0,97,48.5
16729,2011-04-12 14:22:00,2011-08-17 12:24:00,14,16,5016.45,126,8.4
16730,2011-01-24 14:01:00,2011-04-19 12:41:00,134,2,480.94,84,84.0
16734,2011-08-17 15:00:00,2011-08-17 15:02:00,14,2,306.15999999999997,0,0.0
16735,2011-01-09 12:53:00,2011-04-14 12:12:00,139,2,1097.92,94,94.0
16738,2011-02-15 09:46:00,2011-02-15 09:46:00,197,1,3.75,0,0.0
16739,2011-06-16 09:17:00,2011-06-16 09:17:00,76,1,323.0,0,0.0
16743,2010-12-16 12:15:00,2011-08-18 18:15:00,13,6,1885.8600000000001,245,49.0
16744,2011-06-19 15:13:00,2011-07-17 14:42:00,45,2,241.69,27,27.0
16745,2011-02-01 11:31:00,2011-08-12 16:10:00,19,15,5910.93,192,13.714285714285714
16746,2010-12-16 11:43:00,2011-08-31 09:10:00,0,12,4421.08,257,23.363636363636363
16748,2011-01-09 13:50:00,2011-05-06 11:26:00,117,3,910.2,116,58.0
16750,2011-04-21 16:53:00,2011-08-10 14:49:00,21,3,416.12,110,55.0
16752,2010-12-02 12:18:00,2010-12-02 12:18:00,272,1,207.5,0,0.0
16754,2010-12-02 17:38:00,2010-12-02 17:38:00,272,1,2002.4,0,0.0
16755,2011-01-28 10:47:00,2011-08-17 13:21:00,14,3,1496.83,201,100.5
16756,2011-05-09 09:33:00,2011-05-09 09:33:00,114,1,239.4,0,0.0
16757,2011-01-25 11:59:00,2011-01-25 11:59:00,218,1,106.83000000000001,0,0.0
16762,2011-07-18 12:52:00,2011-07-18 12:52:00,44,1,314.15000000000003,0,0.0
16763,2011-05-25 11:52:00,2011-05-25 11:52:00,98,1,611.8499999999999,0,0.0
16764,2011-07-19 17:17:00,2011-08-05 12:37:00,26,3,522.0600000000001,16,8.0
16765,2011-02-18 15:41:00,2011-02-18 15:41:00,194,1,34.0,0,0.0
16766,2011-03-11 13:34:00,2011-03-11 15:22:00,173,2,1145.6,0,0.0
16767,2011-01-27 13:38:00,2011-08-18 12:41:00,13,6,4234.36,202,40.4
16768,2011-03-13 10:25:00,2011-08-28 10:43:00,3,2,286.49,168,168.0
16769,2011-03-24 13:41:00,2011-03-24 13:41:00,160,1,380.39,0,0.0
16770,2010-12-02 15:49:00,2011-04-17 12:49:00,136,4,656.48,135,45.0
16771,2011-01-05 13:57:00,2011-03-09 13:56:00,175,3,1655.95,62,31.0
16774,2011-06-14 12:45:00,2011-08-15 12:57:00,16,3,542.2,62,31.0
16775,2010-12-07 15:15:00,2011-08-09 15:12:00,22,8,1174.55,244,34.857142857142854
16777,2011-03-27 14:34:00,2011-03-27 14:34:00,157,1,177.25,0,0.0
16778,2011-03-10 15:21:00,2011-03-10 15:21:00,174,1,93.18,0,0.0
16779,2010-12-08 09:56:00,2011-08-25 10:32:00,6,15,6394.7300000000005,260,18.571428571428573
16780,2011-03-25 17:34:00,2011-08-31 16:09:00,0,2,425.19,158,158.0
16781,2010-12-02 14:26:00,2010-12-02 14:26:00,272,1,311.25,0,0.0
16782,2010-12-09 11:28:00,2011-07-24 15:23:00,38,9,1642.3500000000001,227,28.375
16788,2011-03-30 13:05:00,2011-08-08 14:53:00,23,2,597.48,131,131.0
16791,2011-01-11 15:42:00,2011-08-09 13:22:00,22,5,800.27,209,52.25
16792,2011-03-02 14:39:00,2011-03-02 14:41:00,182,2,110.38,0,0.0
16794,2011-06-12 14:15:00,2011-08-23 13:51:00,8,4,628.5,71,23.666666666666668
16795,2010-12-09 14:08:00,2010-12-09 14:08:00,265,1,414.88,0,0.0
16801,2011-03-11 13:56:00,2011-06-29 15:33:00,63,4,1619.73,110,36.666666666666664
16804,2011-03-14 15:48:00,2011-03-14 15:48:00,170,1,118.05,0,0.0
16805,2010-12-14 13:35:00,2011-06-19 11:23:00,73,2,460.59000000000003,186,186.0
16806,2011-04-14 19:59:00,2011-08-28 15:27:00,3,4,801.49,135,45.0
16807,2011-03-14 09:46:00,2011-07-20 12:00:00,42,3,1121.59,128,64.0
16808,2011-03-10 19:05:00,2011-03-10 19:05:00,174,1,166.5,0,0.0
16809,2011-03-22 15:20:00,2011-07-26 14:24:00,36,3,470.69,125,62.5
16810,2011-05-31 15:32:00,2011-05-31 15:32:00,92,1,309.54,0,0.0
16812,2010-12-14 12:35:00,2010-12-14 12:35:00,260,1,479.35,0,0.0
16813,2011-05-19 13:28:00,2011-08-18 13:44:00,13,6,1062.18,91,18.2
16814,2010-12-05 11:45:00,2011-08-23 11:51:00,8,16,5206.6900000000005,261,17.4
16816,2010-12-16 17:01:00,2011-08-28 14:16:00,3,4,417.06,254,84.66666666666667
16817,2010-12-06 14:19:00,2011-06-07 10:05:00,85,7,1179.43,182,30.333333333333332
16818,2011-05-18 11:42:00,2011-08-25 15:49:00,6,8,2102.4,99,14.142857142857142
16823,2011-04-26 15:00:00,2011-04-26 15:00:00,127,1,358.38,0,0.0
16824,2011-06-28 13:36:00,2011-06-28 13:36:00,64,1,222.9,0,0.0
16825,2011-06-07 09:44:00,2011-06-07 09:44:00,85,1,318.7,0,0.0
16828,2011-08-19 13:24:00,2011-08-19 13:24:00,12,1,113.5,0,0.0
16829,2011-07-06 10:48:00,2011-07-06 10:48:00,56,1,197.22,0,0.0
16832,2011-05-06 14:12:00,2011-06-08 15:36:00,84,3,199.15,33,16.5
16833,2011-01-09 13:02:00,2011-03-25 08:53:00,159,3,671.2900000000001,74,37.0
16834,2011-04-26 09:37:00,2011-04-26 09:37:00,127,1,413.46,0,0.0
16835,2010-12-01 17:15:00,2011-08-03 13:50:00,28,2,180.85,244,244.0
16836,2011-08-15 12:38:00,2011-08-15 12:38:00,16,1,91.32000000000001,0,0.0
16837,2011-04-08 08:48:00,2011-07-05 10:06:00,57,9,1911.74,88,11.0
16838,2011-02-24 15:01:00,2011-05-26 13:13:00,97,2,588.85,90,90.0
16839,2010-12-05 11:15:00,2011-08-22 10:42:00,9,22,10869.28,259,12.333333333333334
16841,2011-02-25 12:40:00,2011-07-25 13:06:00,37,5,1561.06,150,37.5
16842,2011-02-10 14:51:00,2011-08-31 10:42:00,0,3,1264.19,201,100.5
16843,2011-01-16 16:10:00,2011-07-28 14:03:00,34,11,7371.6,192,19.2
16849,2011-06-06 09:16:00,2011-06-06 09:16:00,86,1,124.57,0,0.0
16850,2011-01-10 11:09:00,2011-01-10 11:09:00,233,1,332.41,0,0.0
16852,2011-06-16 15:49:00,2011-06-16 15:49:00,76,1,113.06,0,0.0
16858,2010-12-06 09:52:00,2010-12-06 09:52:00,268,1,375.69000000000005,0,0.0
16859,2011-03-23 13:39:00,2011-07-18 12:19:00,44,2,747.81,116,116.0
16861,2011-07-04 15:38:00,2011-07-04 15:38:00,58,1,70.80000000000001,0,0.0
16863,2010-12-08 08:58:00,2010-12-08 08:58:00,266,1,164.25,0,0.0
16866,2011-07-01 12:34:00,2011-07-22 10:06:00,40,3,207.74,20,10.0
16869,2011-06-17 13:01:00,2011-06-27 12:16:00,65,2,387.68,9,9.0
16871,2011-03-14 10:31:00,2011-05-13 11:44:00,110,4,2037.82,60,20.0
16872,2011-06-08 14:32:00,2011-08-26 15:38:00,5,2,464.68000000000006,79,79.0
16873,2010-12-10 15:45:00,2011-08-04 15:33:00,27,4,3871.47,236,78.66666666666667
16875,2011-01-04 10:37:00,2011-07-18 11:41:00,44,4,1138.2,195,65.0
16877,2011-05-15 16:13:00,2011-07-10 16:18:00,52,2,188.98,56,56.0
16880,2011-06-03 16:45:00,2011-08-05 13:46:00,26,5,856.91,62,15.5
16882,2011-01-26 17:43:00,2011-04-14 14:36:00,139,2,215.70000000000002,77,77.0
16883,2010-12-03 10:33:00,2011-06-05 12:51:00,87,2,276.73,184,184.0
16885,2010-12-17 17:23:00,2010-12-17 17:23:00,257,1,190.65,0,0.0
16889,2011-01-07 10:47:00,2011-05-29 11:05:00,94,3,1578.67,142,71.0
16891,2010-12-03 11:35:00,2011-07-21 12:14:00,41,2,437.92,230,230.0
16892,2011-06-09 11:35:00,2011-06-09 11:35:00,83,1,102.97999999999999,0,0.0
16893,2010-12-08 12:06:00,2010-12-08 12:06:00,266,1,145.93,0,0.0
16897,2011-01-30 11:52:00,2011-02-13 15:02:00,199,2,289.78,14,14.0
16898,2010-12-06 12:23:00,2011-06-15 13:35:00,77,2,319.46999999999997,191,191.0
16899,2010-12-14 13:11:00,2011-07-13 11:33:00,49,3,510.18,210,105.0
16902,2011-08-15 14:17:00,2011-08-15 14:17:00,16,1,1706.88,0,0.0
16904,2010-12-07 13:29:00,2011-08-23 11:41:00,8,13,3034.07,258,21.5
16905,2010-12-03 10:43:00,2011-04-17 11:30:00,136,3,853.9300000000001,135,67.5
16906,2011-04-05 12:30:00,2011-06-06 09:04:00,86,3,394.94,61,30.5
16907,2010-12-09 16:52:00,2011-07-14 17:44:00,48,4,711.88,217,72.33333333333333
16912,2011-01-20 15:42:00,2011-07-28 14:35:00,34,7,1558.38,188,31.333333333333332
16913,2011-02-22 12:56:00,2011-02-22 12:56:00,190,1,113.44,0,0.0
16915,2011-03-01 09:52:00,2011-08-04 13:03:00,27,4,382.39000000000004,156,52.0
16916,2010-12-02 13:14:00,2010-12-02 13:14:00,272,1,198.08,0,0.0
16917,2011-03-08 11:55:00,2011-03-08 11:55:00,176,1,391.52,0,0.0
16918,2011-01-26 17:37:00,2011-07-03 12:38:00,59,2,523.03,157,157.0
16919,2010-12-06 12:52:00,2011-07-06 13:35:00,56,11,2596.45,212,21.2
16923,2010-12-12 11:06:00,2011-07-10 10:30:00,52,13,4398.54,209,17.416666666666668
16926,2010-12-03 13:42:00,2010-12-03 13:42:00,271,1,230.25,0,0.0
16927,2010-12-13 11:57:00,2011-08-16 11:10:00,15,3,543.05,245,122.5
16928,2010-12-01 15:21:00,2011-08-30 15:37:00,1,14,2204.25,272,20.923076923076923
16929,2011-07-07 12:39:00,2011-08-04 12:13:00,27,2,428.88,27,27.0
16931,2010-12-05 11:40:00,2011-08-28 14:28:00,3,14,2918.8,266,20.46153846153846
16933,2011-04-14 13:33:00,2011-04-14 13:33:00,139,1,224.73,0,0.0
16938,2011-02-04 09:34:00,2011-06-13 11:24:00,79,3,2410.75,129,64.5
16940,2011-02-23 12:27:00,2011-06-23 13:13:00,69,2,1868.3600000000001,120,120.0
16942,2011-04-26 11:59:00,2011-07-26 12:57:00,36,7,1449.14,91,15.166666666666666
16943,2011-01-25 14:00:00,2011-05-12 11:57:00,111,3,816.73,106,53.0
16945,2010-12-16 17:49:00,2011-08-18 09:01:00,13,12,2705.21,244,22.181818181818183
16947,2011-04-18 09:38:00,2011-04-18 09:38:00,135,1,406.48,0,0.0
16948,2011-01-18 10:58:00,2011-07-24 12:46:00,38,3,435.02,187,93.5
16949,2011-01-27 12:11:00,2011-06-07 10:34:00,85,4,893.75,130,43.333333333333336
16950,2010-12-07 15:20:00,2011-08-07 13:30:00,24,2,778.41,242,242.0
16951,2011-02-08 14:58:00,2011-07-28 12:05:00,34,3,1277.75,169,84.5
16952,2011-08-22 12:58:00,2011-08-22 13:03:00,9,2,167.61,0,0.0
16954,2010-12-15 10:41:00,2011-08-07 10:55:00,24,4,1245.3799999999999,235,78.33333333333333
16955,2010-12-01 13:31:00,2011-06-08 10:36:00,84,4,518.67,188,62.666666666666664
16957,2011-03-03 09:25:00,2011-04-14 13:56:00,139,2,416.64,42,42.0
16960,2011-04-01 11:54:00,2011-04-01 11:54:00,152,1,201.53,0,0.0
16961,2011-08-15 13:46:00,2011-08-15 13:46:00,16,1,234.17000000000002,0,0.0
16963,2011-06-05 13:48:00,2011-06-05 13:48:00,87,1,110.55000000000001,0,0.0
16965,2011-04-27 12:08:00,2011-04-27 12:08:00,126,1,201.19,0,0.0
16966,2011-04-13 14:17:00,2011-06-22 15:06:00,70,4,1486.56,70,23.333333333333332
16967,2011-06-03 14:24:00,2011-06-03 14:24:00,89,1,319.02,0,0.0
16968,2011-08-24 10:51:00,2011-08-24 10:51:00,7,1,253.31,0,0.0
16969,2011-06-01 12:10:00,2011-07-28 13:54:00,34,2,478.96,57,57.0
16976,2011-03-17 16:33:00,2011-03-17 16:33:00,167,1,251.51999999999998,0,0.0
16979,2011-02-15 09:20:00,2011-07-15 08:59:00,47,2,555.65,149,149.0
16980,2011-02-21 12:58:00,2011-03-29 16:36:00,155,2,1078.96,36,36.0
16983,2010-12-05 12:34:00,2011-06-12 12:50:00,80,4,885.22,189,63.0
16984,2011-08-01 17:37:00,2011-08-01 17:37:00,30,1,3226.13,0,0.0
16985,2010-12-16 10:38:00,2011-07-05 09:33:00,57,7,3578.54,200,33.333333333333336
16987,2011-05-18 15:55:00,2011-06-22 16:44:00,70,3,629.45,35,17.5
16989,2011-07-12 09:11:00,2011-07-12 09:11:00,50,1,857.7,0,0.0
16990,2011-05-05 08:30:00,2011-05-05 08:30:00,118,1,179.0,0,0.0
16992,2011-02-28 10:37:00,2011-05-24 09:20:00,99,2,671.15,84,84.0
16996,2010-12-21 13:22:00,2011-08-10 14:34:00,21,5,1041.78,232,58.0
16997,2011-01-18 11:51:00,2011-02-24 17:28:00,188,3,702.0,37,18.5
16998,2011-02-08 15:42:00,2011-07-13 09:44:00,49,4,295.0,154,51.333333333333336
17001,2010-12-16 09:35:00,2011-08-18 15:09:00,13,7,2471.09,245,40.833333333333336
17002,2011-02-22 11:46:00,2011-05-08 11:21:00,115,2,993.52,74,74.0
17007,2010-12-17 13:57:00,2011-07-07 18:14:00,55,5,575.44,202,50.5
17015,2011-06-07 13:19:00,2011-06-07 13:19:00,85,1,524.5,0,0.0
17017,2010-12-02 10:17:00,2011-06-30 14:48:00,62,14,5431.28,210,16.153846153846153
17018,2011-01-18 08:46:00,2011-01-18 08:46:00,225,1,405.0,0,0.0
17019,2010-12-06 12:55:00,2011-03-23 11:16:00,161,3,995.93,106,53.0
17024,2011-07-05 09:31:00,2011-07-05 09:31:00,57,1,31.25,0,0.0
17025,2010-12-01 15:45:00,2010-12-01 15:46:00,273,2,160.97,0,0.0
17026,2010-12-05 12:47:00,2011-06-07 14:28:00,85,2,154.83,184,184.0
17027,2011-01-26 14:19:00,2011-06-13 13:44:00,79,4,655.88,137,45.666666666666664
17029,2011-04-17 10:57:00,2011-08-21 11:06:00,10,2,716.0,126,126.0
17031,2011-07-08 09:38:00,2011-07-08 09:38:00,54,1,225.95,0,0.0
17033,2010-12-15 13:21:00,2011-05-09 16:01:00,114,2,608.1,145,145.0
17034,2011-02-25 10:10:00,2011-02-25 10:10:00,187,1,141.79999999999998,0,0.0
17035,2011-02-01 12:27:00,2011-04-08 11:23:00,145,2,433.53000000000003,65,65.0
17040,2011-07-25 10:19:00,2011-07-25 10:19:00,37,1,449.73,0,0.0
17041,2010-12-14 11:43:00,2011-08-23 09:53:00,8,2,750.89,251,251.0
17042,2011-04-06 14:53:00,2011-08-10 13:19:00,21,4,922.8199999999999,125,41.666666666666664
17043,2011-03-18 14:53:00,2011-06-14 13:52:00,78,2,324.96999999999997,87,87.0
17045,2011-04-06 12:08:00,2011-08-18 17:09:00,13,3,339.44,134,67.0
17046,2011-07-05 14:24:00,2011-07-05 14:24:00,57,1,642.02,0,0.0
17047,2011-05-18 16:50:00,2011-05-18 16:51:00,105,2,749.4300000000001,0,0.0
17048,2011-01-12 16:51:00,2011-08-14 11:49:00,17,3,925.35,213,106.5
17049,2011-03-09 08:33:00,2011-08-14 12:33:00,17,5,2606.65,158,39.5
17050,2011-02-13 12:41:00,2011-06-05 15:25:00,87,5,2660.59,112,28.0
17051,2011-05-29 14:13:00,2011-05-29 14:13:00,94,1,247.14,0,0.0
17053,2011-08-01 10:23:00,2011-08-01 10:23:00,30,1,498.48,0,0.0
17054,2011-04-08 13:14:00,2011-07-25 09:58:00,37,4,1207.32,107,35.666666666666664
17058,2011-04-14 09:18:00,2011-05-24 13:50:00,99,2,819.6600000000001,40,40.0
17059,2010-12-05 12:35:00,2011-08-21 15:17:00,10,4,2250.1,259,86.33333333333333
17060,2011-03-18 13:27:00,2011-03-18 13:27:00,166,1,234.24,0,0.0
17061,2011-04-21 13:29:00,2011-08-21 10:44:00,10,10,4658.83,121,13.444444444444445
17062,2010-12-05 11:59:00,2011-01-30 11:01:00,213,4,538.37,55,18.333333333333332
17063,2011-02-23 13:44:00,2011-06-29 13:59:00,63,4,671.87,126,42.0
17064,2011-01-16 16:10:00,2011-06-10 10:26:00,82,2,461.3,144,144.0
17068,2010-12-06 13:58:00,2011-08-21 11:15:00,10,15,3281.4900000000002,257,18.357142857142858
17069,2010-12-01 16:49:00,2011-07-07 14:30:00,55,5,1495.79,217,54.25
17070,2011-08-17 17:01:00,2011-08-17 17:01:00,14,1,312.14,0,0.0
17071,2011-02-03 08:18:00,2011-07-28 16:04:00,34,6,1402.42,175,35.0
17073,2011-08-22 14:37:00,2011-08-22 14:37:00,9,1,453.79,0,0.0
17075,2011-01-26 13:20:00,2011-03-31 13:47:00,153,3,696.07,64,32.0
17076,2010-12-10 10:08:00,2011-03-11 08:59:00,173,2,334.2,90,90.0
17080,2011-03-15 12:05:00,2011-03-15 12:05:00,169,1,76.32000000000001,0,0.0
17082,2011-01-25 14:36:00,2011-01-25 14:36:00,218,1,636.94,0,0.0
17083,2011-02-09 11:38:00,2011-08-22 15:43:00,9,3,1405.78,194,97.0
17085,2010-12-12 12:24:00,2011-08-08 14:15:00,23,5,1566.65,239,59.75
17088,2011-03-31 09:48:00,2011-06-10 09:23:00,82,2,1399.1100000000001,70,70.0
17090,2010-12-20 13:52:00,2011-04-26 10:23:00,127,3,649.05,126,63.0
17091,2010-12-07 09:55:00,2011-06-07 11:51:00,85,5,1994.41,182,45.5
17092,2011-03-07 14:51:00,2011-08-05 16:10:00,26,2,633.07,151,151.0
17094,2011-01-21 13:09:00,2011-01-21 13:09:00,222,1,302.0,0,0.0
17095,2011-01-09 11:05:00,2011-02-13 13:52:00,199,2,543.96,35,35.0
17096,2011-03-23 12:05:00,2011-07-19 17:02:00,43,2,443.94,118,118.0
17097,2010-12-09 14:55:00,2011-08-31 15:35:00,0,6,639.53,265,53.0
17101,2011-06-14 14:49:00,2011-06-14 14:49:00,78,1,230.58,0,0.0
17102,2011-03-23 10:08:00,2011-03-23 10:08:00,161,1,25.5,0,0.0
17105,2011-02-06 14:46:00,2011-07-03 15:53:00,59,2,665.78,147,147.0
17107,2011-03-06 15:17:00,2011-07-07 18:56:00,55,3,6334.06,123,61.5
17109,2011-04-21 15:46:00,2011-04-21 15:51:00,132,2,464.59000000000003,0,0.0
17110,2011-06-27 12:58:00,2011-06-27 12:58:00,65,1,163.29999999999998,0,0.0
17114,2011-01-09 11:39:00,2011-07-24 11:58:00,38,6,603.59,196,39.2
17115,2011-04-20 14:46:00,2011-06-10 08:54:00,82,2,612.82,50,50.0
17117,2011-02-24 13:54:00,2011-02-24 13:54:00,188,1,116.2,0,0.0
17118,2011-01-26 12:19:00,2011-01-26 12:19:00,217,1,157.02,0,0.0
17120,2011-04-20 15:21:00,2011-04-20 15:21:00,133,1,307.46,0,0.0
17122,2011-08-12 14:33:00,2011-08-12 14:33:00,19,1,138.32,0,0.0
17123,2011-07-01 10:47:00,2011-07-01 10:47:00,61,1,345.3,0,0.0
17124,2011-06-07 14:02:00,2011-06-07 14:02:00,85,1,298.89,0,0.0
17126,2010-12-12 11:26:00,2011-07-10 13:52:00,52,5,1004.75,210,52.5
17128,2011-01-09 12:02:00,2011-01-09 12:02:00,234,1,157.09,0,0.0
17133,2011-03-18 13:47:00,2011-06-02 14:46:00,90,3,2478.79,76,38.0
17134,2011-03-20 11:56:00,2011-08-25 09:53:00,6,2,425.0,157,157.0
17135,2010-12-03 09:31:00,2011-02-23 10:27:00,189,2,500.55,82,82.0
17138,2011-03-09 11:54:00,2011-03-09 11:54:00,175,1,380.5,0,0.0
17139,2011-02-24 09:32:00,2011-08-09 11:56:00,22,7,6851.82,166,27.666666666666668
17140,2011-04-06 13:33:00,2011-04-06 13:33:00,147,1,465.32,0,0.0
17142,2011-04-14 18:22:00,2011-04-14 18:22:00,139,1,579.0,0,0.0
17146,2010-12-16 12:20:00,2011-08-26 12:44:00,5,3,749.78,253,126.5
17147,2011-02-01 09:36:00,2011-05-17 10:57:00,106,2,973.11,105,105.0
17152,2011-03-21 16:20:00,2011-05-29 12:19:00,94,3,1689.5,68,34.0
17155,2011-06-15 10:22:00,2011-06-15 10:22:00,77,1,143.3,0,0.0
17157,2011-06-16 15:08:00,2011-06-16 15:08:00,76,1,161.46,0,0.0
17158,2010-12-14 13:03:00,2011-04-21 10:12:00,132,2,698.5500000000001,127,127.0
17159,2011-06-21 09:49:00,2011-06-21 09:49:00,71,1,528.45,0,0.0
17160,2011-04-12 12:00:00,2011-08-22 13:32:00,9,5,3001.18,132,33.0
17162,2011-02-07 12:27:00,2011-07-31 16:04:00,31,9,1463.66,174,21.75
17164,2011-03-11 14:26:00,2011-07-11 12:47:00,51,3,1270.42,121,60.5
17165,2011-02-28 16:39:00,2011-02-28 16:39:00,184,1,158.68,0,0.0
17166,2011-05-20 08:18:00,2011-05-20 08:18:00,103,1,127.59,0,0.0
17169,2011-06-09 13:16:00,2011-06-09 13:16:00,83,1,308.68,0,0.0
17171,2011-02-23 16:37:00,2011-02-23 16:37:00,189,1,224.91,0,0.0
17173,2011-07-31 15:26:00,2011-08-15 10:28:00,16,2,961.26,14,14.0
17174,2011-05-06 11:47:00,2011-05-06 11:47:00,117,1,59.9,0,0.0
17175,2011-02-16 14:56:00,2011-07-21 18:08:00,41,3,1132.63,155,77.5
17176,2011-05-22 12:41:00,2011-05-22 12:41:00,101,1,306.13,0,0.0
17179,2010-12-13 14:24:00,2011-06-14 16:48:00,78,3,711.79,183,91.5
17180,2011-01-27 18:05:00,2011-04-12 16:20:00,141,3,564.86,74,37.0
17181,2010-12-01 12:38:00,2010-12-01 12:38:00,273,1,155.52,0,0.0
17183,2011-08-26 15:25:00,2011-08-26 15:25:00,5,1,329.67,0,0.0
17187,2011-04-27 12:39:00,2011-04-27 12:39:00,126,1,203.95,0,0.0
17188,2010-12-12 12:56:00,2011-06-28 14:51:00,64,5,1815.09,198,49.5
17189,2010-12-15 17:28:00,2011-08-25 19:39:00,6,2,384.4,253,253.0
17190,2011-05-16 15:29:00,2011-05-16 15:29:00,107,1,195.0,0,0.0
17191,2010-12-06 14:36:00,2011-06-01 12:13:00,91,5,1175.7,176,44.0
17193,2011-06-16 10:04:00,2011-06-16 10:23:00,76,2,448.56,0,0.0
17194,2010-12-14 12:06:00,2011-03-11 12:05:00,173,2,262.62,86,86.0
17198,2010-12-03 14:54:00,2010-12-09 13:34:00,265,2,521.66,5,5.0
17204,2011-03-21 12:42:00,2011-06-17 14:46:00,75,4,1564.56,88,29.333333333333332
17211,2010-12-05 12:44:00,2011-06-12 13:21:00,80,6,1464.89,189,37.8
17212,2011-03-31 19:42:00,2011-03-31 19:42:00,153,1,226.85,0,0.0
17213,2010-12-08 13:03:00,2011-07-21 15:47:00,41,5,1780.01,225,56.25
17214,2010-12-15 15:14:00,2011-04-04 16:28:00,149,4,613.67,110,36.666666666666664
17217,2011-04-19 17:19:00,2011-04-19 17:19:00,134,1,113.5,0,0.0
17218,2010-12-06 15:25:00,2011-05-09 16:59:00,114,5,948.58,154,38.5
17220,2010-12-10 14:54:00,2011-08-05 15:30:00,26,8,2172.4,238,34.0
17223,2010-12-06 14:08:00,2011-02-02 15:57:00,210,2,426.79,58,58.0
17226,2011-02-04 11:52:00,2011-02-04 11:52:00,208,1,393.49,0,0.0
17227,2010-12-06 11:16:00,2011-06-20 10:13:00,72,3,473.75,195,97.5
17228,2010-12-02 16:00:00,2011-05-16 10:40:00,107,4,687.58,164,54.666666666666664
17229,2011-07-20 12:38:00,2011-07-20 12:38:00,42,1,157.71,0,0.0
17230,2010-12-15 11:22:00,2011-03-20 16:12:00,164,8,3638.41,95,13.571428571428571
17231,2010-12-13 14:16:00,2011-08-05 16:19:00,26,7,1938.72,235,39.166666666666664
17234,2011-06-10 11:20:00,2011-06-10 11:20:00,82,1,149.89,0,0.0
17235,2010-12-02 13:38:00,2010-12-02 13:38:00,272,1,341.90000000000003,0,0.0
17236,2010-12-12 11:49:00,2011-06-13 15:47:00,79,5,697.73,183,45.75
17238,2010-12-03 15:05:00,2011-07-26 15:42:00,36,11,1959.92,235,23.5
17239,2011-01-31 09:41:00,2011-01-31 09:41:00,212,1,382.5,0,0.0
17242,2011-06-12 13:04:00,2011-08-23 14:55:00,8,2,1135.04,72,72.0
17243,2010-12-05 10:03:00,2011-08-18 13:01:00,13,15,4012.67,256,18.285714285714285
17245,2011-05-19 10:43:00,2011-05-19 10:43:00,104,1,171.45000000000002,0,0.0
17248,2011-08-11 13:34:00,2011-08-11 13:34:00,20,1,318.65,0,0.0
17250,2011-03-23 16:45:00,2011-03-23 16:45:00,161,1,162.65,0,0.0
17251,2010-12-12 11:06:00,2010-12-12 11:06:00,262,1,283.28000000000003,0,0.0
17252,2011-06-06 16:41:00,2011-08-15 09:45:00,16,2,353.86,69,69.0
17255,2011-02-13 15:18:00,2011-02-13 15:18:00,199,1,112.46,0,0.0
17256,2011-01-31 14:53:00,2011-08-24 13:30:00,7,2,240.0,204,204.0
17259,2010-12-06 12:55:00,2011-07-14 15:01:00,48,2,603.37,220,220.0
17262,2010-12-08 13:30:00,2011-04-26 15:58:00,127,4,955.3600000000001,139,46.333333333333336
17263,2011-05-15 14:32:00,2011-05-15 14:32:00,108,1,63.440000000000005,0,0.0
17265,2011-06-12 12:00:00,2011-07-24 10:49:00,38,2,562.9,41,41.0
17266,2011-07-15 11:57:00,2011-07-15 11:57:00,47,1,113.06,0,0.0
17267,2011-08-04 17:19:00,2011-08-04 17:22:00,27,2,317.62,0,0.0
17268,2011-04-08 13:20:00,2011-08-24 10:06:00,7,4,763.64,137,45.666666666666664
17272,2011-03-22 12:05:00,2011-05-24 13:46:00,99,2,1409.44,63,63.0
17277,2011-01-21 12:37:00,2011-04-26 12:47:00,127,2,1065.3500000000001,95,95.0
17278,2011-04-12 13:10:00,2011-04-12 13:10:00,141,1,246.04000000000002,0,0.0
17282,2011-02-13 11:36:00,2011-08-01 14:29:00,30,3,1703.41,169,84.5
17284,2011-01-07 14:31:00,2011-08-11 12:00:00,20,5,1494.1399999999999,215,53.75
17287,2010-12-02 12:22:00,2011-07-19 14:59:00,43,5,702.41,229,57.25
17288,2010-12-16 13:33:00,2011-05-16 14:32:00,107,5,663.7,151,37.75
17289,2011-06-12 13:51:00,2011-06-12 13:51:00,80,1,167.36,0,0.0
17291,2011-02-04 13:04:00,2011-02-04 13:04:00,208,1,550.8000000000001,0,0.0
17293,2010-12-13 14:55:00,2011-08-12 14:03:00,19,5,867.03,241,60.25
17298,2011-08-07 12:21:00,2011-08-30 16:43:00,1,2,498.42,23,23.0
17299,2011-06-19 16:04:00,2011-08-31 14:22:00,0,2,268.19,72,72.0
17302,2011-02-07 10:14:00,2011-08-09 09:04:00,22,3,661.61,182,91.0
17303,2010-12-13 13:32:00,2010-12-13 13:32:00,261,1,250.04,0,0.0
17306,2010-12-21 13:34:00,2011-08-03 14:35:00,28,14,6123.32,225,17.307692307692307
17311,2011-01-27 10:56:00,2011-01-27 10:56:00,216,1,556.46,0,0.0
17312,2011-07-03 13:12:00,2011-07-24 11:52:00,38,3,644.3,20,10.0
17314,2011-01-31 11:25:00,2011-07-14 11:28:00,48,5,1506.92,164,41.0
17315,2010-12-17 12:24:00,2011-08-31 15:49:00,0,30,4369.04,257,8.862068965517242
17320,2010-12-06 15:38:00,2011-08-31 13:31:00,0,3,1200.6200000000001,267,133.5
17323,2011-02-20 14:38:00,2011-08-07 12:05:00,24,4,537.25,167,55.666666666666664
17324,2010-12-08 12:45:00,2011-01-12 11:21:00,231,2,702.23,34,34.0
17325,2011-03-04 13:09:00,2011-03-04 13:09:00,180,1,96.8,0,0.0
17329,2011-01-28 15:29:00,2011-01-28 15:29:00,215,1,243.36,0,0.0
17331,2011-08-08 11:55:00,2011-08-08 11:55:00,23,1,175.2,0,0.0
17334,2011-02-04 09:03:00,2011-02-10 14:59:00,202,2,307.02000000000004,6,6.0
17337,2011-02-02 17:06:00,2011-07-11 14:55:00,51,4,2027.8700000000001,158,52.666666666666664
17338,2010-12-13 12:57:00,2011-08-17 14:22:00,14,7,5207.02,247,41.166666666666664
17339,2010-12-09 14:44:00,2010-12-09 14:44:00,265,1,60.0,0,0.0
17340,2010-12-08 15:56:00,2011-08-11 12:58:00,20,7,7593.650000000001,245,40.833333333333336
17341,2010-12-08 12:46:00,2011-07-06 12:33:00,56,3,781.36,209,104.5
17343,2010-12-19 15:07:00,2010-12-19 15:07:00,255,1,193.64,0,0.0
17345,2011-05-27 12:26:00,2011-05-27 12:29:00,96,2,128.33,0,0.0
17346,2010-12-01 14:34:00,2011-08-28 15:01:00,3,8,1266.21,270,38.57142857142857
17348,2011-02-15 10:49:00,2011-02-15 10:49:00,197,1,160.15,0,0.0
17349,2011-06-13 14:29:00,2011-06-13 14:29:00,79,1,110.75,0,0.0
17351,2011-03-11 16:05:00,2011-06-23 19:29:00,69,2,427.3,104,104.0
17353,2011-07-08 16:17:00,2011-08-02 17:19:00,29,2,1740.0,25,25.0
17356,2011-02-01 11:07:00,2011-02-01 11:07:00,211,1,178.22,0,0.0
17358,2010-12-19 14:16:00,2011-02-09 16:57:00,203,2,365.85,52,52.0
17360,2011-06-08 17:09:00,2011-06-08 17:09:00,84,1,330.95,0,0.0
17361,2011-02-21 09:55:00,2011-06-06 14:02:00,86,2,263.92,105,105.0
17362,2011-02-03 10:26:00,2011-04-14 14:43:00,139,2,312.23,70,70.0
17364,2011-01-12 16:57:00,2011-07-25 12:58:00,37,6,2633.81,193,38.6
17365,2011-01-11 12:11:00,2011-06-23 10:44:00,69,5,2371.01,162,40.5
17367,2011-04-15 14:21:00,2011-04-15 14:21:00,138,1,168.4,0,0.0
17368,2011-01-06 11:57:00,2011-06-19 11:42:00,73,5,1614.87,163,40.75
17370,2011-06-23 11:50:00,2011-06-23 11:50:00,69,1,110.7,0,0.0
17371,2010-12-13 15:20:00,2010-12-13 15:20:00,261,1,97.63,0,0.0
17372,2010-12-12 12:00:00,2011-06-26 14:06:00,66,6,1061.13,196,39.2
17373,2011-01-31 11:46:00,2011-07-28 17:15:00,34,2,287.3,178,178.0
17374,2011-03-03 12:53:00,2011-05-05 09:05:00,118,2,495.77,62,62.0
17375,2010-12-13 15:16:00,2011-05-24 15:45:00,99,3,400.1,162,81.0
17376,2011-02-01 14:12:00,2011-02-01 14:12:00,211,1,105.85,0,0.0
17377,2010-12-01 12:35:00,2011-08-05 15:40:00,26,9,2045.38,247,30.875
17381,2010-12-02 12:58:00,2011-08-12 13:27:00,19,23,16875.65,253,11.5
17384,2011-05-04 16:07:00,2011-05-04 16:07:00,119,1,227.64999999999998,0,0.0
17386,2011-06-27 12:11:00,2011-08-18 12:23:00,13,3,1541.4,52,26.0
17388,2011-02-25 12:28:00,2011-07-31 12:34:00,31,3,953.0300000000001,156,78.0
17389,2011-01-12 15:48:00,2011-08-10 14:51:00,21,24,8912.78,209,9.08695652173913
17391,2011-06-28 12:21:00,2011-06-29 09:58:00,63,2,508.8,0,0.0
17392,2010-12-16 19:04:00,2011-02-06 12:48:00,206,2,457.91,51,51.0
17394,2011-05-04 13:22:00,2011-05-04 13:22:00,119,1,203.86999999999998,0,0.0
17396,2010-12-03 09:45:00,2011-07-14 10:24:00,48,6,4801.8,223,44.6
17398,2011-03-29 13:04:00,2011-08-17 09:48:00,14,3,653.38,140,70.0
17400,2010-12-21 17:16:00,2011-08-05 15:38:00,26,5,2129.96,226,56.5
17402,2010-12-05 13:53:00,2011-08-30 12:32:00,1,8,1732.45,267,38.142857142857146
17404,2010-12-14 13:28:00,2011-08-08 13:12:00,23,10,21004.3,236,26.22222222222222
17405,2011-07-12 14:17:00,2011-07-12 14:17:00,50,1,393.31,0,0.0
17406,2010-12-08 10:35:00,2011-01-10 15:07:00,233,3,2200.42,33,16.5
17408,2011-06-29 12:53:00,2011-06-29 12:53:00,63,1,32.65,0,0.0
17409,2011-04-05 16:42:00,2011-06-08 10:36:00,84,2,771.85,63,63.0
17410,2011-05-08 15:21:00,2011-05-08 15:21:00,115,1,302.4,0,0.0
17411,2011-03-23 13:44:00,2011-03-23 13:44:00,161,1,285.58,0,0.0
17412,2010-12-02 16:29:00,2011-05-27 14:55:00,96,4,709.82,175,58.333333333333336
17414,2011-06-08 11:43:00,2011-06-08 11:43:00,84,1,598.0,0,0.0
17416,2011-03-03 13:45:00,2011-08-22 09:30:00,9,5,5294.49,171,42.75
17418,2011-01-20 11:39:00,2011-01-20 11:39:00,223,1,167.39000000000001,0,0.0
17419,2010-12-07 15:03:00,2011-07-19 12:39:00,43,8,2660.0,223,31.857142857142858
17420,2010-12-01 09:56:00,2011-06-21 15:07:00,71,2,391.51,202,202.0
17422,2011-02-16 14:44:00,2011-07-20 10:08:00,42,4,1296.18,153,51.0
17423,2011-05-06 09:14:00,2011-05-06 09:14:00,117,1,449.42,0,0.0
17426,2011-03-02 16:34:00,2011-06-17 12:31:00,75,3,3279.23,106,53.0
17428,2010-12-06 09:37:00,2011-08-21 12:37:00,10,20,10661.09,258,13.578947368421053
17429,2011-05-05 09:53:00,2011-08-03 13:22:00,28,3,524.9200000000001,90,45.0
17430,2010-12-09 13:05:00,2010-12-09 13:05:00,265,1,112.6,0,0.0
17431,2011-01-30 14:36:00,2011-01-30 14:36:00,213,1,403.3,0,0.0
17436,2011-04-27 11:33:00,2011-04-27 11:33:00,126,1,122.4,0,0.0
17438,2011-03-31 10:26:00,2011-03-31 10:26:00,153,1,388.45000000000005,0,0.0
17440,2011-04-06 12:05:00,2011-07-06 11:54:00,56,3,186.42000000000002,90,45.0
17442,2011-02-22 13:02:00,2011-08-10 12:25:00,21,4,1590.45,168,56.0
17443,2011-05-04 10:47:00,2011-05-04 10:47:00,119,1,534.24,0,0.0
17444,2011-06-20 09:04:00,2011-07-15 12:05:00,47,3,2940.04,25,12.5
17446,2011-02-02 14:40:00,2011-06-16 10:42:00,76,2,120.89999999999999,133,133.0
17449,2010-12-15 10:57:00,2011-04-19 14:57:00,134,3,1322.69,125,62.5
17450,2010-12-07 09:23:00,2011-08-23 10:48:00,8,22,85770.34,259,12.333333333333334
17451,2011-08-26 11:54:00,2011-08-26 11:54:00,5,1,346.01,0,0.0
17454,2010-12-15 10:54:00,2011-05-31 13:58:00,92,4,517.53,167,55.666666666666664
17455,2011-05-20 12:31:00,2011-05-20 12:31:00,103,1,131.7,0,0.0
17456,2010-12-09 15:23:00,2010-12-09 15:23:00,265,1,249.86,0,0.0
17457,2011-01-04 14:33:00,2011-08-05 12:48:00,26,5,1737.7,212,53.0
17460,2010-12-01 16:24:00,2011-04-28 10:54:00,125,5,462.58000000000004,147,36.75
17462,2011-02-28 17:01:00,2011-02-28 17:01:00,184,1,463.40999999999997,0,0.0
17463,2011-01-30 15:48:00,2011-06-16 15:10:00,76,3,1245.64,136,68.0
17464,2011-07-04 13:19:00,2011-07-04 13:19:00,58,1,289.96000000000004,0,0.0
17469,2011-05-19 08:55:00,2011-08-23 08:54:00,8,3,1050.27,95,47.5
17470,2010-12-07 09:57:00,2011-08-04 13:15:00,27,4,816.47,240,80.0
17472,2011-02-13 14:40:00,2011-06-01 14:57:00,91,3,710.29,108,54.0
17483,2011-06-09 19:40:00,2011-07-28 17:33:00,34,2,274.74,48,48.0
17486,2011-03-23 14:00:00,2011-03-23 14:00:00,161,1,396.87,0,0.0
17489,2011-05-11 11:34:00,2011-05-11 11:34:00,112,1,208.56,0,0.0
17490,2011-06-16 09:15:00,2011-06-16 09:15:00,76,1,305.2,0,0.0
17491,2010-12-07 12:18:00,2011-07-29 15:02:00,33,5,1660.31,234,58.5
17492,2011-04-05 15:21:00,2011-04-05 15:21:00,148,1,374.57,0,0.0
17496,2010-12-16 08:39:00,2010-12-16 08:39:00,258,1,271.05,0,0.0
17499,2011-02-23 09:14:00,2011-02-23 09:14:00,189,1,622.88,0,0.0
17501,2011-05-03 09:46:00,2011-05-03 09:47:00,120,2,288.6,0,0.0
17504,2011-01-21 11:09:00,2011-05-17 12:59:00,106,9,2997.03,116,14.5
17505,2011-05-18 09:01:00,2011-07-01 12:50:00,61,2,1145.8400000000001,44,44.0
17507,2011-02-03 18:08:00,2011-03-23 11:48:00,161,2,605.58,47,47.0
17508,2011-03-04 08:10:00,2011-03-04 08:10:00,180,1,387.31,0,0.0
17511,2010-12-01 10:19:00,2011-08-17 11:04:00,14,20,56175.47,259,13.631578947368421
17512,2011-02-11 12:22:00,2011-08-10 14:55:00,21,8,1891.9,180,25.714285714285715
17514,2011-08-03 15:45:00,2011-08-03 15:45:00,28,1,208.65,0,0.0
17515,2011-01-25 14:33:00,2011-05-17 14:03:00,106,3,571.37,111,55.5
17516,2011-02-27 12:41:00,2011-08-12 14:50:00,19,4,608.85,166,55.333333333333336
17517,2011-02-04 11:48:00,2011-02-04 11:48:00,208,1,153.94,0,0.0
17519,2010-12-06 15:18:00,2011-07-29 12:09:00,33,5,1488.0,234,58.5
17521,2011-05-24 15:14:00,2011-05-24 15:14:00,99,1,159.56,0,0.0
17522,2011-05-05 16:31:00,2011-07-24 12:29:00,38,4,912.25,79,26.333333333333332
17524,2010-12-13 14:32:00,2010-12-13 14:32:00,261,1,145.0,0,0.0
17525,2010-12-15 12:05:00,2010-12-15 12:05:00,259,1,422.7,0,0.0
17526,2010-12-09 12:20:00,2011-02-22 09:10:00,190,3,872.8,74,37.0
17527,2011-05-05 13:43:00,2011-08-22 10:15:00,9,2,606.62,108,108.0
17530,2010-12-09 20:01:00,2011-05-17 16:49:00,106,6,1367.86,158,31.6
17531,2011-06-02 19:17:00,2011-06-02 19:17:00,90,1,296.7,0,0.0
17535,2011-03-04 15:20:00,2011-03-04 15:20:00,180,1,164.4,0,0.0
17536,2011-06-15 13:23:00,2011-06-15 13:23:00,77,1,76.5,0,0.0
17537,2011-02-09 13:37:00,2011-02-09 13:37:00,203,1,630.7,0,0.0
17540,2011-01-27 14:35:00,2011-01-27 14:35:00,216,1,268.8,0,0.0
17542,2011-03-15 11:45:00,2011-03-15 11:45:00,169,1,170.75,0,0.0
17548,2011-04-20 12:01:00,2011-04-20 12:01:00,133,1,103.3,0,0.0
17550,2011-04-10 15:19:00,2011-05-26 14:09:00,97,3,267.16,45,22.5
17551,2010-12-15 14:12:00,2010-12-15 14:12:00,259,1,306.84,0,0.0
17552,2010-12-02 18:45:00,2010-12-02 18:46:00,272,2,298.52,0,0.0
17553,2011-08-02 10:00:00,2011-08-02 10:00:00,29,1,1487.6,0,0.0
17554,2011-07-14 20:01:00,2011-08-09 10:16:00,22,2,1249.8899999999999,25,25.0
17555,2011-01-09 12:31:00,2011-01-09 12:31:00,234,1,195.45,0,0.0
17556,2011-05-18 10:48:00,2011-05-18 10:48:00,105,1,157.9,0,0.0
17560,2011-02-02 11:14:00,2011-07-07 15:06:00,55,3,705.83,155,77.5
17562,2011-06-19 13:06:00,2011-08-22 12:16:00,9,4,661.1,63,21.0
17567,2010-12-02 15:18:00,2011-07-13 17:03:00,49,5,2335.05,223,55.75
17569,2011-01-11 14:15:00,2011-01-11 14:15:00,232,1,344.14,0,0.0
17571,2011-02-14 15:15:00,2011-07-17 12:26:00,45,3,561.2,152,76.0
17572,2010-12-01 12:51:00,2011-04-15 12:10:00,138,2,152.20000000000002,134,134.0
17574,2011-04-11 09:47:00,2011-04-11 09:47:00,142,1,185.65,0,0.0
17576,2010-12-09 16:57:00,2011-08-25 19:55:00,6,13,2181.4,259,21.583333333333332
17578,2011-05-05 18:38:00,2011-05-05 18:38:00,118,1,143.45999999999998,0,0.0
17579,2011-06-13 14:12:00,2011-07-25 09:50:00,37,2,270.86,41,41.0
17580,2010-12-16 15:27:00,2011-04-01 12:41:00,152,3,215.72,105,52.5
17581,2010-12-02 14:47:00,2011-08-22 10:09:00,9,17,6522.29,262,16.375
17582,2011-04-17 13:18:00,2011-04-17 13:18:00,136,1,175.27,0,0.0
17584,2011-08-04 14:12:00,2011-08-04 14:12:00,27,1,749.45,0,0.0
17585,2011-01-05 15:09:00,2011-08-22 13:30:00,9,4,1133.07,228,76.0
17588,2011-04-21 10:31:00,2011-08-31 13:37:00,0,3,1240.2,132,66.0
17589,2011-04-13 13:47:00,2011-07-11 17:07:00,51,3,1843.07,89,44.5
17591,2010-12-07 15:39:00,2011-08-09 12:55:00,22,6,1863.17,244,48.8
17593,2010-12-22 10:29:00,2011-07-18 10:28:00,44,3,2263.52,207,103.5
17594,2011-03-30 10:32:00,2011-03-30 10:32:00,154,1,315.0,0,0.0
17596,2010-12-06 12:34:00,2011-07-26 13:46:00,36,4,1738.73,232,77.33333333333333
17597,2011-05-10 11:54:00,2011-05-10 11:54:00,113,1,2044.3700000000001,0,0.0
17601,2011-04-14 18:02:00,2011-04-14 18:02:00,139,1,116.00999999999999,0,0.0
17602,2011-01-19 16:18:00,2011-08-07 15:52:00,24,2,909.5500000000001,199,199.0
17604,2011-01-31 15:09:00,2011-05-06 13:43:00,117,2,309.36,94,94.0
17609,2011-01-16 16:23:00,2011-02-10 17:54:00,202,2,537.6899999999999,25,25.0
17611,2010-12-13 13:52:00,2011-08-08 10:51:00,23,9,2724.25,237,29.625
17612,2011-02-15 10:40:00,2011-08-19 10:58:00,12,4,1338.87,185,61.666666666666664
17613,2011-02-07 11:20:00,2011-08-14 12:08:00,17,9,2991.29,188,23.5
17615,2011-05-01 15:33:00,2011-08-01 14:06:00,30,3,329.6,91,45.5
17616,2010-12-07 10:04:00,2011-06-19 10:11:00,73,3,571.1999999999999,194,97.0
17618,2010-12-12 16:05:00,2011-04-05 13:07:00,148,2,666.78,113,113.0
17619,2011-01-31 14:18:00,2011-01-31 14:18:00,212,1,218.52,0,0.0
17621,2010-12-20 13:31:00,2011-01-31 13:07:00,212,2,901.7800000000001,41,41.0
17624,2011-05-05 17:59:00,2011-05-05 17:59:00,118,1,400.3,0,0.0
17625,2011-03-27 12:21:00,2011-07-22 13:53:00,40,2,1234.78,117,117.0
17629,2010-12-15 09:58:00,2011-08-11 14:16:00,20,5,798.38,239,59.75
17630,2011-04-21 14:03:00,2011-06-23 11:58:00,69,2,503.6,62,62.0
17631,2011-04-21 13:22:00,2011-07-25 13:37:00,37,2,416.5,95,95.0
17633,2011-08-11 15:43:00,2011-08-28 15:58:00,3,2,648.61,17,17.0
17634,2011-01-06 12:45:00,2011-08-09 14:18:00,22,6,1920.66,215,43.0
17637,2011-08-16 13:25:00,2011-08-16 13:25:00,15,1,338.95,0,0.0
17639,2011-03-08 15:22:00,2011-03-08 15:22:00,176,1,108.5,0,0.0
17642,2011-06-16 12:55:00,2011-08-12 09:11:00,19,2,712.29,56,56.0
17643,2010-12-01 14:38:00,2010-12-01 14:38:00,273,1,101.55,0,0.0
17644,2011-03-24 09:44:00,2011-08-11 14:53:00,20,7,1625.63,140,23.333333333333332
17646,2010-12-09 14:28:00,2011-05-04 13:17:00,119,3,1008.39,145,72.5
17648,2011-04-04 10:29:00,2011-05-31 11:22:00,92,3,1107.39,57,28.5
17649,2011-07-24 15:53:00,2011-07-24 15:53:00,38,1,868.49,0,0.0
17651,2011-06-15 15:57:00,2011-07-07 08:22:00,55,4,1148.01,21,7.0
17652,2011-03-03 14:05:00,2011-07-18 14:04:00,44,6,2713.57,136,27.2
17653,2011-08-11 15:24:00,2011-08-11 15:24:00,20,1,163.24,0,0.0
17654,2011-03-07 13:17:00,2011-03-07 13:17:00,177,1,117.55,0,0.0
17655,2010-12-08 16:45:00,2011-08-15 11:59:00,16,5,1903.33,249,62.25
17656,2011-08-03 10:45:00,2011-08-25 13:24:00,6,3,927.65,22,11.0
17658,2011-05-12 15:23:00,2011-05-12 15:23:00,111,1,317.6,0,0.0
17659,2010-12-02 16:46:00,2011-08-31 15:13:00,0,9,1653.03,271,33.875
17660,2011-07-21 13:37:00,2011-07-21 13:37:00,41,1,196.0,0,0.0
17663,2011-02-25 14:11:00,2011-07-08 11:52:00,54,4,1016.53,132,44.0
17664,2011-05-11 14:17:00,2011-05-11 14:17:00,112,1,326.19,0,0.0
17667,2011-02-14 09:24:00,2011-07-01 09:47:00,61,4,1751.01,137,45.666666666666664
17669,2011-04-04 10:11:00,2011-08-09 13:48:00,22,5,2433.22,127,31.75
17670,2011-04-26 09:12:00,2011-04-26 09:12:00,127,1,205.7,0,0.0
17671,2010-12-09 14:27:00,2011-07-05 12:03:00,57,3,1098.55,207,103.5
17672,2011-02-03 13:29:00,2011-02-03 13:29:00,209,1,1177.84,0,0.0
17673,2011-01-23 15:16:00,2011-06-30 14:38:00,62,4,1209.77,157,52.333333333333336
17674,2010-12-06 10:20:00,2010-12-06 10:20:00,268,1,300.66,0,0.0
17675,2010-12-07 13:22:00,2011-08-30 15:42:00,1,23,14074.19,266,12.090909090909092
17676,2010-12-08 13:49:00,2011-08-22 14:23:00,9,4,730.84,257,85.66666666666667
17677,2010-12-06 08:42:00,2011-08-31 15:08:00,0,20,11684.35,268,14.105263157894736
17678,2011-03-21 11:52:00,2011-03-21 11:52:00,163,1,298.11,0,0.0
17682,2010-12-06 13:35:00,2011-08-16 15:22:00,15,5,1899.3500000000001,253,63.25
17685,2010-12-02 14:42:00,2011-03-18 10:16:00,166,5,1512.72,105,26.25
17686,2011-02-10 10:18:00,2011-08-11 11:44:00,20,5,4589.35,182,45.5
17690,2010-12-01 16:15:00,2011-08-30 09:36:00,1,11,3526.68,271,27.1
17691,2010-12-06 11:10:00,2010-12-16 17:20:00,258,2,290.40000000000003,10,10.0
17692,2010-12-15 13:37:00,2011-08-04 14:01:00,27,4,740.94,232,77.33333333333333
17693,2011-07-25 15:48:00,2011-07-25 15:48:00,37,1,200.47,0,0.0
17694,2011-07-21 12:00:00,2011-07-21 12:00:00,41,1,283.12,0,0.0
17695,2011-06-21 12:35:00,2011-07-31 10:40:00,31,2,765.34,39,39.0
17696,2010-12-10 09:51:00,2011-08-23 13:59:00,8,7,1915.5900000000001,256,42.666666666666664
17697,2011-04-17 15:40:00,2011-04-17 15:40:00,136,1,338.95,0,0.0
17698,2011-03-24 11:34:00,2011-03-24 11:34:00,160,1,154.95,0,0.0
17700,2011-03-03 16:34:00,2011-05-10 13:00:00,113,2,1125.57,67,67.0
17701,2011-04-01 12:25:00,2011-04-01 12:25:00,152,1,417.95,0,0.0
17702,2011-05-17 16:23:00,2011-08-23 09:38:00,8,3,1338.77,97,48.5
17703,2011-07-24 13:30:00,2011-08-22 15:05:00,9,2,490.96,29,29.0
17704,2011-04-14 09:28:00,2011-06-24 09:40:00,68,2,885.19,71,71.0
17705,2011-02-11 10:57:00,2011-08-25 09:53:00,6,6,968.0,194,38.8
17706,2010-12-08 11:02:00,2011-08-31 13:23:00,0,12,8027.5,266,24.181818181818183
17707,2011-01-07 13:30:00,2011-06-07 15:03:00,85,2,152.4,151,151.0
17708,2011-01-19 10:09:00,2011-06-05 10:12:00,87,2,267.08,137,137.0
17709,2011-06-23 11:55:00,2011-06-23 11:55:00,69,1,137.45,0,0.0
17711,2011-02-23 11:32:00,2011-02-23 11:32:00,189,1,220.53000000000003,0,0.0
17714,2011-01-23 10:32:00,2011-01-23 10:32:00,220,1,153.0,0,0.0
17715,2011-05-23 12:32:00,2011-05-23 12:32:00,100,1,326.4,0,0.0
17716,2011-03-17 10:38:00,2011-08-08 11:58:00,23,4,3436.76,144,48.0
17718,2011-04-21 13:39:00,2011-04-21 13:39:00,132,1,139.35,0,0.0
17719,2011-03-29 11:29:00,2011-08-25 14:21:00,6,12,4477.4,149,13.545454545454545
17720,2010-12-07 10:43:00,2011-08-18 16:32:00,13,3,887.6,254,127.0
17722,2010-12-08 12:41:00,2011-06-03 12:39:00,89,3,2100.88,176,88.0
17723,2011-05-09 14:44:00,2011-08-04 18:37:00,27,6,3276.4000000000005,87,17.4
17724,2011-07-24 13:26:00,2011-07-24 13:26:00,38,1,373.1,0,0.0
17725,2011-03-17 19:47:00,2011-08-31 10:06:00,0,8,2507.12,166,23.714285714285715
17730,2011-01-17 14:49:00,2011-08-25 17:21:00,6,8,3055.77,220,31.428571428571427
17731,2011-06-09 14:18:00,2011-08-03 13:39:00,28,3,963.74,54,27.0
17732,2010-12-02 09:29:00,2010-12-02 09:29:00,272,1,303.97,0,0.0
17733,2011-03-23 09:54:00,2011-03-23 09:54:00,161,1,216.95000000000002,0,0.0
17734,2011-04-20 10:04:00,2011-07-26 09:20:00,36,2,540.21,96,96.0
17735,2010-12-07 10:32:00,2011-08-23 13:50:00,8,15,10219.99,259,18.5
17736,2011-08-18 14:33:00,2011-08-18 14:33:00,13,1,307.49,0,0.0
17738,2011-03-02 16:26:00,2011-07-14 09:23:00,48,3,1571.49,133,66.5
17739,2010-12-14 14:26:00,2011-05-27 09:15:00,96,3,1070.77,163,81.5
17742,2011-01-11 10:04:00,2011-08-18 15:28:00,13,2,355.11,219,219.0
17744,2010-12-16 14:17:00,2011-04-03 12:46:00,150,4,1288.96,107,35.666666666666664
17746,2011-04-13 14:31:00,2011-04-13 14:31:00,140,1,110.25,0,0.0
17747,2011-08-19 08:13:00,2011-08-19 08:13:00,12,1,71.4,0,0.0
17749,2011-03-28 13:39:00,2011-06-14 15:45:00,78,2,674.52,78,78.0
17750,2011-06-28 15:44:00,2011-08-18 20:05:00,13,4,1079.72,51,17.0
17752,2010-12-15 16:19:00,2010-12-15 16:19:00,259,1,80.64,0,0.0
17754,2011-03-24 13:54:00,2011-07-20 15:56:00,42,2,575.06,118,118.0
17757,2010-12-02 17:17:00,2011-08-17 13:04:00,14,20,3320.4500000000003,257,13.526315789473685
17758,2011-04-03 15:22:00,2011-07-10 15:12:00,52,4,1436.2,97,32.333333333333336
17759,2011-06-23 13:35:00,2011-06-23 13:41:00,69,2,167.15,0,0.0
17760,2010-12-01 15:08:00,2010-12-01 15:08:00,273,1,172.54,0,0.0
17763,2011-03-21 14:25:00,2011-03-21 14:25:00,163,1,15.0,0,0.0
17764,2011-05-12 16:11:00,2011-05-12 16:11:00,111,1,261.97,0,0.0
17765,2011-03-28 11:58:00,2011-07-04 12:41:00,58,3,371.88,98,49.0
17768,2011-06-26 13:46:00,2011-06-26 13:46:00,66,1,411.33000000000004,0,0.0
17769,2011-01-23 11:15:00,2011-07-24 11:06:00,38,4,1828.73,181,60.333333333333336
17770,2011-03-02 13:35:00,2011-05-25 12:34:00,98,5,1143.27,83,20.75
17771,2011-01-20 14:13:00,2011-01-20 14:13:00,223,1,115.8,0,0.0
17774,2011-02-07 13:13:00,2011-07-17 12:32:00,45,3,989.87,159,79.5
17775,2011-03-30 10:50:00,2011-03-30 10:50:00,154,1,56.4,0,0.0
17777,2011-08-31 14:35:00,2011-08-31 14:35:00,0,1,194.70000000000002,0,0.0
17779,2011-07-19 12:19:00,2011-07-19 12:19:00,43,1,323.09,0,0.0
17781,2011-03-31 19:54:00,2011-07-03 16:00:00,59,2,188.02,93,93.0
17783,2011-04-06 10:07:00,2011-04-06 10:07:00,147,1,112.41,0,0.0
17786,2011-01-26 14:35:00,2011-01-26 14:35:00,217,1,114.85,0,0.0
17787,2010-12-03 13:43:00,2011-07-10 11:24:00,52,4,1865.19,218,72.66666666666667
17788,2011-08-02 10:38:00,2011-08-02 10:38:00,29,1,16.7,0,0.0
17789,2011-03-03 13:14:00,2011-03-03 13:14:00,181,1,225.9,0,0.0
17790,2010-12-10 10:47:00,2011-08-11 14:54:00,20,12,1363.51,244,22.181818181818183
17795,2011-03-20 12:02:00,2011-06-13 12:36:00,79,2,350.39,85,85.0
17796,2010-12-05 12:23:00,2011-01-30 12:42:00,213,3,622.0,56,28.0
17797,2011-06-10 11:29:00,2011-06-10 11:29:00,82,1,272.41,0,0.0
17799,2010-12-13 13:10:00,2011-06-29 12:46:00,63,8,2144.26,197,28.142857142857142
17800,2011-01-09 13:50:00,2011-08-14 12:41:00,17,6,765.3,216,43.2
17802,2010-12-02 13:44:00,2011-06-12 14:57:00,80,2,632.42,192,192.0
17809,2010-12-01 09:41:00,2011-08-02 15:40:00,29,8,2856.71,244,34.857142857142854
17811,2011-01-10 10:58:00,2011-08-19 14:02:00,12,23,4681.26,221,10.045454545454545
17812,2010-12-06 15:27:00,2010-12-06 15:27:00,268,1,217.54999999999998,0,0.0
17816,2010-12-09 14:10:00,2011-03-15 14:20:00,169,2,21.31,96,96.0
17817,2011-03-07 17:30:00,2011-03-07 17:42:00,177,2,269.7,0,0.0
17819,2010-12-03 14:26:00,2011-06-10 10:59:00,82,6,3468.47,188,37.6
17827,2010-12-10 10:18:00,2011-04-11 16:56:00,142,4,1583.81,122,40.666666666666664
17828,2011-06-08 08:31:00,2011-08-22 09:03:00,9,3,1076.66,75,37.5
17829,2011-02-14 12:46:00,2011-02-14 12:46:00,198,1,889.24,0,0.0
17830,2011-02-24 10:15:00,2011-03-23 11:44:00,161,2,287.65000000000003,27,27.0
17837,2011-06-29 16:44:00,2011-07-14 18:44:00,48,3,376.51,15,7.5
17838,2010-12-02 15:55:00,2011-02-20 13:52:00,192,3,1687.7,79,39.5
17841,2010-12-01 14:41:00,2011-08-28 13:18:00,3,78,22365.04,269,3.4935064935064934
17843,2011-02-09 15:33:00,2011-02-09 15:33:00,203,1,205.48,0,0.0
17844,2011-08-25 11:27:00,2011-08-25 11:27:00,6,1,51.559999999999995,0,0.0
17848,2010-12-16 18:38:00,2011-08-03 15:14:00,28,8,821.6,229,32.714285714285715
17849,2011-01-10 11:59:00,2011-05-05 13:46:00,118,4,605.8000000000001,115,38.333333333333336
17850,2010-12-01 08:26:00,2010-12-02 15:27:00,272,34,5391.21,1,0.030303030303030304
17854,2011-04-26 16:53:00,2011-06-07 16:21:00,85,2,311.26,41,41.0
17855,2010-12-02 09:44:00,2010-12-02 09:44:00,272,1,208.97,0,0.0
17856,2011-03-03 11:40:00,2011-04-20 13:13:00,133,3,1142.63,48,24.0
17857,2010-12-09 11:35:00,2011-08-22 13:55:00,9,13,13692.92,256,21.333333333333332
17858,2010-12-05 13:08:00,2011-08-15 14:51:00,16,9,3656.25,253,31.625
17859,2011-02-08 10:32:00,2011-02-08 10:32:00,204,1,148.21,0,0.0
17860,2010-12-06 12:41:00,2010-12-06 12:41:00,268,1,252.8,0,0.0
17861,2011-01-24 11:34:00,2011-07-26 16:55:00,36,5,1301.57,183,45.75
17862,2011-01-20 12:23:00,2011-01-20 12:23:00,223,1,330.9,0,0.0
17863,2010-12-05 13:21:00,2011-07-17 13:48:00,45,4,1785.28,224,74.66666666666667
17864,2011-03-09 11:44:00,2011-03-09 11:44:00,175,1,208.41,0,0.0
17865,2010-12-10 14:53:00,2011-08-24 12:32:00,7,12,7017.34,256,23.272727272727273
17866,2011-07-20 11:07:00,2011-07-20 11:07:00,42,1,329.65000000000003,0,0.0
17867,2011-02-24 12:25:00,2011-07-19 12:42:00,43,4,957.48,145,48.333333333333336
17869,2010-12-06 17:16:00,2011-08-24 16:16:00,7,5,428.18,260,65.0
17870,2010-12-08 08:12:00,2011-08-08 10:40:00,23,6,603.22,243,48.6
17871,2011-05-19 11:32:00,2011-05-19 11:32:00,104,1,155.9,0,0.0
17873,2010-12-01 14:54:00,2011-06-08 14:51:00,84,4,1587.1200000000001,188,62.666666666666664
17874,2011-03-29 11:25:00,2011-06-07 12:54:00,85,6,683.46,70,14.0
17877,2011-06-22 13:00:00,2011-06-22 13:00:00,70,1,237.61,0,0.0
17879,2011-06-19 12:36:00,2011-06-19 12:36:00,73,1,178.52,0,0.0
17880,2010-12-10 10:21:00,2010-12-10 10:21:00,264,1,458.92,0,0.0
17881,2011-02-08 17:16:00,2011-02-08 17:16:00,204,1,133.35,0,0.0
17883,2011-04-07 19:16:00,2011-04-07 19:16:00,146,1,119.35,0,0.0
17884,2010-12-03 12:11:00,2011-02-01 11:08:00,211,3,602.84,59,29.5
17886,2011-04-04 12:34:00,2011-05-13 10:22:00,110,2,396.26,38,38.0
17887,2011-08-02 17:29:00,2011-08-02 17:29:00,29,1,111.35,0,0.0
17888,2010-12-17 13:56:00,2011-07-01 13:17:00,61,4,307.05,195,65.0
17889,2011-01-21 17:14:00,2011-05-11 16:26:00,112,2,203.87,109,109.0
17890,2010-12-13 15:12:00,2011-01-21 11:19:00,222,2,602.09,38,38.0
17891,2011-06-30 20:08:00,2011-06-30 20:08:00,62,1,203.85999999999999,0,0.0
17892,2011-07-07 12:56:00,2011-07-07 12:56:00,55,1,142.1,0,0.0
17893,2011-04-28 13:50:00,2011-04-28 13:50:00,125,1,112.25,0,0.0
17894,2010-12-08 14:50:00,2011-02-27 14:49:00,185,6,867.85,80,16.0
17897,2010-12-01 12:31:00,2011-06-20 11:23:00,72,3,566.6,200,100.0
17898,2011-05-16 17:13:00,2011-05-16 17:13:00,107,1,99.84,0,0.0
17899,2011-07-03 14:58:00,2011-07-03 14:58:00,59,1,155.8,0,0.0
17900,2011-06-02 14:28:00,2011-06-02 14:38:00,90,2,112.19999999999999,0,0.0
17905,2010-12-01 13:21:00,2011-07-06 10:47:00,56,3,618.99,216,108.0
17906,2011-04-06 17:25:00,2011-04-06 17:25:00,147,1,72.9,0,0.0
17908,2010-12-01 11:45:00,2010-12-01 11:45:00,273,1,243.28,0,0.0
17912,2010-12-10 11:11:00,2011-02-02 14:25:00,210,5,311.01,54,13.5
17913,2010-12-19 11:35:00,2010-12-19 11:35:00,255,1,218.05,0,0.0
17917,2010-12-12 12:08:00,2011-03-28 16:37:00,156,2,230.46,106,106.0
17920,2010-12-01 11:49:00,2011-08-26 13:56:00,5,9,2406.82,268,33.5
17921,2011-03-18 13:19:00,2011-07-14 18:56:00,48,3,601.76,118,59.0
17923,2011-03-02 15:15:00,2011-03-02 15:15:00,182,1,207.50000000000003,0,0.0
17924,2010-12-01 10:51:00,2011-02-11 11:38:00,201,2,502.2,72,72.0
17925,2010-12-02 10:10:00,2010-12-02 10:10:00,272,1,244.08,0,0.0
17926,2011-05-20 09:24:00,2011-07-29 14:39:00,33,2,397.29,70,70.0
17928,2011-04-07 18:03:00,2011-04-07 18:03:00,146,1,78.25999999999999,0,0.0
17929,2011-02-04 11:40:00,2011-08-19 08:57:00,12,3,707.0,195,97.5
17930,2011-04-14 15:46:00,2011-06-30 18:44:00,62,2,694.14,77,77.0
17931,2011-03-29 12:31:00,2011-07-28 18:33:00,34,2,408.36,121,121.0
17932,2011-05-12 13:58:00,2011-06-19 10:39:00,73,2,934.51,37,37.0
17935,2011-07-21 11:23:00,2011-07-24 13:18:00,38,2,145.79,3,3.0
17937,2010-12-12 14:43:00,2011-08-17 12:10:00,14,5,3614.52,247,61.75
17939,2011-07-03 12:27:00,2011-07-03 12:27:00,59,1,99.14,0,0.0
17940,2011-02-10 09:29:00,2011-08-23 13:30:00,8,9,3914.44,194,24.25
17941,2011-08-01 08:30:00,2011-08-01 08:30:00,30,1,304.56,0,0.0
17946,2011-03-25 14:34:00,2011-04-20 17:00:00,133,2,149.57999999999998,26,26.0
17948,2011-07-15 12:58:00,2011-07-15 12:58:00,47,1,358.56000000000006,0,0.0
17949,2010-12-03 13:12:00,2011-08-31 10:46:00,0,29,45325.6,270,9.642857142857142
17950,2010-12-09 15:16:00,2010-12-09 15:20:00,265,2,263.17,0,0.0
17951,2010-12-01 12:40:00,2010-12-16 12:55:00,258,2,409.50000000000006,15,15.0
17954,2010-12-03 14:18:00,2011-08-08 13:46:00,23,10,1890.21,247,27.444444444444443
17955,2011-05-04 12:29:00,2011-05-25 12:00:00,98,4,557.3,20,6.666666666666667
17956,2011-04-04 13:47:00,2011-04-04 13:47:00,149,1,12.75,0,0.0
17958,2011-08-15 12:19:00,2011-08-15 12:19:00,16,1,508.46000000000004,0,0.0
17960,2011-06-21 14:15:00,2011-06-21 14:15:00,71,1,73.78,0,0.0
17961,2010-12-02 19:18:00,2011-08-08 12:15:00,23,31,1179.62,248,8.266666666666667
17962,2011-07-20 14:16:00,2011-07-20 14:16:00,42,1,102.83,0,0.0
17964,2010-12-02 13:32:00,2010-12-02 13:32:00,272,1,261.76,0,0.0
17965,2010-12-05 15:54:00,2011-07-28 15:04:00,34,10,1893.98,234,26.0
17966,2011-03-23 17:25:00,2011-07-11 15:28:00,51,4,594.43,109,36.333333333333336
17967,2010-12-03 11:19:00,2010-12-03 11:19:00,271,1,123.07,0,0.0
17968,2010-12-01 12:23:00,2010-12-01 12:23:00,273,1,277.35,0,0.0
17969,2010-12-13 15:34:00,2011-06-26 13:00:00,66,2,228.2,194,194.0
17970,2011-05-12 20:03:00,2011-05-12 20:03:00,111,1,582.59,0,0.0
17972,2011-04-12 12:16:00,2011-04-12 12:16:00,141,1,136.04,0,0.0
17974,2011-05-04 11:50:00,2011-05-04 11:50:00,119,1,172.77,0,0.0
17975,2010-12-08 11:38:00,2011-08-17 10:59:00,14,11,3956.0,251,25.1
17976,2010-12-02 13:49:00,2010-12-02 13:49:00,272,1,353.19,0,0.0
17978,2010-12-09 14:05:00,2010-12-09 14:05:00,265,1,300.91999999999996,0,0.0
17979,2011-03-25 11:34:00,2011-06-24 10:44:00,68,3,504.54,90,45.0
17980,2010-12-15 15:50:00,2011-06-27 12:01:00,65,3,811.45,193,96.5
17984,2011-07-17 15:59:00,2011-07-17 15:59:00,45,1,152.68,0,0.0
17987,2011-06-07 14:22:00,2011-06-07 14:22:00,85,1,198.57,0,0.0
17988,2011-01-17 11:59:00,2011-08-14 15:56:00,17,5,146.0,209,52.25
17990,2010-12-13 12:10:00,2011-04-17 11:44:00,136,3,630.84,124,62.0
17991,2011-04-27 16:39:00,2011-04-28 15:58:00,125,2,93.35,0,0.0
17994,2011-02-22 11:02:00,2011-08-10 11:41:00,21,4,678.49,169,56.333333333333336
17995,2011-03-03 12:30:00,2011-03-03 12:30:00,181,1,76.1,0,0.0
17997,2011-06-28 17:28:00,2011-07-29 17:28:00,33,4,1276.72,31,10.333333333333334
17999,2010-12-08 15:17:00,2010-12-08 15:17:00,266,1,190.34,0,0.0
18004,2010-12-12 13:47:00,2010-12-12 13:47:00,262,1,169.47,0,0.0
18008,2011-01-25 12:26:00,2011-05-20 16:56:00,103,7,2065.41,115,19.166666666666668
18009,2011-04-18 13:36:00,2011-04-18 13:36:00,135,1,257.34,0,0.0
18010,2011-03-28 12:27:00,2011-03-28 12:27:00,156,1,174.8,0,0.0
18011,2010-12-01 17:35:00,2010-12-01 17:35:00,273,1,102.78999999999999,0,0.0
18013,2011-07-07 14:08:00,2011-07-07 14:11:00,55,2,187.29,0,0.0
18016,2010-12-10 17:14:00,2011-06-06 13:31:00,86,3,488.76,177,88.5
18017,2011-02-02 13:57:00,2011-06-23 15:48:00,69,2,344.0,141,141.0
18018,2011-05-24 13:22:00,2011-08-23 17:37:00,8,2,122.14,91,91.0
18024,2011-07-10 12:28:00,2011-07-10 12:40:00,52,2,389.78,0,0.0
18032,2011-01-09 15:32:00,2011-01-09 15:32:00,234,1,73.5,0,0.0
18036,2011-04-08 11:26:00,2011-08-26 12:55:00,5,2,254.54,140,140.0
18037,2010-12-12 16:20:00,2011-07-08 13:39:00,54,6,70.02,207,41.4
18040,2011-04-08 08:27:00,2011-04-08 08:27:00,145,1,239.00000000000003,0,0.0
18041,2010-12-02 11:21:00,2011-08-28 12:28:00,3,16,3084.13,269,17.933333333333334
18043,2010-12-08 12:35:00,2011-05-17 12:40:00,106,2,451.81,160,160.0
18044,2010-12-14 12:25:00,2011-06-26 13:31:00,66,7,1105.53,194,32.333333333333336
18048,2011-05-20 14:54:00,2011-05-20 14:58:00,103,2,172.29000000000002,0,0.0
18050,2010-12-15 14:25:00,2010-12-15 14:25:00,259,1,74.4,0,0.0
18055,2010-12-05 10:52:00,2011-08-03 12:55:00,28,7,3672.86,241,40.166666666666664
18056,2011-02-24 14:27:00,2011-02-24 14:27:00,188,1,363.65,0,0.0
18061,2010-12-08 13:03:00,2011-08-24 08:49:00,7,8,1793.51,258,36.857142857142854
18062,2011-01-06 10:03:00,2011-06-19 14:47:00,73,3,720.52,164,82.0
18064,2011-04-18 15:08:00,2011-07-29 16:39:00,33,2,814.0,102,102.0
18065,2010-12-10 12:44:00,2011-06-09 12:27:00,83,8,1412.15,180,25.714285714285715
18068,2011-02-23 14:50:00,2011-02-23 14:50:00,189,1,101.7,0,0.0
18069,2011-01-16 15:50:00,2011-06-12 15:14:00,80,3,993.87,146,73.0
18071,2010-12-09 10:33:00,2011-03-27 11:59:00,157,2,453.0,108,108.0
18072,2011-06-07 10:44:00,2011-06-07 10:44:00,85,1,247.44,0,0.0
18073,2011-05-26 19:38:00,2011-08-17 14:02:00,14,12,3877.5200000000004,82,7.454545454545454
18074,2010-12-01 09:53:00,2010-12-01 09:53:00,273,1,489.6,0,0.0
18075,2010-12-14 10:48:00,2011-08-25 15:10:00,6,8,1957.75,254,36.285714285714285
18077,2010-12-08 10:21:00,2011-08-28 12:29:00,3,7,1670.94,263,43.833333333333336
18078,2011-03-25 15:08:00,2011-05-06 14:32:00,117,2,336.13,41,41.0
18079,2011-04-15 12:14:00,2011-08-05 11:00:00,26,2,2206.18,111,111.0
18080,2011-04-11 10:10:00,2011-04-11 10:10:00,142,1,841.4999999999999,0,0.0
18081,2011-07-29 11:56:00,2011-08-19 12:23:00,12,2,208.05,21,21.0
18085,2010-12-01 12:08:00,2011-01-13 15:17:00,230,2,689.95,43,43.0
18086,2011-03-10 13:34:00,2011-03-10 13:34:00,174,1,101.34,0,0.0
18087,2011-02-22 10:43:00,2011-02-22 10:43:00,190,1,3202.92,0,0.0
18092,2010-12-09 10:00:00,2011-08-12 12:37:00,19,8,5851.48,246,35.142857142857146
18093,2011-02-10 12:15:00,2011-08-11 14:34:00,20,3,2016.88,182,91.0
18094,2011-02-21 08:50:00,2011-07-26 14:42:00,36,5,2402.3,155,38.75
18095,2011-01-11 12:37:00,2011-01-31 12:50:00,212,2,580.05,20,20.0
18097,2010-12-20 14:49:00,2011-08-05 10:32:00,26,5,2011.4,227,56.75
18099,2011-08-04 15:52:00,2011-08-04 15:52:00,27,1,168.31,0,0.0
18101,2011-07-19 13:05:00,2011-07-19 13:05:00,43,1,110.23,0,0.0
18102,2010-12-07 16:42:00,2011-08-05 15:39:00,26,26,130537.23,240,9.6
18106,2011-01-14 12:23:00,2011-01-14 12:23:00,229,1,430.7,0,0.0
18108,2011-03-30 13:56:00,2011-03-30 13:56:00,154,1,271.0,0,0.0
18109,2010-12-05 10:58:00,2011-08-21 12:21:00,10,17,4457.2699999999995,259,16.1875
18112,2011-06-26 13:56:00,2011-06-26 13:56:00,66,1,196.64,0,0.0
18113,2010-12-06 12:31:00,2010-12-06 12:31:00,268,1,76.32000000000001,0,0.0
18114,2011-02-22 13:20:00,2011-02-22 13:20:00,190,1,220.1,0,0.0
18116,2010-12-10 12:14:00,2011-04-19 16:14:00,134,7,1254.47,130,21.666666666666668
18118,2010-12-05 12:13:00,2011-07-15 10:44:00,47,18,4080.26,221,13.0
18119,2010-12-07 11:59:00,2010-12-07 11:59:00,267,1,181.12,0,0.0
18120,2011-05-09 13:45:00,2011-05-09 13:45:00,114,1,111.15,0,0.0
18121,2011-07-08 12:14:00,2011-07-13 12:53:00,49,2,673.1,5,5.0
18122,2011-07-12 11:37:00,2011-07-12 11:37:00,50,1,119.19,0,0.0
18125,2011-01-27 15:02:00,2011-05-22 11:51:00,101,3,945.14,114,57.0
18127,2011-07-29 10:06:00,2011-07-29 10:06:00,33,1,139.6,0,0.0
18129,2011-04-10 14:16:00,2011-04-10 14:16:00,143,1,112.55000000000001,0,0.0
18133,2011-05-11 14:14:00,2011-05-11 14:14:00,112,1,931.5,0,0.0
18135,2011-06-02 14:04:00,2011-06-02 14:04:00,90,1,109.82000000000001,0,0.0
18136,2011-01-24 12:08:00,2011-05-12 11:59:00,111,2,600.85,107,107.0
18138,2011-02-17 14:51:00,2011-02-17 14:51:00,195,1,152.65,0,0.0
18142,2011-05-08 12:31:00,2011-07-05 13:19:00,57,2,1019.52,58,58.0
18143,2011-07-21 10:44:00,2011-08-15 12:07:00,16,2,1000.16,25,25.0
18144,2010-12-01 13:45:00,2011-08-22 09:21:00,9,9,2165.55,263,32.875
18145,2011-01-31 12:10:00,2011-05-19 10:38:00,104,2,1023.78,107,107.0
18146,2011-05-03 16:35:00,2011-07-22 12:08:00,40,2,160.35,79,79.0
18147,2011-08-23 12:22:00,2011-08-23 12:22:00,8,1,98.88,0,0.0
18149,2011-03-11 12:44:00,2011-05-08 12:48:00,115,2,549.68,58,58.0
18150,2011-05-22 10:47:00,2011-07-22 15:43:00,40,2,413.28,61,61.0
18151,2011-02-23 08:29:00,2011-07-28 11:35:00,34,2,653.35,155,155.0
18155,2011-02-21 10:36:00,2011-06-22 11:59:00,70,2,266.56,121,121.0
18156,2010-12-05 12:29:00,2010-12-05 12:29:00,269,1,206.23000000000002,0,0.0
18159,2011-02-11 14:26:00,2011-02-11 14:26:00,201,1,530.15,0,0.0
18160,2011-05-23 13:41:00,2011-05-23 13:41:00,100,1,318.55,0,0.0
18161,2011-01-24 11:56:00,2011-07-22 13:31:00,40,3,771.26,179,89.5
18165,2011-06-15 13:23:00,2011-06-15 13:23:00,77,1,302.46,0,0.0
18167,2011-08-26 11:40:00,2011-08-26 11:40:00,5,1,498.48,0,0.0
18168,2010-12-02 18:08:00,2011-06-16 19:21:00,76,6,1169.94,196,39.2
18170,2011-05-06 15:13:00,2011-08-19 16:04:00,12,2,655.51,105,105.0
18171,2011-01-10 09:55:00,2011-06-30 09:59:00,62,3,684.4200000000001,171,85.5
18172,2011-02-23 10:44:00,2011-08-04 16:17:00,27,10,5329.32,162,18.0
18173,2011-03-10 11:56:00,2011-05-24 14:25:00,99,3,1728.8400000000001,75,37.5
18176,2010-12-16 15:45:00,2010-12-16 15:45:00,258,1,476.35,0,0.0
18177,2011-03-29 08:46:00,2011-07-05 10:23:00,57,5,1037.82,98,24.5
18178,2010-12-10 12:42:00,2011-08-03 09:30:00,28,4,1590.81,235,78.33333333333333
18179,2011-01-07 14:22:00,2011-04-01 13:21:00,152,4,1103.16,83,27.666666666666668
18180,2011-07-20 08:59:00,2011-07-26 08:51:00,36,2,601.85,5,5.0
18183,2011-03-10 10:08:00,2011-04-26 15:26:00,127,2,632.07,47,47.0
18185,2011-04-04 13:42:00,2011-04-04 13:42:00,149,1,304.25,0,0.0
18188,2011-02-22 14:43:00,2011-02-22 14:43:00,190,1,426.6,0,0.0
18189,2011-03-17 09:49:00,2011-03-17 09:49:00,167,1,633.1,0,0.0
18190,2011-01-13 10:35:00,2011-05-31 14:48:00,92,2,284.46000000000004,138,138.0
18191,2011-03-23 12:08:00,2011-03-23 12:08:00,161,1,207.8,0,0.0
18193,2011-06-27 13:58:00,2011-06-27 13:58:00,65,1,243.76,0,0.0
18196,2011-02-22 16:13:00,2011-02-22 16:13:00,190,1,450.78,0,0.0
18198,2011-01-07 13:39:00,2011-08-31 11:50:00,0,14,4427.39,235,18.076923076923077
18200,2011-08-25 18:45:00,2011-08-25 18:45:00,6,1,163.8,0,0.0
18202,2011-02-01 13:36:00,2011-05-24 12:12:00,99,3,1396.99,111,55.5
18203,2011-07-05 13:07:00,2011-07-05 13:07:00,57,1,160.42000000000002,0,0.0
18204,2011-05-31 15:26:00,2011-08-22 09:10:00,9,2,1367.32,82,82.0
18210,2011-03-17 16:58:00,2011-03-17 16:58:00,167,1,142.4,0,0.0
18211,2011-03-06 12:09:00,2011-07-26 12:24:00,36,2,268.7,142,142.0
18212,2011-01-17 16:14:00,2011-01-17 16:14:00,226,1,248.42,0,0.0
18213,2011-04-17 10:21:00,2011-04-17 10:21:00,136,1,232.48000000000002,0,0.0
18218,2011-03-03 12:24:00,2011-05-12 12:53:00,111,2,662.08,70,70.0
18219,2010-12-06 10:05:00,2011-07-13 13:33:00,49,8,1367.13,219,31.285714285714285
18220,2011-04-27 09:03:00,2011-04-27 09:03:00,126,1,305.28,0,0.0
18221,2011-05-12 14:13:00,2011-08-16 10:50:00,15,3,706.86,95,47.5
18223,2010-12-16 16:42:00,2011-07-19 15:07:00,43,10,3604.61,214,23.77777777777778
18224,2011-03-21 10:30:00,2011-03-21 10:30:00,163,1,158.95000000000002,0,0.0
18225,2010-12-09 15:46:00,2011-08-18 17:57:00,13,7,2730.78,252,42.0
18226,2011-01-06 09:00:00,2011-08-11 10:45:00,20,9,4251.03,217,27.125
18227,2011-05-06 12:23:00,2011-05-06 12:23:00,117,1,93.75,0,0.0
18229,2010-12-01 16:25:00,2011-08-21 10:35:00,10,13,4864.0599999999995,262,21.833333333333332
18230,2011-02-10 13:06:00,2011-06-19 13:01:00,73,4,1643.28,128,42.666666666666664
18231,2011-02-24 09:08:00,2011-05-31 14:18:00,92,5,2083.27,96,24.0
18232,2011-05-26 16:30:00,2011-07-05 11:10:00,57,3,500.62,39,19.5
18233,2011-01-18 08:44:00,2011-01-18 08:44:00,225,1,440.0,0,0.0
18235,2011-05-06 13:35:00,2011-08-11 15:56:00,20,2,749.8,97,97.0
18236,2011-04-13 09:52:00,2011-08-02 15:53:00,29,4,641.19,111,37.0
18237,2011-07-28 13:05:00,2011-08-12 12:44:00,19,2,566.59,14,14.0
18239,2010-12-02 17:48:00,2011-05-05 12:38:00,118,5,1561.6100000000001,153,38.25
18241,2011-05-06 09:22:00,2011-08-25 10:55:00,6,10,1205.78,111,12.333333333333334
18242,2011-05-10 11:20:00,2011-05-27 14:22:00,96,2,694.08,17,17.0
18245,2010-12-19 14:58:00,2011-07-13 14:29:00,49,6,1672.81,205,41.0
18246,2011-04-20 13:55:00,2011-04-20 13:55:00,133,1,232.9,0,0.0
18248,2011-06-06 13:18:00,2011-08-09 10:19:00,22,2,804.02,63,63.0
18250,2011-02-02 13:16:00,2011-02-02 13:16:00,210,1,349.27,0,0.0
18252,2011-06-21 11:47:00,2011-06-21 11:47:00,71,1,69.89999999999999,0,0.0
18257,2011-02-16 15:13:00,2011-08-17 14:47:00,14,5,1562.8700000000001,181,45.25
18259,2010-12-08 13:38:00,2010-12-08 13:38:00,266,1,376.3,0,0.0
18260,2010-12-16 18:23:00,2011-06-20 12:37:00,72,6,2643.2000000000003,185,37.0
18262,2011-07-22 16:04:00,2011-07-22 16:04:00,40,1,149.48,0,0.0
18263,2011-04-01 11:48:00,2011-07-07 10:04:00,55,2,811.4,96,96.0
18265,2011-07-04 15:26:00,2011-07-04 15:26:00,58,1,488.55,0,0.0
18268,2011-07-28 19:13:00,2011-07-28 19:13:00,34,1,25.5,0,0.0
18269,2010-12-08 13:53:00,2010-12-08 13:53:00,266,1,168.60000000000002,0,0.0
18270,2011-03-18 12:41:00,2011-03-18 12:41:00,166,1,111.95,0,0.0
18272,2011-04-07 09:35:00,2011-08-18 12:06:00,13,4,2106.45,133,44.333333333333336
18273,2011-03-27 11:22:00,2011-03-27 11:22:00,157,1,51.0,0,0.0
18280,2011-03-07 09:52:00,2011-03-07 09:52:00,177,1,180.60000000000002,0,0.0
18281,2011-06-12 10:53:00,2011-06-12 10:53:00,80,1,80.82,0,0.0
18282,2011-08-05 13:35:00,2011-08-05 13:35:00,26,1,100.21000000000001,0,0.0
18283,2011-01-06 14:14:00,2011-07-14 13:20:00,48,9,985.77,188,23.5
18287,2011-05-22 10:39:00,2011-05-22 10:39:00,101,1,765.28,0,0.0
